candidate_id,canonical_candidate_id,model_kind,phase,reason,global_features,cluster_0_additions,cluster_1_additions
seed_v0,baseline_v0_calibration,exact,seed,already_evaluated,A_d_E_SAR_diff_kobs30;A_d_LST_modis_kobs30;A_d_SMAP_sm_interp_kobs30;A_d_s2_b11_kobs30;A_grad_E_SAR_diff_kobs30;A_grad_LST_modis_kobs30;A_grad_SMAP_sm_interp_kobs30;A_grad_s2_b11_kobs30;C_lag_F_NDVI_kobs30;D_sa_F_NDMI;D_sa_LST_modis;D_z_E_SAR_ratio;E_SAR_ratio;F_MSI;J_aspect_deg;J_bio_bio15;K_aspect_cos;K_aspect_sin;SMAP_sm_pm_interp_lag30;SMAP_sm_pm_interp_rollrange30;SMAP_x_year;V_ema_F_NDVI_kobs30;V_ema_LST_modis_kobs30;V_rollmax_G_API_kobs7;V_rollmean_F_NDMI_kobs30;V_rollmin_s2_b12_kobs30;V_rollrng_F_NDVI_kobs30;aspect;latitude;lia_std_asc_deg;s2_b8;slope;A_grad_LST_modis_kobs14;V_rollmax_E_SAR_ratio_kobs7;A_d_LST_modis_kobs14;J_clay_wfrac_b100;V_ema_G_API_kobs30;V_rollmin_G_API_kobs14;V_rollrng_LST_modis_kobs30;V_rollrng_G_API_kobs30;A_d_SMAP_sm_interp_kobs5;C_lag_F_NDMI_kobs30;V_rollrng_E_SAR_ratio_kobs30;J_bio_bio02;SMAP_sm_pm_interp_rollmean30;V_rollmax_E_SAR_ratio_kobs30;V_rollmax_G_API_kobs30;s2_b11;V_rollrng_F_NDVI_kobs14;V_ema_SMAP_sm_interp_kobs30,,
seed_legacy_8_2_forced_bypass,baseline_v0_calibration,exact,seed,already_evaluated,A_d_E_SAR_diff_kobs30;A_d_LST_modis_kobs30;A_d_SMAP_sm_interp_kobs30;A_d_s2_b11_kobs30;A_grad_E_SAR_diff_kobs30;A_grad_LST_modis_kobs30;A_grad_SMAP_sm_interp_kobs30;A_grad_s2_b11_kobs30;C_lag_F_NDVI_kobs30;D_sa_F_NDMI;D_sa_LST_modis;D_z_E_SAR_ratio;E_SAR_ratio;F_MSI;J_aspect_deg;J_bio_bio15;K_aspect_cos;K_aspect_sin;SMAP_sm_pm_interp_lag30;SMAP_sm_pm_interp_rollrange30;SMAP_x_year;V_ema_F_NDVI_kobs30;V_ema_LST_modis_kobs30;V_rollmax_G_API_kobs7;V_rollmean_F_NDMI_kobs30;V_rollmin_s2_b12_kobs30;V_rollrng_F_NDVI_kobs30;aspect;latitude;lia_std_asc_deg;s2_b8;slope;A_grad_LST_modis_kobs14;V_rollmax_E_SAR_ratio_kobs7;A_d_LST_modis_kobs14;J_clay_wfrac_b100;V_ema_G_API_kobs30;V_rollmin_G_API_kobs14;V_rollrng_LST_modis_kobs30;V_rollrng_G_API_kobs30;A_d_SMAP_sm_interp_kobs5;C_lag_F_NDMI_kobs30;V_rollrng_E_SAR_ratio_kobs30;J_bio_bio02;SMAP_sm_pm_interp_rollmean30;V_rollmax_E_SAR_ratio_kobs30;V_rollmax_G_API_kobs30;s2_b11;V_rollrng_F_NDVI_kobs14;V_ema_SMAP_sm_interp_kobs30,,
round_02_swap_D_fft_ent_LST_modis_kobs30_for_DOY,round_01_drop_D_fft_ent_LST_modis_kobs30,proxy,round_2_proxy,already_evaluated,precip_mm;s2_b4;s2_b8;DOY;SMAP_sm_pm_interp;D_sin_DOY;D_cos_DOY;E_SAR_ratio;G_API;G_DSLR;G_rain_sum_3d;G_rain_sum_7d;SMAP_sm_pm_interp_lag7;SMAP_sm_pm_interp_lag30;SMAP_sm_pm_interp_rollrange7;SMAP_sm_pm_interp_rollmean30;SMAP_sm_pm_interp_rollrange30;SMAP_sm_interp_rollrange7;SMAP_ampm_diff_interp;V_rollrng_G_API_kobs7;V_rollmax_F_NDMI_kobs30;A_d_E_SAR_ratio_kobs30;V_rollmax_E_SAR_ratio_kobs7;V_rollmin_E_SAR_ratio_kobs30;V_rollmax_E_SAR_ratio_kobs30;V_rollmin_LST_modis_kobs30;V_rollmax_LST_modis_kobs30;V_ema_LST_modis_kobs30;C_lag_LST_modis_kobs30;V_rollmax_F_NDVI_kobs14;V_rollrng_F_NDVI_kobs30;V_rollmax_F_NDVI_kobs30;V_ema_F_NDVI_kobs30;C_lag_F_NDVI_kobs30;A_grad_E_SAR_diff_kobs30;V_rollmax_E_SAR_diff_kobs14;V_rollrng_E_SAR_diff_kobs30;V_rollmin_E_SAR_diff_kobs30;V_rollmax_E_SAR_diff_kobs30;A_grad_s2_b11_kobs30;V_rollrng_s2_b11_kobs30;V_rollmin_s2_b11_kobs30;V_rollmin_s2_b12_kobs30;A_d_SMAP_sm_interp_kobs30;V_rollmin_SMAP_sm_interp_kobs14;V_rollmin_SMAP_sm_interp_kobs30;E_rough_s1_vh_kobs14;J_aspect_deg;J_bio_bio02;J_bio_bio13;J_lc_code;J_soil_texture_usda_b0;year_frac;sin_year;cos_year;SMAP_x_year;D_z_F_NDMI;D_z_LST_modis;D_fft_dom_LST_modis_kobs30,,
round_02_swap_D_fft_dom_LST_modis_kobs30_for_DOY,round_01_drop_D_fft_dom_LST_modis_kobs30,proxy,round_2_proxy,already_evaluated,precip_mm;s2_b4;s2_b8;DOY;SMAP_sm_pm_interp;D_sin_DOY;D_cos_DOY;E_SAR_ratio;G_API;G_DSLR;G_rain_sum_3d;G_rain_sum_7d;SMAP_sm_pm_interp_lag7;SMAP_sm_pm_interp_lag30;SMAP_sm_pm_interp_rollrange7;SMAP_sm_pm_interp_rollmean30;SMAP_sm_pm_interp_rollrange30;SMAP_sm_interp_rollrange7;SMAP_ampm_diff_interp;V_rollrng_G_API_kobs7;V_rollmax_F_NDMI_kobs30;A_d_E_SAR_ratio_kobs30;V_rollmax_E_SAR_ratio_kobs7;V_rollmin_E_SAR_ratio_kobs30;V_rollmax_E_SAR_ratio_kobs30;V_rollmin_LST_modis_kobs30;V_rollmax_LST_modis_kobs30;V_ema_LST_modis_kobs30;C_lag_LST_modis_kobs30;V_rollmax_F_NDVI_kobs14;V_rollrng_F_NDVI_kobs30;V_rollmax_F_NDVI_kobs30;V_ema_F_NDVI_kobs30;C_lag_F_NDVI_kobs30;A_grad_E_SAR_diff_kobs30;V_rollmax_E_SAR_diff_kobs14;V_rollrng_E_SAR_diff_kobs30;V_rollmin_E_SAR_diff_kobs30;V_rollmax_E_SAR_diff_kobs30;A_grad_s2_b11_kobs30;V_rollrng_s2_b11_kobs30;V_rollmin_s2_b11_kobs30;V_rollmin_s2_b12_kobs30;A_d_SMAP_sm_interp_kobs30;V_rollmin_SMAP_sm_interp_kobs14;V_rollmin_SMAP_sm_interp_kobs30;E_rough_s1_vh_kobs14;J_aspect_deg;J_bio_bio02;J_bio_bio13;J_lc_code;J_soil_texture_usda_b0;year_frac;sin_year;cos_year;SMAP_x_year;D_z_F_NDMI;D_z_LST_modis;D_fft_ent_LST_modis_kobs30,,
round_02_swap_D_z_F_NDMI_for_DOY,round_01_drop_D_z_F_NDMI,proxy,round_2_proxy,already_evaluated,precip_mm;s2_b4;s2_b8;DOY;SMAP_sm_pm_interp;D_sin_DOY;D_cos_DOY;E_SAR_ratio;G_API;G_DSLR;G_rain_sum_3d;G_rain_sum_7d;SMAP_sm_pm_interp_lag7;SMAP_sm_pm_interp_lag30;SMAP_sm_pm_interp_rollrange7;SMAP_sm_pm_interp_rollmean30;SMAP_sm_pm_interp_rollrange30;SMAP_sm_interp_rollrange7;SMAP_ampm_diff_interp;V_rollrng_G_API_kobs7;V_rollmax_F_NDMI_kobs30;A_d_E_SAR_ratio_kobs30;V_rollmax_E_SAR_ratio_kobs7;V_rollmin_E_SAR_ratio_kobs30;V_rollmax_E_SAR_ratio_kobs30;V_rollmin_LST_modis_kobs30;V_rollmax_LST_modis_kobs30;V_ema_LST_modis_kobs30;C_lag_LST_modis_kobs30;V_rollmax_F_NDVI_kobs14;V_rollrng_F_NDVI_kobs30;V_rollmax_F_NDVI_kobs30;V_ema_F_NDVI_kobs30;C_lag_F_NDVI_kobs30;A_grad_E_SAR_diff_kobs30;V_rollmax_E_SAR_diff_kobs14;V_rollrng_E_SAR_diff_kobs30;V_rollmin_E_SAR_diff_kobs30;V_rollmax_E_SAR_diff_kobs30;A_grad_s2_b11_kobs30;V_rollrng_s2_b11_kobs30;V_rollmin_s2_b11_kobs30;V_rollmin_s2_b12_kobs30;A_d_SMAP_sm_interp_kobs30;V_rollmin_SMAP_sm_interp_kobs14;V_rollmin_SMAP_sm_interp_kobs30;E_rough_s1_vh_kobs14;J_aspect_deg;J_bio_bio02;J_bio_bio13;J_lc_code;J_soil_texture_usda_b0;year_frac;sin_year;cos_year;SMAP_x_year;D_z_LST_modis;D_fft_dom_LST_modis_kobs30;D_fft_ent_LST_modis_kobs30,,
round_02_swap_cos_year_for_DOY,round_01_drop_cos_year,proxy,round_2_proxy,already_evaluated,precip_mm;s2_b4;s2_b8;DOY;SMAP_sm_pm_interp;D_sin_DOY;D_cos_DOY;E_SAR_ratio;G_API;G_DSLR;G_rain_sum_3d;G_rain_sum_7d;SMAP_sm_pm_interp_lag7;SMAP_sm_pm_interp_lag30;SMAP_sm_pm_interp_rollrange7;SMAP_sm_pm_interp_rollmean30;SMAP_sm_pm_interp_rollrange30;SMAP_sm_interp_rollrange7;SMAP_ampm_diff_interp;V_rollrng_G_API_kobs7;V_rollmax_F_NDMI_kobs30;A_d_E_SAR_ratio_kobs30;V_rollmax_E_SAR_ratio_kobs7;V_rollmin_E_SAR_ratio_kobs30;V_rollmax_E_SAR_ratio_kobs30;V_rollmin_LST_modis_kobs30;V_rollmax_LST_modis_kobs30;V_ema_LST_modis_kobs30;C_lag_LST_modis_kobs30;V_rollmax_F_NDVI_kobs14;V_rollrng_F_NDVI_kobs30;V_rollmax_F_NDVI_kobs30;V_ema_F_NDVI_kobs30;C_lag_F_NDVI_kobs30;A_grad_E_SAR_diff_kobs30;V_rollmax_E_SAR_diff_kobs14;V_rollrng_E_SAR_diff_kobs30;V_rollmin_E_SAR_diff_kobs30;V_rollmax_E_SAR_diff_kobs30;A_grad_s2_b11_kobs30;V_rollrng_s2_b11_kobs30;V_rollmin_s2_b11_kobs30;V_rollmin_s2_b12_kobs30;A_d_SMAP_sm_interp_kobs30;V_rollmin_SMAP_sm_interp_kobs14;V_rollmin_SMAP_sm_interp_kobs30;E_rough_s1_vh_kobs14;J_aspect_deg;J_bio_bio02;J_bio_bio13;J_lc_code;J_soil_texture_usda_b0;year_frac;sin_year;SMAP_x_year;D_z_F_NDMI;D_z_LST_modis;D_fft_dom_LST_modis_kobs30;D_fft_ent_LST_modis_kobs30,,
round_02_swap_sin_year_for_DOY,round_01_drop_sin_year,proxy,round_2_proxy,already_evaluated,precip_mm;s2_b4;s2_b8;DOY;SMAP_sm_pm_interp;D_sin_DOY;D_cos_DOY;E_SAR_ratio;G_API;G_DSLR;G_rain_sum_3d;G_rain_sum_7d;SMAP_sm_pm_interp_lag7;SMAP_sm_pm_interp_lag30;SMAP_sm_pm_interp_rollrange7;SMAP_sm_pm_interp_rollmean30;SMAP_sm_pm_interp_rollrange30;SMAP_sm_interp_rollrange7;SMAP_ampm_diff_interp;V_rollrng_G_API_kobs7;V_rollmax_F_NDMI_kobs30;A_d_E_SAR_ratio_kobs30;V_rollmax_E_SAR_ratio_kobs7;V_rollmin_E_SAR_ratio_kobs30;V_rollmax_E_SAR_ratio_kobs30;V_rollmin_LST_modis_kobs30;V_rollmax_LST_modis_kobs30;V_ema_LST_modis_kobs30;C_lag_LST_modis_kobs30;V_rollmax_F_NDVI_kobs14;V_rollrng_F_NDVI_kobs30;V_rollmax_F_NDVI_kobs30;V_ema_F_NDVI_kobs30;C_lag_F_NDVI_kobs30;A_grad_E_SAR_diff_kobs30;V_rollmax_E_SAR_diff_kobs14;V_rollrng_E_SAR_diff_kobs30;V_rollmin_E_SAR_diff_kobs30;V_rollmax_E_SAR_diff_kobs30;A_grad_s2_b11_kobs30;V_rollrng_s2_b11_kobs30;V_rollmin_s2_b11_kobs30;V_rollmin_s2_b12_kobs30;A_d_SMAP_sm_interp_kobs30;V_rollmin_SMAP_sm_interp_kobs14;V_rollmin_SMAP_sm_interp_kobs30;E_rough_s1_vh_kobs14;J_aspect_deg;J_bio_bio02;J_bio_bio13;J_lc_code;J_soil_texture_usda_b0;year_frac;cos_year;SMAP_x_year;D_z_F_NDMI;D_z_LST_modis;D_fft_dom_LST_modis_kobs30;D_fft_ent_LST_modis_kobs30,,
round_02_swap_J_soil_texture_usda_b0_for_DOY,round_01_drop_J_soil_texture_usda_b0,proxy,round_2_proxy,already_evaluated,precip_mm;s2_b4;s2_b8;DOY;SMAP_sm_pm_interp;D_sin_DOY;D_cos_DOY;E_SAR_ratio;G_API;G_DSLR;G_rain_sum_3d;G_rain_sum_7d;SMAP_sm_pm_interp_lag7;SMAP_sm_pm_interp_lag30;SMAP_sm_pm_interp_rollrange7;SMAP_sm_pm_interp_rollmean30;SMAP_sm_pm_interp_rollrange30;SMAP_sm_interp_rollrange7;SMAP_ampm_diff_interp;V_rollrng_G_API_kobs7;V_rollmax_F_NDMI_kobs30;A_d_E_SAR_ratio_kobs30;V_rollmax_E_SAR_ratio_kobs7;V_rollmin_E_SAR_ratio_kobs30;V_rollmax_E_SAR_ratio_kobs30;V_rollmin_LST_modis_kobs30;V_rollmax_LST_modis_kobs30;V_ema_LST_modis_kobs30;C_lag_LST_modis_kobs30;V_rollmax_F_NDVI_kobs14;V_rollrng_F_NDVI_kobs30;V_rollmax_F_NDVI_kobs30;V_ema_F_NDVI_kobs30;C_lag_F_NDVI_kobs30;A_grad_E_SAR_diff_kobs30;V_rollmax_E_SAR_diff_kobs14;V_rollrng_E_SAR_diff_kobs30;V_rollmin_E_SAR_diff_kobs30;V_rollmax_E_SAR_diff_kobs30;A_grad_s2_b11_kobs30;V_rollrng_s2_b11_kobs30;V_rollmin_s2_b11_kobs30;V_rollmin_s2_b12_kobs30;A_d_SMAP_sm_interp_kobs30;V_rollmin_SMAP_sm_interp_kobs14;V_rollmin_SMAP_sm_interp_kobs30;E_rough_s1_vh_kobs14;J_aspect_deg;J_bio_bio02;J_bio_bio13;J_lc_code;year_frac;sin_year;cos_year;SMAP_x_year;D_z_F_NDMI;D_z_LST_modis;D_fft_dom_LST_modis_kobs30;D_fft_ent_LST_modis_kobs30,,
round_02_swap_J_lc_code_for_DOY,round_01_drop_J_lc_code,proxy,round_2_proxy,already_evaluated,precip_mm;s2_b4;s2_b8;DOY;SMAP_sm_pm_interp;D_sin_DOY;D_cos_DOY;E_SAR_ratio;G_API;G_DSLR;G_rain_sum_3d;G_rain_sum_7d;SMAP_sm_pm_interp_lag7;SMAP_sm_pm_interp_lag30;SMAP_sm_pm_interp_rollrange7;SMAP_sm_pm_interp_rollmean30;SMAP_sm_pm_interp_rollrange30;SMAP_sm_interp_rollrange7;SMAP_ampm_diff_interp;V_rollrng_G_API_kobs7;V_rollmax_F_NDMI_kobs30;A_d_E_SAR_ratio_kobs30;V_rollmax_E_SAR_ratio_kobs7;V_rollmin_E_SAR_ratio_kobs30;V_rollmax_E_SAR_ratio_kobs30;V_rollmin_LST_modis_kobs30;V_rollmax_LST_modis_kobs30;V_ema_LST_modis_kobs30;C_lag_LST_modis_kobs30;V_rollmax_F_NDVI_kobs14;V_rollrng_F_NDVI_kobs30;V_rollmax_F_NDVI_kobs30;V_ema_F_NDVI_kobs30;C_lag_F_NDVI_kobs30;A_grad_E_SAR_diff_kobs30;V_rollmax_E_SAR_diff_kobs14;V_rollrng_E_SAR_diff_kobs30;V_rollmin_E_SAR_diff_kobs30;V_rollmax_E_SAR_diff_kobs30;A_grad_s2_b11_kobs30;V_rollrng_s2_b11_kobs30;V_rollmin_s2_b11_kobs30;V_rollmin_s2_b12_kobs30;A_d_SMAP_sm_interp_kobs30;V_rollmin_SMAP_sm_interp_kobs14;V_rollmin_SMAP_sm_interp_kobs30;E_rough_s1_vh_kobs14;J_aspect_deg;J_bio_bio02;J_bio_bio13;J_soil_texture_usda_b0;year_frac;sin_year;cos_year;SMAP_x_year;D_z_F_NDMI;D_z_LST_modis;D_fft_dom_LST_modis_kobs30;D_fft_ent_LST_modis_kobs30,,
round_02_swap_J_bio_bio13_for_DOY,round_01_drop_J_bio_bio13,proxy,round_2_proxy,already_evaluated,precip_mm;s2_b4;s2_b8;DOY;SMAP_sm_pm_interp;D_sin_DOY;D_cos_DOY;E_SAR_ratio;G_API;G_DSLR;G_rain_sum_3d;G_rain_sum_7d;SMAP_sm_pm_interp_lag7;SMAP_sm_pm_interp_lag30;SMAP_sm_pm_interp_rollrange7;SMAP_sm_pm_interp_rollmean30;SMAP_sm_pm_interp_rollrange30;SMAP_sm_interp_rollrange7;SMAP_ampm_diff_interp;V_rollrng_G_API_kobs7;V_rollmax_F_NDMI_kobs30;A_d_E_SAR_ratio_kobs30;V_rollmax_E_SAR_ratio_kobs7;V_rollmin_E_SAR_ratio_kobs30;V_rollmax_E_SAR_ratio_kobs30;V_rollmin_LST_modis_kobs30;V_rollmax_LST_modis_kobs30;V_ema_LST_modis_kobs30;C_lag_LST_modis_kobs30;V_rollmax_F_NDVI_kobs14;V_rollrng_F_NDVI_kobs30;V_rollmax_F_NDVI_kobs30;V_ema_F_NDVI_kobs30;C_lag_F_NDVI_kobs30;A_grad_E_SAR_diff_kobs30;V_rollmax_E_SAR_diff_kobs14;V_rollrng_E_SAR_diff_kobs30;V_rollmin_E_SAR_diff_kobs30;V_rollmax_E_SAR_diff_kobs30;A_grad_s2_b11_kobs30;V_rollrng_s2_b11_kobs30;V_rollmin_s2_b11_kobs30;V_rollmin_s2_b12_kobs30;A_d_SMAP_sm_interp_kobs30;V_rollmin_SMAP_sm_interp_kobs14;V_rollmin_SMAP_sm_interp_kobs30;E_rough_s1_vh_kobs14;J_aspect_deg;J_bio_bio02;J_lc_code;J_soil_texture_usda_b0;year_frac;sin_year;cos_year;SMAP_x_year;D_z_F_NDMI;D_z_LST_modis;D_fft_dom_LST_modis_kobs30;D_fft_ent_LST_modis_kobs30,,
round_03_add_DOY,round_01_drop_V_rollmin_E_SAR_diff_kobs30,proxy,round_3_proxy,already_evaluated,precip_mm;s2_b4;s2_b8;DOY;SMAP_sm_pm_interp;D_sin_DOY;D_cos_DOY;E_SAR_ratio;G_API;G_DSLR;G_rain_sum_3d;G_rain_sum_7d;SMAP_sm_pm_interp_lag7;SMAP_sm_pm_interp_lag30;SMAP_sm_pm_interp_rollrange7;SMAP_sm_pm_interp_rollmean30;SMAP_sm_pm_interp_rollrange30;SMAP_sm_interp_rollrange7;SMAP_ampm_diff_interp;V_rollrng_G_API_kobs7;V_rollmax_F_NDMI_kobs30;A_d_E_SAR_ratio_kobs30;V_rollmax_E_SAR_ratio_kobs7;V_rollmin_E_SAR_ratio_kobs30;V_rollmax_E_SAR_ratio_kobs30;V_rollmin_LST_modis_kobs30;V_rollmax_LST_modis_kobs30;V_ema_LST_modis_kobs30;C_lag_LST_modis_kobs30;V_rollmax_F_NDVI_kobs14;V_rollrng_F_NDVI_kobs30;V_rollmax_F_NDVI_kobs30;V_ema_F_NDVI_kobs30;C_lag_F_NDVI_kobs30;A_grad_E_SAR_diff_kobs30;V_rollmax_E_SAR_diff_kobs14;V_rollrng_E_SAR_diff_kobs30;V_rollmax_E_SAR_diff_kobs30;A_grad_s2_b11_kobs30;V_rollrng_s2_b11_kobs30;V_rollmin_s2_b11_kobs30;V_rollmin_s2_b12_kobs30;A_d_SMAP_sm_interp_kobs30;V_rollmin_SMAP_sm_interp_kobs14;V_rollmin_SMAP_sm_interp_kobs30;E_rough_s1_vh_kobs14;J_aspect_deg;J_bio_bio02;J_bio_bio13;J_lc_code;J_soil_texture_usda_b0;year_frac;sin_year;cos_year;SMAP_x_year;D_z_F_NDMI;D_z_LST_modis;D_fft_dom_LST_modis_kobs30;D_fft_ent_LST_modis_kobs30,,
round_03_add_V_rollmin_E_SAR_diff_kobs30,round_01_drop_DOY,proxy,round_3_proxy,already_evaluated,precip_mm;s2_b4;s2_b8;SMAP_sm_pm_interp;D_sin_DOY;D_cos_DOY;E_SAR_ratio;G_API;G_DSLR;G_rain_sum_3d;G_rain_sum_7d;SMAP_sm_pm_interp_lag7;SMAP_sm_pm_interp_lag30;SMAP_sm_pm_interp_rollrange7;SMAP_sm_pm_interp_rollmean30;SMAP_sm_pm_interp_rollrange30;SMAP_sm_interp_rollrange7;SMAP_ampm_diff_interp;V_rollrng_G_API_kobs7;V_rollmax_F_NDMI_kobs30;A_d_E_SAR_ratio_kobs30;V_rollmax_E_SAR_ratio_kobs7;V_rollmin_E_SAR_ratio_kobs30;V_rollmax_E_SAR_ratio_kobs30;V_rollmin_LST_modis_kobs30;V_rollmax_LST_modis_kobs30;V_ema_LST_modis_kobs30;C_lag_LST_modis_kobs30;V_rollmax_F_NDVI_kobs14;V_rollrng_F_NDVI_kobs30;V_rollmax_F_NDVI_kobs30;V_ema_F_NDVI_kobs30;C_lag_F_NDVI_kobs30;A_grad_E_SAR_diff_kobs30;V_rollmax_E_SAR_diff_kobs14;V_rollrng_E_SAR_diff_kobs30;V_rollmin_E_SAR_diff_kobs30;V_rollmax_E_SAR_diff_kobs30;A_grad_s2_b11_kobs30;V_rollrng_s2_b11_kobs30;V_rollmin_s2_b11_kobs30;V_rollmin_s2_b12_kobs30;A_d_SMAP_sm_interp_kobs30;V_rollmin_SMAP_sm_interp_kobs14;V_rollmin_SMAP_sm_interp_kobs30;E_rough_s1_vh_kobs14;J_aspect_deg;J_bio_bio02;J_bio_bio13;J_lc_code;J_soil_texture_usda_b0;year_frac;sin_year;cos_year;SMAP_x_year;D_z_F_NDMI;D_z_LST_modis;D_fft_dom_LST_modis_kobs30;D_fft_ent_LST_modis_kobs30,,
round_03_swap_D_fft_ent_LST_modis_kobs30_for_V_rollmin_E_SAR_diff_kobs30,round_02_drop_D_fft_ent_LST_modis_kobs30,proxy,round_3_proxy,already_evaluated,precip_mm;s2_b4;s2_b8;SMAP_sm_pm_interp;D_sin_DOY;D_cos_DOY;E_SAR_ratio;G_API;G_DSLR;G_rain_sum_3d;G_rain_sum_7d;SMAP_sm_pm_interp_lag7;SMAP_sm_pm_interp_lag30;SMAP_sm_pm_interp_rollrange7;SMAP_sm_pm_interp_rollmean30;SMAP_sm_pm_interp_rollrange30;SMAP_sm_interp_rollrange7;SMAP_ampm_diff_interp;V_rollrng_G_API_kobs7;V_rollmax_F_NDMI_kobs30;A_d_E_SAR_ratio_kobs30;V_rollmax_E_SAR_ratio_kobs7;V_rollmin_E_SAR_ratio_kobs30;V_rollmax_E_SAR_ratio_kobs30;V_rollmin_LST_modis_kobs30;V_rollmax_LST_modis_kobs30;V_ema_LST_modis_kobs30;C_lag_LST_modis_kobs30;V_rollmax_F_NDVI_kobs14;V_rollrng_F_NDVI_kobs30;V_rollmax_F_NDVI_kobs30;V_ema_F_NDVI_kobs30;C_lag_F_NDVI_kobs30;A_grad_E_SAR_diff_kobs30;V_rollmax_E_SAR_diff_kobs14;V_rollrng_E_SAR_diff_kobs30;V_rollmin_E_SAR_diff_kobs30;V_rollmax_E_SAR_diff_kobs30;A_grad_s2_b11_kobs30;V_rollrng_s2_b11_kobs30;V_rollmin_s2_b11_kobs30;V_rollmin_s2_b12_kobs30;A_d_SMAP_sm_interp_kobs30;V_rollmin_SMAP_sm_interp_kobs14;V_rollmin_SMAP_sm_interp_kobs30;E_rough_s1_vh_kobs14;J_aspect_deg;J_bio_bio02;J_bio_bio13;J_lc_code;J_soil_texture_usda_b0;year_frac;sin_year;cos_year;SMAP_x_year;D_z_F_NDMI;D_z_LST_modis;D_fft_dom_LST_modis_kobs30,,
round_03_swap_D_fft_dom_LST_modis_kobs30_for_V_rollmin_E_SAR_diff_kobs30,round_02_drop_D_fft_dom_LST_modis_kobs30,proxy,round_3_proxy,already_evaluated,precip_mm;s2_b4;s2_b8;SMAP_sm_pm_interp;D_sin_DOY;D_cos_DOY;E_SAR_ratio;G_API;G_DSLR;G_rain_sum_3d;G_rain_sum_7d;SMAP_sm_pm_interp_lag7;SMAP_sm_pm_interp_lag30;SMAP_sm_pm_interp_rollrange7;SMAP_sm_pm_interp_rollmean30;SMAP_sm_pm_interp_rollrange30;SMAP_sm_interp_rollrange7;SMAP_ampm_diff_interp;V_rollrng_G_API_kobs7;V_rollmax_F_NDMI_kobs30;A_d_E_SAR_ratio_kobs30;V_rollmax_E_SAR_ratio_kobs7;V_rollmin_E_SAR_ratio_kobs30;V_rollmax_E_SAR_ratio_kobs30;V_rollmin_LST_modis_kobs30;V_rollmax_LST_modis_kobs30;V_ema_LST_modis_kobs30;C_lag_LST_modis_kobs30;V_rollmax_F_NDVI_kobs14;V_rollrng_F_NDVI_kobs30;V_rollmax_F_NDVI_kobs30;V_ema_F_NDVI_kobs30;C_lag_F_NDVI_kobs30;A_grad_E_SAR_diff_kobs30;V_rollmax_E_SAR_diff_kobs14;V_rollrng_E_SAR_diff_kobs30;V_rollmin_E_SAR_diff_kobs30;V_rollmax_E_SAR_diff_kobs30;A_grad_s2_b11_kobs30;V_rollrng_s2_b11_kobs30;V_rollmin_s2_b11_kobs30;V_rollmin_s2_b12_kobs30;A_d_SMAP_sm_interp_kobs30;V_rollmin_SMAP_sm_interp_kobs14;V_rollmin_SMAP_sm_interp_kobs30;E_rough_s1_vh_kobs14;J_aspect_deg;J_bio_bio02;J_bio_bio13;J_lc_code;J_soil_texture_usda_b0;year_frac;sin_year;cos_year;SMAP_x_year;D_z_F_NDMI;D_z_LST_modis;D_fft_ent_LST_modis_kobs30,,
round_03_swap_D_z_F_NDMI_for_V_rollmin_E_SAR_diff_kobs30,round_02_drop_D_z_F_NDMI,proxy,round_3_proxy,already_evaluated,precip_mm;s2_b4;s2_b8;SMAP_sm_pm_interp;D_sin_DOY;D_cos_DOY;E_SAR_ratio;G_API;G_DSLR;G_rain_sum_3d;G_rain_sum_7d;SMAP_sm_pm_interp_lag7;SMAP_sm_pm_interp_lag30;SMAP_sm_pm_interp_rollrange7;SMAP_sm_pm_interp_rollmean30;SMAP_sm_pm_interp_rollrange30;SMAP_sm_interp_rollrange7;SMAP_ampm_diff_interp;V_rollrng_G_API_kobs7;V_rollmax_F_NDMI_kobs30;A_d_E_SAR_ratio_kobs30;V_rollmax_E_SAR_ratio_kobs7;V_rollmin_E_SAR_ratio_kobs30;V_rollmax_E_SAR_ratio_kobs30;V_rollmin_LST_modis_kobs30;V_rollmax_LST_modis_kobs30;V_ema_LST_modis_kobs30;C_lag_LST_modis_kobs30;V_rollmax_F_NDVI_kobs14;V_rollrng_F_NDVI_kobs30;V_rollmax_F_NDVI_kobs30;V_ema_F_NDVI_kobs30;C_lag_F_NDVI_kobs30;A_grad_E_SAR_diff_kobs30;V_rollmax_E_SAR_diff_kobs14;V_rollrng_E_SAR_diff_kobs30;V_rollmin_E_SAR_diff_kobs30;V_rollmax_E_SAR_diff_kobs30;A_grad_s2_b11_kobs30;V_rollrng_s2_b11_kobs30;V_rollmin_s2_b11_kobs30;V_rollmin_s2_b12_kobs30;A_d_SMAP_sm_interp_kobs30;V_rollmin_SMAP_sm_interp_kobs14;V_rollmin_SMAP_sm_interp_kobs30;E_rough_s1_vh_kobs14;J_aspect_deg;J_bio_bio02;J_bio_bio13;J_lc_code;J_soil_texture_usda_b0;year_frac;sin_year;cos_year;SMAP_x_year;D_z_LST_modis;D_fft_dom_LST_modis_kobs30;D_fft_ent_LST_modis_kobs30,,
round_03_swap_cos_year_for_V_rollmin_E_SAR_diff_kobs30,round_02_drop_cos_year,proxy,round_3_proxy,already_evaluated,precip_mm;s2_b4;s2_b8;SMAP_sm_pm_interp;D_sin_DOY;D_cos_DOY;E_SAR_ratio;G_API;G_DSLR;G_rain_sum_3d;G_rain_sum_7d;SMAP_sm_pm_interp_lag7;SMAP_sm_pm_interp_lag30;SMAP_sm_pm_interp_rollrange7;SMAP_sm_pm_interp_rollmean30;SMAP_sm_pm_interp_rollrange30;SMAP_sm_interp_rollrange7;SMAP_ampm_diff_interp;V_rollrng_G_API_kobs7;V_rollmax_F_NDMI_kobs30;A_d_E_SAR_ratio_kobs30;V_rollmax_E_SAR_ratio_kobs7;V_rollmin_E_SAR_ratio_kobs30;V_rollmax_E_SAR_ratio_kobs30;V_rollmin_LST_modis_kobs30;V_rollmax_LST_modis_kobs30;V_ema_LST_modis_kobs30;C_lag_LST_modis_kobs30;V_rollmax_F_NDVI_kobs14;V_rollrng_F_NDVI_kobs30;V_rollmax_F_NDVI_kobs30;V_ema_F_NDVI_kobs30;C_lag_F_NDVI_kobs30;A_grad_E_SAR_diff_kobs30;V_rollmax_E_SAR_diff_kobs14;V_rollrng_E_SAR_diff_kobs30;V_rollmin_E_SAR_diff_kobs30;V_rollmax_E_SAR_diff_kobs30;A_grad_s2_b11_kobs30;V_rollrng_s2_b11_kobs30;V_rollmin_s2_b11_kobs30;V_rollmin_s2_b12_kobs30;A_d_SMAP_sm_interp_kobs30;V_rollmin_SMAP_sm_interp_kobs14;V_rollmin_SMAP_sm_interp_kobs30;E_rough_s1_vh_kobs14;J_aspect_deg;J_bio_bio02;J_bio_bio13;J_lc_code;J_soil_texture_usda_b0;year_frac;sin_year;SMAP_x_year;D_z_F_NDMI;D_z_LST_modis;D_fft_dom_LST_modis_kobs30;D_fft_ent_LST_modis_kobs30,,
round_03_swap_sin_year_for_V_rollmin_E_SAR_diff_kobs30,round_02_drop_sin_year,proxy,round_3_proxy,already_evaluated,precip_mm;s2_b4;s2_b8;SMAP_sm_pm_interp;D_sin_DOY;D_cos_DOY;E_SAR_ratio;G_API;G_DSLR;G_rain_sum_3d;G_rain_sum_7d;SMAP_sm_pm_interp_lag7;SMAP_sm_pm_interp_lag30;SMAP_sm_pm_interp_rollrange7;SMAP_sm_pm_interp_rollmean30;SMAP_sm_pm_interp_rollrange30;SMAP_sm_interp_rollrange7;SMAP_ampm_diff_interp;V_rollrng_G_API_kobs7;V_rollmax_F_NDMI_kobs30;A_d_E_SAR_ratio_kobs30;V_rollmax_E_SAR_ratio_kobs7;V_rollmin_E_SAR_ratio_kobs30;V_rollmax_E_SAR_ratio_kobs30;V_rollmin_LST_modis_kobs30;V_rollmax_LST_modis_kobs30;V_ema_LST_modis_kobs30;C_lag_LST_modis_kobs30;V_rollmax_F_NDVI_kobs14;V_rollrng_F_NDVI_kobs30;V_rollmax_F_NDVI_kobs30;V_ema_F_NDVI_kobs30;C_lag_F_NDVI_kobs30;A_grad_E_SAR_diff_kobs30;V_rollmax_E_SAR_diff_kobs14;V_rollrng_E_SAR_diff_kobs30;V_rollmin_E_SAR_diff_kobs30;V_rollmax_E_SAR_diff_kobs30;A_grad_s2_b11_kobs30;V_rollrng_s2_b11_kobs30;V_rollmin_s2_b11_kobs30;V_rollmin_s2_b12_kobs30;A_d_SMAP_sm_interp_kobs30;V_rollmin_SMAP_sm_interp_kobs14;V_rollmin_SMAP_sm_interp_kobs30;E_rough_s1_vh_kobs14;J_aspect_deg;J_bio_bio02;J_bio_bio13;J_lc_code;J_soil_texture_usda_b0;year_frac;cos_year;SMAP_x_year;D_z_F_NDMI;D_z_LST_modis;D_fft_dom_LST_modis_kobs30;D_fft_ent_LST_modis_kobs30,,
round_03_swap_J_soil_texture_usda_b0_for_V_rollmin_E_SAR_diff_kobs30,round_02_drop_J_soil_texture_usda_b0,proxy,round_3_proxy,already_evaluated,precip_mm;s2_b4;s2_b8;SMAP_sm_pm_interp;D_sin_DOY;D_cos_DOY;E_SAR_ratio;G_API;G_DSLR;G_rain_sum_3d;G_rain_sum_7d;SMAP_sm_pm_interp_lag7;SMAP_sm_pm_interp_lag30;SMAP_sm_pm_interp_rollrange7;SMAP_sm_pm_interp_rollmean30;SMAP_sm_pm_interp_rollrange30;SMAP_sm_interp_rollrange7;SMAP_ampm_diff_interp;V_rollrng_G_API_kobs7;V_rollmax_F_NDMI_kobs30;A_d_E_SAR_ratio_kobs30;V_rollmax_E_SAR_ratio_kobs7;V_rollmin_E_SAR_ratio_kobs30;V_rollmax_E_SAR_ratio_kobs30;V_rollmin_LST_modis_kobs30;V_rollmax_LST_modis_kobs30;V_ema_LST_modis_kobs30;C_lag_LST_modis_kobs30;V_rollmax_F_NDVI_kobs14;V_rollrng_F_NDVI_kobs30;V_rollmax_F_NDVI_kobs30;V_ema_F_NDVI_kobs30;C_lag_F_NDVI_kobs30;A_grad_E_SAR_diff_kobs30;V_rollmax_E_SAR_diff_kobs14;V_rollrng_E_SAR_diff_kobs30;V_rollmin_E_SAR_diff_kobs30;V_rollmax_E_SAR_diff_kobs30;A_grad_s2_b11_kobs30;V_rollrng_s2_b11_kobs30;V_rollmin_s2_b11_kobs30;V_rollmin_s2_b12_kobs30;A_d_SMAP_sm_interp_kobs30;V_rollmin_SMAP_sm_interp_kobs14;V_rollmin_SMAP_sm_interp_kobs30;E_rough_s1_vh_kobs14;J_aspect_deg;J_bio_bio02;J_bio_bio13;J_lc_code;year_frac;sin_year;cos_year;SMAP_x_year;D_z_F_NDMI;D_z_LST_modis;D_fft_dom_LST_modis_kobs30;D_fft_ent_LST_modis_kobs30,,
round_03_swap_J_lc_code_for_V_rollmin_E_SAR_diff_kobs30,round_02_drop_J_lc_code,proxy,round_3_proxy,already_evaluated,precip_mm;s2_b4;s2_b8;SMAP_sm_pm_interp;D_sin_DOY;D_cos_DOY;E_SAR_ratio;G_API;G_DSLR;G_rain_sum_3d;G_rain_sum_7d;SMAP_sm_pm_interp_lag7;SMAP_sm_pm_interp_lag30;SMAP_sm_pm_interp_rollrange7;SMAP_sm_pm_interp_rollmean30;SMAP_sm_pm_interp_rollrange30;SMAP_sm_interp_rollrange7;SMAP_ampm_diff_interp;V_rollrng_G_API_kobs7;V_rollmax_F_NDMI_kobs30;A_d_E_SAR_ratio_kobs30;V_rollmax_E_SAR_ratio_kobs7;V_rollmin_E_SAR_ratio_kobs30;V_rollmax_E_SAR_ratio_kobs30;V_rollmin_LST_modis_kobs30;V_rollmax_LST_modis_kobs30;V_ema_LST_modis_kobs30;C_lag_LST_modis_kobs30;V_rollmax_F_NDVI_kobs14;V_rollrng_F_NDVI_kobs30;V_rollmax_F_NDVI_kobs30;V_ema_F_NDVI_kobs30;C_lag_F_NDVI_kobs30;A_grad_E_SAR_diff_kobs30;V_rollmax_E_SAR_diff_kobs14;V_rollrng_E_SAR_diff_kobs30;V_rollmin_E_SAR_diff_kobs30;V_rollmax_E_SAR_diff_kobs30;A_grad_s2_b11_kobs30;V_rollrng_s2_b11_kobs30;V_rollmin_s2_b11_kobs30;V_rollmin_s2_b12_kobs30;A_d_SMAP_sm_interp_kobs30;V_rollmin_SMAP_sm_interp_kobs14;V_rollmin_SMAP_sm_interp_kobs30;E_rough_s1_vh_kobs14;J_aspect_deg;J_bio_bio02;J_bio_bio13;J_soil_texture_usda_b0;year_frac;sin_year;cos_year;SMAP_x_year;D_z_F_NDMI;D_z_LST_modis;D_fft_dom_LST_modis_kobs30;D_fft_ent_LST_modis_kobs30,,
round_03_swap_J_bio_bio13_for_V_rollmin_E_SAR_diff_kobs30,round_02_drop_J_bio_bio13,proxy,round_3_proxy,already_evaluated,precip_mm;s2_b4;s2_b8;SMAP_sm_pm_interp;D_sin_DOY;D_cos_DOY;E_SAR_ratio;G_API;G_DSLR;G_rain_sum_3d;G_rain_sum_7d;SMAP_sm_pm_interp_lag7;SMAP_sm_pm_interp_lag30;SMAP_sm_pm_interp_rollrange7;SMAP_sm_pm_interp_rollmean30;SMAP_sm_pm_interp_rollrange30;SMAP_sm_interp_rollrange7;SMAP_ampm_diff_interp;V_rollrng_G_API_kobs7;V_rollmax_F_NDMI_kobs30;A_d_E_SAR_ratio_kobs30;V_rollmax_E_SAR_ratio_kobs7;V_rollmin_E_SAR_ratio_kobs30;V_rollmax_E_SAR_ratio_kobs30;V_rollmin_LST_modis_kobs30;V_rollmax_LST_modis_kobs30;V_ema_LST_modis_kobs30;C_lag_LST_modis_kobs30;V_rollmax_F_NDVI_kobs14;V_rollrng_F_NDVI_kobs30;V_rollmax_F_NDVI_kobs30;V_ema_F_NDVI_kobs30;C_lag_F_NDVI_kobs30;A_grad_E_SAR_diff_kobs30;V_rollmax_E_SAR_diff_kobs14;V_rollrng_E_SAR_diff_kobs30;V_rollmin_E_SAR_diff_kobs30;V_rollmax_E_SAR_diff_kobs30;A_grad_s2_b11_kobs30;V_rollrng_s2_b11_kobs30;V_rollmin_s2_b11_kobs30;V_rollmin_s2_b12_kobs30;A_d_SMAP_sm_interp_kobs30;V_rollmin_SMAP_sm_interp_kobs14;V_rollmin_SMAP_sm_interp_kobs30;E_rough_s1_vh_kobs14;J_aspect_deg;J_bio_bio02;J_lc_code;J_soil_texture_usda_b0;year_frac;sin_year;cos_year;SMAP_x_year;D_z_F_NDMI;D_z_LST_modis;D_fft_dom_LST_modis_kobs30;D_fft_ent_LST_modis_kobs30,,
round_04_add_V_rollmin_E_SAR_diff_kobs30,round_02_drop_C_lag_LST_modis_kobs30,proxy,round_4_proxy,already_evaluated,precip_mm;s2_b4;s2_b8;SMAP_sm_pm_interp;D_sin_DOY;D_cos_DOY;E_SAR_ratio;G_API;G_DSLR;G_rain_sum_3d;G_rain_sum_7d;SMAP_sm_pm_interp_lag7;SMAP_sm_pm_interp_lag30;SMAP_sm_pm_interp_rollrange7;SMAP_sm_pm_interp_rollmean30;SMAP_sm_pm_interp_rollrange30;SMAP_sm_interp_rollrange7;SMAP_ampm_diff_interp;V_rollrng_G_API_kobs7;V_rollmax_F_NDMI_kobs30;A_d_E_SAR_ratio_kobs30;V_rollmax_E_SAR_ratio_kobs7;V_rollmin_E_SAR_ratio_kobs30;V_rollmax_E_SAR_ratio_kobs30;V_rollmin_LST_modis_kobs30;V_rollmax_LST_modis_kobs30;V_ema_LST_modis_kobs30;V_rollmax_F_NDVI_kobs14;V_rollrng_F_NDVI_kobs30;V_rollmax_F_NDVI_kobs30;V_ema_F_NDVI_kobs30;C_lag_F_NDVI_kobs30;A_grad_E_SAR_diff_kobs30;V_rollmax_E_SAR_diff_kobs14;V_rollrng_E_SAR_diff_kobs30;V_rollmin_E_SAR_diff_kobs30;V_rollmax_E_SAR_diff_kobs30;A_grad_s2_b11_kobs30;V_rollrng_s2_b11_kobs30;V_rollmin_s2_b11_kobs30;V_rollmin_s2_b12_kobs30;A_d_SMAP_sm_interp_kobs30;V_rollmin_SMAP_sm_interp_kobs14;V_rollmin_SMAP_sm_interp_kobs30;E_rough_s1_vh_kobs14;J_aspect_deg;J_bio_bio02;J_bio_bio13;J_lc_code;J_soil_texture_usda_b0;year_frac;sin_year;cos_year;SMAP_x_year;D_z_F_NDMI;D_z_LST_modis;D_fft_dom_LST_modis_kobs30;D_fft_ent_LST_modis_kobs30,,
round_04_add_C_lag_LST_modis_kobs30,round_02_drop_V_rollmin_E_SAR_diff_kobs30,proxy,round_4_proxy,already_evaluated,precip_mm;s2_b4;s2_b8;SMAP_sm_pm_interp;D_sin_DOY;D_cos_DOY;E_SAR_ratio;G_API;G_DSLR;G_rain_sum_3d;G_rain_sum_7d;SMAP_sm_pm_interp_lag7;SMAP_sm_pm_interp_lag30;SMAP_sm_pm_interp_rollrange7;SMAP_sm_pm_interp_rollmean30;SMAP_sm_pm_interp_rollrange30;SMAP_sm_interp_rollrange7;SMAP_ampm_diff_interp;V_rollrng_G_API_kobs7;V_rollmax_F_NDMI_kobs30;A_d_E_SAR_ratio_kobs30;V_rollmax_E_SAR_ratio_kobs7;V_rollmin_E_SAR_ratio_kobs30;V_rollmax_E_SAR_ratio_kobs30;V_rollmin_LST_modis_kobs30;V_rollmax_LST_modis_kobs30;V_ema_LST_modis_kobs30;C_lag_LST_modis_kobs30;V_rollmax_F_NDVI_kobs14;V_rollrng_F_NDVI_kobs30;V_rollmax_F_NDVI_kobs30;V_ema_F_NDVI_kobs30;C_lag_F_NDVI_kobs30;A_grad_E_SAR_diff_kobs30;V_rollmax_E_SAR_diff_kobs14;V_rollrng_E_SAR_diff_kobs30;V_rollmax_E_SAR_diff_kobs30;A_grad_s2_b11_kobs30;V_rollrng_s2_b11_kobs30;V_rollmin_s2_b11_kobs30;V_rollmin_s2_b12_kobs30;A_d_SMAP_sm_interp_kobs30;V_rollmin_SMAP_sm_interp_kobs14;V_rollmin_SMAP_sm_interp_kobs30;E_rough_s1_vh_kobs14;J_aspect_deg;J_bio_bio02;J_bio_bio13;J_lc_code;J_soil_texture_usda_b0;year_frac;sin_year;cos_year;SMAP_x_year;D_z_F_NDMI;D_z_LST_modis;D_fft_dom_LST_modis_kobs30;D_fft_ent_LST_modis_kobs30,,
round_04_swap_D_fft_ent_LST_modis_kobs30_for_C_lag_LST_modis_kobs30,round_03_drop_D_fft_ent_LST_modis_kobs30,proxy,round_4_proxy,already_evaluated,precip_mm;s2_b4;s2_b8;SMAP_sm_pm_interp;D_sin_DOY;D_cos_DOY;E_SAR_ratio;G_API;G_DSLR;G_rain_sum_3d;G_rain_sum_7d;SMAP_sm_pm_interp_lag7;SMAP_sm_pm_interp_lag30;SMAP_sm_pm_interp_rollrange7;SMAP_sm_pm_interp_rollmean30;SMAP_sm_pm_interp_rollrange30;SMAP_sm_interp_rollrange7;SMAP_ampm_diff_interp;V_rollrng_G_API_kobs7;V_rollmax_F_NDMI_kobs30;A_d_E_SAR_ratio_kobs30;V_rollmax_E_SAR_ratio_kobs7;V_rollmin_E_SAR_ratio_kobs30;V_rollmax_E_SAR_ratio_kobs30;V_rollmin_LST_modis_kobs30;V_rollmax_LST_modis_kobs30;V_ema_LST_modis_kobs30;C_lag_LST_modis_kobs30;V_rollmax_F_NDVI_kobs14;V_rollrng_F_NDVI_kobs30;V_rollmax_F_NDVI_kobs30;V_ema_F_NDVI_kobs30;C_lag_F_NDVI_kobs30;A_grad_E_SAR_diff_kobs30;V_rollmax_E_SAR_diff_kobs14;V_rollrng_E_SAR_diff_kobs30;V_rollmax_E_SAR_diff_kobs30;A_grad_s2_b11_kobs30;V_rollrng_s2_b11_kobs30;V_rollmin_s2_b11_kobs30;V_rollmin_s2_b12_kobs30;A_d_SMAP_sm_interp_kobs30;V_rollmin_SMAP_sm_interp_kobs14;V_rollmin_SMAP_sm_interp_kobs30;E_rough_s1_vh_kobs14;J_aspect_deg;J_bio_bio02;J_bio_bio13;J_lc_code;J_soil_texture_usda_b0;year_frac;sin_year;cos_year;SMAP_x_year;D_z_F_NDMI;D_z_LST_modis;D_fft_dom_LST_modis_kobs30,,
round_04_swap_D_fft_dom_LST_modis_kobs30_for_C_lag_LST_modis_kobs30,round_03_drop_D_fft_dom_LST_modis_kobs30,proxy,round_4_proxy,already_evaluated,precip_mm;s2_b4;s2_b8;SMAP_sm_pm_interp;D_sin_DOY;D_cos_DOY;E_SAR_ratio;G_API;G_DSLR;G_rain_sum_3d;G_rain_sum_7d;SMAP_sm_pm_interp_lag7;SMAP_sm_pm_interp_lag30;SMAP_sm_pm_interp_rollrange7;SMAP_sm_pm_interp_rollmean30;SMAP_sm_pm_interp_rollrange30;SMAP_sm_interp_rollrange7;SMAP_ampm_diff_interp;V_rollrng_G_API_kobs7;V_rollmax_F_NDMI_kobs30;A_d_E_SAR_ratio_kobs30;V_rollmax_E_SAR_ratio_kobs7;V_rollmin_E_SAR_ratio_kobs30;V_rollmax_E_SAR_ratio_kobs30;V_rollmin_LST_modis_kobs30;V_rollmax_LST_modis_kobs30;V_ema_LST_modis_kobs30;C_lag_LST_modis_kobs30;V_rollmax_F_NDVI_kobs14;V_rollrng_F_NDVI_kobs30;V_rollmax_F_NDVI_kobs30;V_ema_F_NDVI_kobs30;C_lag_F_NDVI_kobs30;A_grad_E_SAR_diff_kobs30;V_rollmax_E_SAR_diff_kobs14;V_rollrng_E_SAR_diff_kobs30;V_rollmax_E_SAR_diff_kobs30;A_grad_s2_b11_kobs30;V_rollrng_s2_b11_kobs30;V_rollmin_s2_b11_kobs30;V_rollmin_s2_b12_kobs30;A_d_SMAP_sm_interp_kobs30;V_rollmin_SMAP_sm_interp_kobs14;V_rollmin_SMAP_sm_interp_kobs30;E_rough_s1_vh_kobs14;J_aspect_deg;J_bio_bio02;J_bio_bio13;J_lc_code;J_soil_texture_usda_b0;year_frac;sin_year;cos_year;SMAP_x_year;D_z_F_NDMI;D_z_LST_modis;D_fft_ent_LST_modis_kobs30,,
round_04_swap_D_z_F_NDMI_for_C_lag_LST_modis_kobs30,round_03_drop_D_z_F_NDMI,proxy,round_4_proxy,already_evaluated,precip_mm;s2_b4;s2_b8;SMAP_sm_pm_interp;D_sin_DOY;D_cos_DOY;E_SAR_ratio;G_API;G_DSLR;G_rain_sum_3d;G_rain_sum_7d;SMAP_sm_pm_interp_lag7;SMAP_sm_pm_interp_lag30;SMAP_sm_pm_interp_rollrange7;SMAP_sm_pm_interp_rollmean30;SMAP_sm_pm_interp_rollrange30;SMAP_sm_interp_rollrange7;SMAP_ampm_diff_interp;V_rollrng_G_API_kobs7;V_rollmax_F_NDMI_kobs30;A_d_E_SAR_ratio_kobs30;V_rollmax_E_SAR_ratio_kobs7;V_rollmin_E_SAR_ratio_kobs30;V_rollmax_E_SAR_ratio_kobs30;V_rollmin_LST_modis_kobs30;V_rollmax_LST_modis_kobs30;V_ema_LST_modis_kobs30;C_lag_LST_modis_kobs30;V_rollmax_F_NDVI_kobs14;V_rollrng_F_NDVI_kobs30;V_rollmax_F_NDVI_kobs30;V_ema_F_NDVI_kobs30;C_lag_F_NDVI_kobs30;A_grad_E_SAR_diff_kobs30;V_rollmax_E_SAR_diff_kobs14;V_rollrng_E_SAR_diff_kobs30;V_rollmax_E_SAR_diff_kobs30;A_grad_s2_b11_kobs30;V_rollrng_s2_b11_kobs30;V_rollmin_s2_b11_kobs30;V_rollmin_s2_b12_kobs30;A_d_SMAP_sm_interp_kobs30;V_rollmin_SMAP_sm_interp_kobs14;V_rollmin_SMAP_sm_interp_kobs30;E_rough_s1_vh_kobs14;J_aspect_deg;J_bio_bio02;J_bio_bio13;J_lc_code;J_soil_texture_usda_b0;year_frac;sin_year;cos_year;SMAP_x_year;D_z_LST_modis;D_fft_dom_LST_modis_kobs30;D_fft_ent_LST_modis_kobs30,,
round_04_swap_cos_year_for_C_lag_LST_modis_kobs30,round_03_drop_cos_year,proxy,round_4_proxy,already_evaluated,precip_mm;s2_b4;s2_b8;SMAP_sm_pm_interp;D_sin_DOY;D_cos_DOY;E_SAR_ratio;G_API;G_DSLR;G_rain_sum_3d;G_rain_sum_7d;SMAP_sm_pm_interp_lag7;SMAP_sm_pm_interp_lag30;SMAP_sm_pm_interp_rollrange7;SMAP_sm_pm_interp_rollmean30;SMAP_sm_pm_interp_rollrange30;SMAP_sm_interp_rollrange7;SMAP_ampm_diff_interp;V_rollrng_G_API_kobs7;V_rollmax_F_NDMI_kobs30;A_d_E_SAR_ratio_kobs30;V_rollmax_E_SAR_ratio_kobs7;V_rollmin_E_SAR_ratio_kobs30;V_rollmax_E_SAR_ratio_kobs30;V_rollmin_LST_modis_kobs30;V_rollmax_LST_modis_kobs30;V_ema_LST_modis_kobs30;C_lag_LST_modis_kobs30;V_rollmax_F_NDVI_kobs14;V_rollrng_F_NDVI_kobs30;V_rollmax_F_NDVI_kobs30;V_ema_F_NDVI_kobs30;C_lag_F_NDVI_kobs30;A_grad_E_SAR_diff_kobs30;V_rollmax_E_SAR_diff_kobs14;V_rollrng_E_SAR_diff_kobs30;V_rollmax_E_SAR_diff_kobs30;A_grad_s2_b11_kobs30;V_rollrng_s2_b11_kobs30;V_rollmin_s2_b11_kobs30;V_rollmin_s2_b12_kobs30;A_d_SMAP_sm_interp_kobs30;V_rollmin_SMAP_sm_interp_kobs14;V_rollmin_SMAP_sm_interp_kobs30;E_rough_s1_vh_kobs14;J_aspect_deg;J_bio_bio02;J_bio_bio13;J_lc_code;J_soil_texture_usda_b0;year_frac;sin_year;SMAP_x_year;D_z_F_NDMI;D_z_LST_modis;D_fft_dom_LST_modis_kobs30;D_fft_ent_LST_modis_kobs30,,
round_04_swap_sin_year_for_C_lag_LST_modis_kobs30,round_03_drop_sin_year,proxy,round_4_proxy,already_evaluated,precip_mm;s2_b4;s2_b8;SMAP_sm_pm_interp;D_sin_DOY;D_cos_DOY;E_SAR_ratio;G_API;G_DSLR;G_rain_sum_3d;G_rain_sum_7d;SMAP_sm_pm_interp_lag7;SMAP_sm_pm_interp_lag30;SMAP_sm_pm_interp_rollrange7;SMAP_sm_pm_interp_rollmean30;SMAP_sm_pm_interp_rollrange30;SMAP_sm_interp_rollrange7;SMAP_ampm_diff_interp;V_rollrng_G_API_kobs7;V_rollmax_F_NDMI_kobs30;A_d_E_SAR_ratio_kobs30;V_rollmax_E_SAR_ratio_kobs7;V_rollmin_E_SAR_ratio_kobs30;V_rollmax_E_SAR_ratio_kobs30;V_rollmin_LST_modis_kobs30;V_rollmax_LST_modis_kobs30;V_ema_LST_modis_kobs30;C_lag_LST_modis_kobs30;V_rollmax_F_NDVI_kobs14;V_rollrng_F_NDVI_kobs30;V_rollmax_F_NDVI_kobs30;V_ema_F_NDVI_kobs30;C_lag_F_NDVI_kobs30;A_grad_E_SAR_diff_kobs30;V_rollmax_E_SAR_diff_kobs14;V_rollrng_E_SAR_diff_kobs30;V_rollmax_E_SAR_diff_kobs30;A_grad_s2_b11_kobs30;V_rollrng_s2_b11_kobs30;V_rollmin_s2_b11_kobs30;V_rollmin_s2_b12_kobs30;A_d_SMAP_sm_interp_kobs30;V_rollmin_SMAP_sm_interp_kobs14;V_rollmin_SMAP_sm_interp_kobs30;E_rough_s1_vh_kobs14;J_aspect_deg;J_bio_bio02;J_bio_bio13;J_lc_code;J_soil_texture_usda_b0;year_frac;cos_year;SMAP_x_year;D_z_F_NDMI;D_z_LST_modis;D_fft_dom_LST_modis_kobs30;D_fft_ent_LST_modis_kobs30,,
round_04_swap_J_soil_texture_usda_b0_for_C_lag_LST_modis_kobs30,round_03_drop_J_soil_texture_usda_b0,proxy,round_4_proxy,already_evaluated,precip_mm;s2_b4;s2_b8;SMAP_sm_pm_interp;D_sin_DOY;D_cos_DOY;E_SAR_ratio;G_API;G_DSLR;G_rain_sum_3d;G_rain_sum_7d;SMAP_sm_pm_interp_lag7;SMAP_sm_pm_interp_lag30;SMAP_sm_pm_interp_rollrange7;SMAP_sm_pm_interp_rollmean30;SMAP_sm_pm_interp_rollrange30;SMAP_sm_interp_rollrange7;SMAP_ampm_diff_interp;V_rollrng_G_API_kobs7;V_rollmax_F_NDMI_kobs30;A_d_E_SAR_ratio_kobs30;V_rollmax_E_SAR_ratio_kobs7;V_rollmin_E_SAR_ratio_kobs30;V_rollmax_E_SAR_ratio_kobs30;V_rollmin_LST_modis_kobs30;V_rollmax_LST_modis_kobs30;V_ema_LST_modis_kobs30;C_lag_LST_modis_kobs30;V_rollmax_F_NDVI_kobs14;V_rollrng_F_NDVI_kobs30;V_rollmax_F_NDVI_kobs30;V_ema_F_NDVI_kobs30;C_lag_F_NDVI_kobs30;A_grad_E_SAR_diff_kobs30;V_rollmax_E_SAR_diff_kobs14;V_rollrng_E_SAR_diff_kobs30;V_rollmax_E_SAR_diff_kobs30;A_grad_s2_b11_kobs30;V_rollrng_s2_b11_kobs30;V_rollmin_s2_b11_kobs30;V_rollmin_s2_b12_kobs30;A_d_SMAP_sm_interp_kobs30;V_rollmin_SMAP_sm_interp_kobs14;V_rollmin_SMAP_sm_interp_kobs30;E_rough_s1_vh_kobs14;J_aspect_deg;J_bio_bio02;J_bio_bio13;J_lc_code;year_frac;sin_year;cos_year;SMAP_x_year;D_z_F_NDMI;D_z_LST_modis;D_fft_dom_LST_modis_kobs30;D_fft_ent_LST_modis_kobs30,,
round_04_swap_J_lc_code_for_C_lag_LST_modis_kobs30,round_03_drop_J_lc_code,proxy,round_4_proxy,already_evaluated,precip_mm;s2_b4;s2_b8;SMAP_sm_pm_interp;D_sin_DOY;D_cos_DOY;E_SAR_ratio;G_API;G_DSLR;G_rain_sum_3d;G_rain_sum_7d;SMAP_sm_pm_interp_lag7;SMAP_sm_pm_interp_lag30;SMAP_sm_pm_interp_rollrange7;SMAP_sm_pm_interp_rollmean30;SMAP_sm_pm_interp_rollrange30;SMAP_sm_interp_rollrange7;SMAP_ampm_diff_interp;V_rollrng_G_API_kobs7;V_rollmax_F_NDMI_kobs30;A_d_E_SAR_ratio_kobs30;V_rollmax_E_SAR_ratio_kobs7;V_rollmin_E_SAR_ratio_kobs30;V_rollmax_E_SAR_ratio_kobs30;V_rollmin_LST_modis_kobs30;V_rollmax_LST_modis_kobs30;V_ema_LST_modis_kobs30;C_lag_LST_modis_kobs30;V_rollmax_F_NDVI_kobs14;V_rollrng_F_NDVI_kobs30;V_rollmax_F_NDVI_kobs30;V_ema_F_NDVI_kobs30;C_lag_F_NDVI_kobs30;A_grad_E_SAR_diff_kobs30;V_rollmax_E_SAR_diff_kobs14;V_rollrng_E_SAR_diff_kobs30;V_rollmax_E_SAR_diff_kobs30;A_grad_s2_b11_kobs30;V_rollrng_s2_b11_kobs30;V_rollmin_s2_b11_kobs30;V_rollmin_s2_b12_kobs30;A_d_SMAP_sm_interp_kobs30;V_rollmin_SMAP_sm_interp_kobs14;V_rollmin_SMAP_sm_interp_kobs30;E_rough_s1_vh_kobs14;J_aspect_deg;J_bio_bio02;J_bio_bio13;J_soil_texture_usda_b0;year_frac;sin_year;cos_year;SMAP_x_year;D_z_F_NDMI;D_z_LST_modis;D_fft_dom_LST_modis_kobs30;D_fft_ent_LST_modis_kobs30,,
round_04_swap_J_bio_bio13_for_C_lag_LST_modis_kobs30,round_03_drop_J_bio_bio13,proxy,round_4_proxy,already_evaluated,precip_mm;s2_b4;s2_b8;SMAP_sm_pm_interp;D_sin_DOY;D_cos_DOY;E_SAR_ratio;G_API;G_DSLR;G_rain_sum_3d;G_rain_sum_7d;SMAP_sm_pm_interp_lag7;SMAP_sm_pm_interp_lag30;SMAP_sm_pm_interp_rollrange7;SMAP_sm_pm_interp_rollmean30;SMAP_sm_pm_interp_rollrange30;SMAP_sm_interp_rollrange7;SMAP_ampm_diff_interp;V_rollrng_G_API_kobs7;V_rollmax_F_NDMI_kobs30;A_d_E_SAR_ratio_kobs30;V_rollmax_E_SAR_ratio_kobs7;V_rollmin_E_SAR_ratio_kobs30;V_rollmax_E_SAR_ratio_kobs30;V_rollmin_LST_modis_kobs30;V_rollmax_LST_modis_kobs30;V_ema_LST_modis_kobs30;C_lag_LST_modis_kobs30;V_rollmax_F_NDVI_kobs14;V_rollrng_F_NDVI_kobs30;V_rollmax_F_NDVI_kobs30;V_ema_F_NDVI_kobs30;C_lag_F_NDVI_kobs30;A_grad_E_SAR_diff_kobs30;V_rollmax_E_SAR_diff_kobs14;V_rollrng_E_SAR_diff_kobs30;V_rollmax_E_SAR_diff_kobs30;A_grad_s2_b11_kobs30;V_rollrng_s2_b11_kobs30;V_rollmin_s2_b11_kobs30;V_rollmin_s2_b12_kobs30;A_d_SMAP_sm_interp_kobs30;V_rollmin_SMAP_sm_interp_kobs14;V_rollmin_SMAP_sm_interp_kobs30;E_rough_s1_vh_kobs14;J_aspect_deg;J_bio_bio02;J_lc_code;J_soil_texture_usda_b0;year_frac;sin_year;cos_year;SMAP_x_year;D_z_F_NDMI;D_z_LST_modis;D_fft_dom_LST_modis_kobs30;D_fft_ent_LST_modis_kobs30,,
round_05_add_C_lag_LST_modis_kobs30,round_03_drop_year_frac,proxy,round_5_proxy,already_evaluated,precip_mm;s2_b4;s2_b8;SMAP_sm_pm_interp;D_sin_DOY;D_cos_DOY;E_SAR_ratio;G_API;G_DSLR;G_rain_sum_3d;G_rain_sum_7d;SMAP_sm_pm_interp_lag7;SMAP_sm_pm_interp_lag30;SMAP_sm_pm_interp_rollrange7;SMAP_sm_pm_interp_rollmean30;SMAP_sm_pm_interp_rollrange30;SMAP_sm_interp_rollrange7;SMAP_ampm_diff_interp;V_rollrng_G_API_kobs7;V_rollmax_F_NDMI_kobs30;A_d_E_SAR_ratio_kobs30;V_rollmax_E_SAR_ratio_kobs7;V_rollmin_E_SAR_ratio_kobs30;V_rollmax_E_SAR_ratio_kobs30;V_rollmin_LST_modis_kobs30;V_rollmax_LST_modis_kobs30;V_ema_LST_modis_kobs30;C_lag_LST_modis_kobs30;V_rollmax_F_NDVI_kobs14;V_rollrng_F_NDVI_kobs30;V_rollmax_F_NDVI_kobs30;V_ema_F_NDVI_kobs30;C_lag_F_NDVI_kobs30;A_grad_E_SAR_diff_kobs30;V_rollmax_E_SAR_diff_kobs14;V_rollrng_E_SAR_diff_kobs30;V_rollmax_E_SAR_diff_kobs30;A_grad_s2_b11_kobs30;V_rollrng_s2_b11_kobs30;V_rollmin_s2_b11_kobs30;V_rollmin_s2_b12_kobs30;A_d_SMAP_sm_interp_kobs30;V_rollmin_SMAP_sm_interp_kobs14;V_rollmin_SMAP_sm_interp_kobs30;E_rough_s1_vh_kobs14;J_aspect_deg;J_bio_bio02;J_bio_bio13;J_lc_code;J_soil_texture_usda_b0;sin_year;cos_year;SMAP_x_year;D_z_F_NDMI;D_z_LST_modis;D_fft_dom_LST_modis_kobs30;D_fft_ent_LST_modis_kobs30,,
round_05_add_year_frac,round_03_drop_C_lag_LST_modis_kobs30,proxy,round_5_proxy,already_evaluated,precip_mm;s2_b4;s2_b8;SMAP_sm_pm_interp;D_sin_DOY;D_cos_DOY;E_SAR_ratio;G_API;G_DSLR;G_rain_sum_3d;G_rain_sum_7d;SMAP_sm_pm_interp_lag7;SMAP_sm_pm_interp_lag30;SMAP_sm_pm_interp_rollrange7;SMAP_sm_pm_interp_rollmean30;SMAP_sm_pm_interp_rollrange30;SMAP_sm_interp_rollrange7;SMAP_ampm_diff_interp;V_rollrng_G_API_kobs7;V_rollmax_F_NDMI_kobs30;A_d_E_SAR_ratio_kobs30;V_rollmax_E_SAR_ratio_kobs7;V_rollmin_E_SAR_ratio_kobs30;V_rollmax_E_SAR_ratio_kobs30;V_rollmin_LST_modis_kobs30;V_rollmax_LST_modis_kobs30;V_ema_LST_modis_kobs30;V_rollmax_F_NDVI_kobs14;V_rollrng_F_NDVI_kobs30;V_rollmax_F_NDVI_kobs30;V_ema_F_NDVI_kobs30;C_lag_F_NDVI_kobs30;A_grad_E_SAR_diff_kobs30;V_rollmax_E_SAR_diff_kobs14;V_rollrng_E_SAR_diff_kobs30;V_rollmax_E_SAR_diff_kobs30;A_grad_s2_b11_kobs30;V_rollrng_s2_b11_kobs30;V_rollmin_s2_b11_kobs30;V_rollmin_s2_b12_kobs30;A_d_SMAP_sm_interp_kobs30;V_rollmin_SMAP_sm_interp_kobs14;V_rollmin_SMAP_sm_interp_kobs30;E_rough_s1_vh_kobs14;J_aspect_deg;J_bio_bio02;J_bio_bio13;J_lc_code;J_soil_texture_usda_b0;year_frac;sin_year;cos_year;SMAP_x_year;D_z_F_NDMI;D_z_LST_modis;D_fft_dom_LST_modis_kobs30;D_fft_ent_LST_modis_kobs30,,
round_06_add_V_rollmax_LST_modis_kobs30,round_04_drop_year_frac,proxy,round_6_proxy,already_evaluated,precip_mm;s2_b4;s2_b8;SMAP_sm_pm_interp;D_sin_DOY;D_cos_DOY;E_SAR_ratio;G_API;G_DSLR;G_rain_sum_3d;G_rain_sum_7d;SMAP_sm_pm_interp_lag7;SMAP_sm_pm_interp_lag30;SMAP_sm_pm_interp_rollrange7;SMAP_sm_pm_interp_rollmean30;SMAP_sm_pm_interp_rollrange30;SMAP_sm_interp_rollrange7;SMAP_ampm_diff_interp;V_rollrng_G_API_kobs7;V_rollmax_F_NDMI_kobs30;A_d_E_SAR_ratio_kobs30;V_rollmax_E_SAR_ratio_kobs7;V_rollmin_E_SAR_ratio_kobs30;V_rollmax_E_SAR_ratio_kobs30;V_rollmin_LST_modis_kobs30;V_rollmax_LST_modis_kobs30;V_ema_LST_modis_kobs30;V_rollmax_F_NDVI_kobs14;V_rollrng_F_NDVI_kobs30;V_rollmax_F_NDVI_kobs30;V_ema_F_NDVI_kobs30;C_lag_F_NDVI_kobs30;A_grad_E_SAR_diff_kobs30;V_rollmax_E_SAR_diff_kobs14;V_rollrng_E_SAR_diff_kobs30;V_rollmax_E_SAR_diff_kobs30;A_grad_s2_b11_kobs30;V_rollrng_s2_b11_kobs30;V_rollmin_s2_b11_kobs30;V_rollmin_s2_b12_kobs30;A_d_SMAP_sm_interp_kobs30;V_rollmin_SMAP_sm_interp_kobs14;V_rollmin_SMAP_sm_interp_kobs30;E_rough_s1_vh_kobs14;J_aspect_deg;J_bio_bio02;J_bio_bio13;J_lc_code;J_soil_texture_usda_b0;sin_year;cos_year;SMAP_x_year;D_z_F_NDMI;D_z_LST_modis;D_fft_dom_LST_modis_kobs30;D_fft_ent_LST_modis_kobs30,,
round_06_add_year_frac,round_04_drop_V_rollmax_LST_modis_kobs30,proxy,round_6_proxy,already_evaluated,precip_mm;s2_b4;s2_b8;SMAP_sm_pm_interp;D_sin_DOY;D_cos_DOY;E_SAR_ratio;G_API;G_DSLR;G_rain_sum_3d;G_rain_sum_7d;SMAP_sm_pm_interp_lag7;SMAP_sm_pm_interp_lag30;SMAP_sm_pm_interp_rollrange7;SMAP_sm_pm_interp_rollmean30;SMAP_sm_pm_interp_rollrange30;SMAP_sm_interp_rollrange7;SMAP_ampm_diff_interp;V_rollrng_G_API_kobs7;V_rollmax_F_NDMI_kobs30;A_d_E_SAR_ratio_kobs30;V_rollmax_E_SAR_ratio_kobs7;V_rollmin_E_SAR_ratio_kobs30;V_rollmax_E_SAR_ratio_kobs30;V_rollmin_LST_modis_kobs30;V_ema_LST_modis_kobs30;V_rollmax_F_NDVI_kobs14;V_rollrng_F_NDVI_kobs30;V_rollmax_F_NDVI_kobs30;V_ema_F_NDVI_kobs30;C_lag_F_NDVI_kobs30;A_grad_E_SAR_diff_kobs30;V_rollmax_E_SAR_diff_kobs14;V_rollrng_E_SAR_diff_kobs30;V_rollmax_E_SAR_diff_kobs30;A_grad_s2_b11_kobs30;V_rollrng_s2_b11_kobs30;V_rollmin_s2_b11_kobs30;V_rollmin_s2_b12_kobs30;A_d_SMAP_sm_interp_kobs30;V_rollmin_SMAP_sm_interp_kobs14;V_rollmin_SMAP_sm_interp_kobs30;E_rough_s1_vh_kobs14;J_aspect_deg;J_bio_bio02;J_bio_bio13;J_lc_code;J_soil_texture_usda_b0;year_frac;sin_year;cos_year;SMAP_x_year;D_z_F_NDMI;D_z_LST_modis;D_fft_dom_LST_modis_kobs30;D_fft_ent_LST_modis_kobs30,,
round_06_swap_D_fft_ent_LST_modis_kobs30_for_V_rollmax_LST_modis_kobs30,round_05_drop_D_fft_ent_LST_modis_kobs30,proxy,round_6_proxy,already_evaluated,precip_mm;s2_b4;s2_b8;SMAP_sm_pm_interp;D_sin_DOY;D_cos_DOY;E_SAR_ratio;G_API;G_DSLR;G_rain_sum_3d;G_rain_sum_7d;SMAP_sm_pm_interp_lag7;SMAP_sm_pm_interp_lag30;SMAP_sm_pm_interp_rollrange7;SMAP_sm_pm_interp_rollmean30;SMAP_sm_pm_interp_rollrange30;SMAP_sm_interp_rollrange7;SMAP_ampm_diff_interp;V_rollrng_G_API_kobs7;V_rollmax_F_NDMI_kobs30;A_d_E_SAR_ratio_kobs30;V_rollmax_E_SAR_ratio_kobs7;V_rollmin_E_SAR_ratio_kobs30;V_rollmax_E_SAR_ratio_kobs30;V_rollmin_LST_modis_kobs30;V_rollmax_LST_modis_kobs30;V_ema_LST_modis_kobs30;V_rollmax_F_NDVI_kobs14;V_rollrng_F_NDVI_kobs30;V_rollmax_F_NDVI_kobs30;V_ema_F_NDVI_kobs30;C_lag_F_NDVI_kobs30;A_grad_E_SAR_diff_kobs30;V_rollmax_E_SAR_diff_kobs14;V_rollrng_E_SAR_diff_kobs30;V_rollmax_E_SAR_diff_kobs30;A_grad_s2_b11_kobs30;V_rollrng_s2_b11_kobs30;V_rollmin_s2_b11_kobs30;V_rollmin_s2_b12_kobs30;A_d_SMAP_sm_interp_kobs30;V_rollmin_SMAP_sm_interp_kobs14;V_rollmin_SMAP_sm_interp_kobs30;E_rough_s1_vh_kobs14;J_aspect_deg;J_bio_bio02;J_bio_bio13;J_lc_code;J_soil_texture_usda_b0;sin_year;cos_year;SMAP_x_year;D_z_F_NDMI;D_z_LST_modis;D_fft_dom_LST_modis_kobs30,,
round_06_swap_D_fft_dom_LST_modis_kobs30_for_V_rollmax_LST_modis_kobs30,round_05_drop_D_fft_dom_LST_modis_kobs30,proxy,round_6_proxy,already_evaluated,precip_mm;s2_b4;s2_b8;SMAP_sm_pm_interp;D_sin_DOY;D_cos_DOY;E_SAR_ratio;G_API;G_DSLR;G_rain_sum_3d;G_rain_sum_7d;SMAP_sm_pm_interp_lag7;SMAP_sm_pm_interp_lag30;SMAP_sm_pm_interp_rollrange7;SMAP_sm_pm_interp_rollmean30;SMAP_sm_pm_interp_rollrange30;SMAP_sm_interp_rollrange7;SMAP_ampm_diff_interp;V_rollrng_G_API_kobs7;V_rollmax_F_NDMI_kobs30;A_d_E_SAR_ratio_kobs30;V_rollmax_E_SAR_ratio_kobs7;V_rollmin_E_SAR_ratio_kobs30;V_rollmax_E_SAR_ratio_kobs30;V_rollmin_LST_modis_kobs30;V_rollmax_LST_modis_kobs30;V_ema_LST_modis_kobs30;V_rollmax_F_NDVI_kobs14;V_rollrng_F_NDVI_kobs30;V_rollmax_F_NDVI_kobs30;V_ema_F_NDVI_kobs30;C_lag_F_NDVI_kobs30;A_grad_E_SAR_diff_kobs30;V_rollmax_E_SAR_diff_kobs14;V_rollrng_E_SAR_diff_kobs30;V_rollmax_E_SAR_diff_kobs30;A_grad_s2_b11_kobs30;V_rollrng_s2_b11_kobs30;V_rollmin_s2_b11_kobs30;V_rollmin_s2_b12_kobs30;A_d_SMAP_sm_interp_kobs30;V_rollmin_SMAP_sm_interp_kobs14;V_rollmin_SMAP_sm_interp_kobs30;E_rough_s1_vh_kobs14;J_aspect_deg;J_bio_bio02;J_bio_bio13;J_lc_code;J_soil_texture_usda_b0;sin_year;cos_year;SMAP_x_year;D_z_F_NDMI;D_z_LST_modis;D_fft_ent_LST_modis_kobs30,,
round_06_swap_D_z_F_NDMI_for_V_rollmax_LST_modis_kobs30,round_05_drop_D_z_F_NDMI,proxy,round_6_proxy,already_evaluated,precip_mm;s2_b4;s2_b8;SMAP_sm_pm_interp;D_sin_DOY;D_cos_DOY;E_SAR_ratio;G_API;G_DSLR;G_rain_sum_3d;G_rain_sum_7d;SMAP_sm_pm_interp_lag7;SMAP_sm_pm_interp_lag30;SMAP_sm_pm_interp_rollrange7;SMAP_sm_pm_interp_rollmean30;SMAP_sm_pm_interp_rollrange30;SMAP_sm_interp_rollrange7;SMAP_ampm_diff_interp;V_rollrng_G_API_kobs7;V_rollmax_F_NDMI_kobs30;A_d_E_SAR_ratio_kobs30;V_rollmax_E_SAR_ratio_kobs7;V_rollmin_E_SAR_ratio_kobs30;V_rollmax_E_SAR_ratio_kobs30;V_rollmin_LST_modis_kobs30;V_rollmax_LST_modis_kobs30;V_ema_LST_modis_kobs30;V_rollmax_F_NDVI_kobs14;V_rollrng_F_NDVI_kobs30;V_rollmax_F_NDVI_kobs30;V_ema_F_NDVI_kobs30;C_lag_F_NDVI_kobs30;A_grad_E_SAR_diff_kobs30;V_rollmax_E_SAR_diff_kobs14;V_rollrng_E_SAR_diff_kobs30;V_rollmax_E_SAR_diff_kobs30;A_grad_s2_b11_kobs30;V_rollrng_s2_b11_kobs30;V_rollmin_s2_b11_kobs30;V_rollmin_s2_b12_kobs30;A_d_SMAP_sm_interp_kobs30;V_rollmin_SMAP_sm_interp_kobs14;V_rollmin_SMAP_sm_interp_kobs30;E_rough_s1_vh_kobs14;J_aspect_deg;J_bio_bio02;J_bio_bio13;J_lc_code;J_soil_texture_usda_b0;sin_year;cos_year;SMAP_x_year;D_z_LST_modis;D_fft_dom_LST_modis_kobs30;D_fft_ent_LST_modis_kobs30,,
round_06_swap_cos_year_for_V_rollmax_LST_modis_kobs30,round_05_drop_cos_year,proxy,round_6_proxy,already_evaluated,precip_mm;s2_b4;s2_b8;SMAP_sm_pm_interp;D_sin_DOY;D_cos_DOY;E_SAR_ratio;G_API;G_DSLR;G_rain_sum_3d;G_rain_sum_7d;SMAP_sm_pm_interp_lag7;SMAP_sm_pm_interp_lag30;SMAP_sm_pm_interp_rollrange7;SMAP_sm_pm_interp_rollmean30;SMAP_sm_pm_interp_rollrange30;SMAP_sm_interp_rollrange7;SMAP_ampm_diff_interp;V_rollrng_G_API_kobs7;V_rollmax_F_NDMI_kobs30;A_d_E_SAR_ratio_kobs30;V_rollmax_E_SAR_ratio_kobs7;V_rollmin_E_SAR_ratio_kobs30;V_rollmax_E_SAR_ratio_kobs30;V_rollmin_LST_modis_kobs30;V_rollmax_LST_modis_kobs30;V_ema_LST_modis_kobs30;V_rollmax_F_NDVI_kobs14;V_rollrng_F_NDVI_kobs30;V_rollmax_F_NDVI_kobs30;V_ema_F_NDVI_kobs30;C_lag_F_NDVI_kobs30;A_grad_E_SAR_diff_kobs30;V_rollmax_E_SAR_diff_kobs14;V_rollrng_E_SAR_diff_kobs30;V_rollmax_E_SAR_diff_kobs30;A_grad_s2_b11_kobs30;V_rollrng_s2_b11_kobs30;V_rollmin_s2_b11_kobs30;V_rollmin_s2_b12_kobs30;A_d_SMAP_sm_interp_kobs30;V_rollmin_SMAP_sm_interp_kobs14;V_rollmin_SMAP_sm_interp_kobs30;E_rough_s1_vh_kobs14;J_aspect_deg;J_bio_bio02;J_bio_bio13;J_lc_code;J_soil_texture_usda_b0;sin_year;SMAP_x_year;D_z_F_NDMI;D_z_LST_modis;D_fft_dom_LST_modis_kobs30;D_fft_ent_LST_modis_kobs30,,
round_06_swap_sin_year_for_V_rollmax_LST_modis_kobs30,round_05_drop_sin_year,proxy,round_6_proxy,already_evaluated,precip_mm;s2_b4;s2_b8;SMAP_sm_pm_interp;D_sin_DOY;D_cos_DOY;E_SAR_ratio;G_API;G_DSLR;G_rain_sum_3d;G_rain_sum_7d;SMAP_sm_pm_interp_lag7;SMAP_sm_pm_interp_lag30;SMAP_sm_pm_interp_rollrange7;SMAP_sm_pm_interp_rollmean30;SMAP_sm_pm_interp_rollrange30;SMAP_sm_interp_rollrange7;SMAP_ampm_diff_interp;V_rollrng_G_API_kobs7;V_rollmax_F_NDMI_kobs30;A_d_E_SAR_ratio_kobs30;V_rollmax_E_SAR_ratio_kobs7;V_rollmin_E_SAR_ratio_kobs30;V_rollmax_E_SAR_ratio_kobs30;V_rollmin_LST_modis_kobs30;V_rollmax_LST_modis_kobs30;V_ema_LST_modis_kobs30;V_rollmax_F_NDVI_kobs14;V_rollrng_F_NDVI_kobs30;V_rollmax_F_NDVI_kobs30;V_ema_F_NDVI_kobs30;C_lag_F_NDVI_kobs30;A_grad_E_SAR_diff_kobs30;V_rollmax_E_SAR_diff_kobs14;V_rollrng_E_SAR_diff_kobs30;V_rollmax_E_SAR_diff_kobs30;A_grad_s2_b11_kobs30;V_rollrng_s2_b11_kobs30;V_rollmin_s2_b11_kobs30;V_rollmin_s2_b12_kobs30;A_d_SMAP_sm_interp_kobs30;V_rollmin_SMAP_sm_interp_kobs14;V_rollmin_SMAP_sm_interp_kobs30;E_rough_s1_vh_kobs14;J_aspect_deg;J_bio_bio02;J_bio_bio13;J_lc_code;J_soil_texture_usda_b0;cos_year;SMAP_x_year;D_z_F_NDMI;D_z_LST_modis;D_fft_dom_LST_modis_kobs30;D_fft_ent_LST_modis_kobs30,,
round_06_swap_J_soil_texture_usda_b0_for_V_rollmax_LST_modis_kobs30,round_05_drop_J_soil_texture_usda_b0,proxy,round_6_proxy,already_evaluated,precip_mm;s2_b4;s2_b8;SMAP_sm_pm_interp;D_sin_DOY;D_cos_DOY;E_SAR_ratio;G_API;G_DSLR;G_rain_sum_3d;G_rain_sum_7d;SMAP_sm_pm_interp_lag7;SMAP_sm_pm_interp_lag30;SMAP_sm_pm_interp_rollrange7;SMAP_sm_pm_interp_rollmean30;SMAP_sm_pm_interp_rollrange30;SMAP_sm_interp_rollrange7;SMAP_ampm_diff_interp;V_rollrng_G_API_kobs7;V_rollmax_F_NDMI_kobs30;A_d_E_SAR_ratio_kobs30;V_rollmax_E_SAR_ratio_kobs7;V_rollmin_E_SAR_ratio_kobs30;V_rollmax_E_SAR_ratio_kobs30;V_rollmin_LST_modis_kobs30;V_rollmax_LST_modis_kobs30;V_ema_LST_modis_kobs30;V_rollmax_F_NDVI_kobs14;V_rollrng_F_NDVI_kobs30;V_rollmax_F_NDVI_kobs30;V_ema_F_NDVI_kobs30;C_lag_F_NDVI_kobs30;A_grad_E_SAR_diff_kobs30;V_rollmax_E_SAR_diff_kobs14;V_rollrng_E_SAR_diff_kobs30;V_rollmax_E_SAR_diff_kobs30;A_grad_s2_b11_kobs30;V_rollrng_s2_b11_kobs30;V_rollmin_s2_b11_kobs30;V_rollmin_s2_b12_kobs30;A_d_SMAP_sm_interp_kobs30;V_rollmin_SMAP_sm_interp_kobs14;V_rollmin_SMAP_sm_interp_kobs30;E_rough_s1_vh_kobs14;J_aspect_deg;J_bio_bio02;J_bio_bio13;J_lc_code;sin_year;cos_year;SMAP_x_year;D_z_F_NDMI;D_z_LST_modis;D_fft_dom_LST_modis_kobs30;D_fft_ent_LST_modis_kobs30,,
round_06_swap_J_lc_code_for_V_rollmax_LST_modis_kobs30,round_05_drop_J_lc_code,proxy,round_6_proxy,already_evaluated,precip_mm;s2_b4;s2_b8;SMAP_sm_pm_interp;D_sin_DOY;D_cos_DOY;E_SAR_ratio;G_API;G_DSLR;G_rain_sum_3d;G_rain_sum_7d;SMAP_sm_pm_interp_lag7;SMAP_sm_pm_interp_lag30;SMAP_sm_pm_interp_rollrange7;SMAP_sm_pm_interp_rollmean30;SMAP_sm_pm_interp_rollrange30;SMAP_sm_interp_rollrange7;SMAP_ampm_diff_interp;V_rollrng_G_API_kobs7;V_rollmax_F_NDMI_kobs30;A_d_E_SAR_ratio_kobs30;V_rollmax_E_SAR_ratio_kobs7;V_rollmin_E_SAR_ratio_kobs30;V_rollmax_E_SAR_ratio_kobs30;V_rollmin_LST_modis_kobs30;V_rollmax_LST_modis_kobs30;V_ema_LST_modis_kobs30;V_rollmax_F_NDVI_kobs14;V_rollrng_F_NDVI_kobs30;V_rollmax_F_NDVI_kobs30;V_ema_F_NDVI_kobs30;C_lag_F_NDVI_kobs30;A_grad_E_SAR_diff_kobs30;V_rollmax_E_SAR_diff_kobs14;V_rollrng_E_SAR_diff_kobs30;V_rollmax_E_SAR_diff_kobs30;A_grad_s2_b11_kobs30;V_rollrng_s2_b11_kobs30;V_rollmin_s2_b11_kobs30;V_rollmin_s2_b12_kobs30;A_d_SMAP_sm_interp_kobs30;V_rollmin_SMAP_sm_interp_kobs14;V_rollmin_SMAP_sm_interp_kobs30;E_rough_s1_vh_kobs14;J_aspect_deg;J_bio_bio02;J_bio_bio13;J_soil_texture_usda_b0;sin_year;cos_year;SMAP_x_year;D_z_F_NDMI;D_z_LST_modis;D_fft_dom_LST_modis_kobs30;D_fft_ent_LST_modis_kobs30,,
round_06_swap_J_bio_bio13_for_V_rollmax_LST_modis_kobs30,round_05_drop_J_bio_bio13,proxy,round_6_proxy,already_evaluated,precip_mm;s2_b4;s2_b8;SMAP_sm_pm_interp;D_sin_DOY;D_cos_DOY;E_SAR_ratio;G_API;G_DSLR;G_rain_sum_3d;G_rain_sum_7d;SMAP_sm_pm_interp_lag7;SMAP_sm_pm_interp_lag30;SMAP_sm_pm_interp_rollrange7;SMAP_sm_pm_interp_rollmean30;SMAP_sm_pm_interp_rollrange30;SMAP_sm_interp_rollrange7;SMAP_ampm_diff_interp;V_rollrng_G_API_kobs7;V_rollmax_F_NDMI_kobs30;A_d_E_SAR_ratio_kobs30;V_rollmax_E_SAR_ratio_kobs7;V_rollmin_E_SAR_ratio_kobs30;V_rollmax_E_SAR_ratio_kobs30;V_rollmin_LST_modis_kobs30;V_rollmax_LST_modis_kobs30;V_ema_LST_modis_kobs30;V_rollmax_F_NDVI_kobs14;V_rollrng_F_NDVI_kobs30;V_rollmax_F_NDVI_kobs30;V_ema_F_NDVI_kobs30;C_lag_F_NDVI_kobs30;A_grad_E_SAR_diff_kobs30;V_rollmax_E_SAR_diff_kobs14;V_rollrng_E_SAR_diff_kobs30;V_rollmax_E_SAR_diff_kobs30;A_grad_s2_b11_kobs30;V_rollrng_s2_b11_kobs30;V_rollmin_s2_b11_kobs30;V_rollmin_s2_b12_kobs30;A_d_SMAP_sm_interp_kobs30;V_rollmin_SMAP_sm_interp_kobs14;V_rollmin_SMAP_sm_interp_kobs30;E_rough_s1_vh_kobs14;J_aspect_deg;J_bio_bio02;J_lc_code;J_soil_texture_usda_b0;sin_year;cos_year;SMAP_x_year;D_z_F_NDMI;D_z_LST_modis;D_fft_dom_LST_modis_kobs30;D_fft_ent_LST_modis_kobs30,,
global_backbone_for_deltas,round_06_drop_V_rollrng_F_NDVI_kobs30_exact,exact,final_grid,backbone_reference,precip_mm;s2_b4;s2_b8;SMAP_sm_pm_interp;D_sin_DOY;D_cos_DOY;E_SAR_ratio;G_API;G_DSLR;G_rain_sum_3d;G_rain_sum_7d;SMAP_sm_pm_interp_lag7;SMAP_sm_pm_interp_lag30;SMAP_sm_pm_interp_rollrange7;SMAP_sm_pm_interp_rollmean30;SMAP_sm_pm_interp_rollrange30;SMAP_sm_interp_rollrange7;SMAP_ampm_diff_interp;V_rollrng_G_API_kobs7;V_rollmax_F_NDMI_kobs30;A_d_E_SAR_ratio_kobs30;V_rollmax_E_SAR_ratio_kobs7;V_rollmin_E_SAR_ratio_kobs30;V_rollmax_E_SAR_ratio_kobs30;V_rollmin_LST_modis_kobs30;V_ema_LST_modis_kobs30;V_rollmax_F_NDVI_kobs14;V_rollmax_F_NDVI_kobs30;V_ema_F_NDVI_kobs30;C_lag_F_NDVI_kobs30;A_grad_E_SAR_diff_kobs30;V_rollmax_E_SAR_diff_kobs14;V_rollrng_E_SAR_diff_kobs30;V_rollmax_E_SAR_diff_kobs30;A_grad_s2_b11_kobs30;V_rollrng_s2_b11_kobs30;V_rollmin_s2_b11_kobs30;V_rollmin_s2_b12_kobs30;A_d_SMAP_sm_interp_kobs30;V_rollmin_SMAP_sm_interp_kobs14;V_rollmin_SMAP_sm_interp_kobs30;E_rough_s1_vh_kobs14;J_aspect_deg;J_bio_bio02;J_bio_bio13;J_lc_code;J_soil_texture_usda_b0;sin_year;cos_year;SMAP_x_year;D_z_F_NDMI;D_z_LST_modis;D_fft_dom_LST_modis_kobs30;D_fft_ent_LST_modis_kobs30,,
delta_c0_0_c1_0,round_06_drop_V_rollrng_F_NDVI_kobs30_exact,exact,final_grid,already_evaluated,precip_mm;s2_b4;s2_b8;SMAP_sm_pm_interp;D_sin_DOY;D_cos_DOY;E_SAR_ratio;G_API;G_DSLR;G_rain_sum_3d;G_rain_sum_7d;SMAP_sm_pm_interp_lag7;SMAP_sm_pm_interp_lag30;SMAP_sm_pm_interp_rollrange7;SMAP_sm_pm_interp_rollmean30;SMAP_sm_pm_interp_rollrange30;SMAP_sm_interp_rollrange7;SMAP_ampm_diff_interp;V_rollrng_G_API_kobs7;V_rollmax_F_NDMI_kobs30;A_d_E_SAR_ratio_kobs30;V_rollmax_E_SAR_ratio_kobs7;V_rollmin_E_SAR_ratio_kobs30;V_rollmax_E_SAR_ratio_kobs30;V_rollmin_LST_modis_kobs30;V_ema_LST_modis_kobs30;V_rollmax_F_NDVI_kobs14;V_rollmax_F_NDVI_kobs30;V_ema_F_NDVI_kobs30;C_lag_F_NDVI_kobs30;A_grad_E_SAR_diff_kobs30;V_rollmax_E_SAR_diff_kobs14;V_rollrng_E_SAR_diff_kobs30;V_rollmax_E_SAR_diff_kobs30;A_grad_s2_b11_kobs30;V_rollrng_s2_b11_kobs30;V_rollmin_s2_b11_kobs30;V_rollmin_s2_b12_kobs30;A_d_SMAP_sm_interp_kobs30;V_rollmin_SMAP_sm_interp_kobs14;V_rollmin_SMAP_sm_interp_kobs30;E_rough_s1_vh_kobs14;J_aspect_deg;J_bio_bio02;J_bio_bio13;J_lc_code;J_soil_texture_usda_b0;sin_year;cos_year;SMAP_x_year;D_z_F_NDMI;D_z_LST_modis;D_fft_dom_LST_modis_kobs30;D_fft_ent_LST_modis_kobs30,,
