,max_depth,min_child_weight,lambda,subsample,colsample_bytree,val_R2_mean,val_R2_std,val_RMSE_mean,val_bias_mean,best_iter_mean
177,3,5,30,1.0,0.6,0.7915617650555077,0.0,0.04904772945842963,0.009259917558968817,337.0
405,4,100,5,0.6,0.6,0.7910689525822306,0.000668174139636684,0.049105614443215935,0.00972441836342023,183.66666666666666
441,5,5,5,0.6,0.6,0.790956184124687,0.001945833104485851,0.049118396728438735,0.009589229834468594,109.33333333333333
387,4,50,30,0.6,0.6,0.7907761732151407,0.002873122971575493,0.04913891372767432,0.010003911145287965,246.33333333333334
429,4,100,30,1.0,0.6,0.7905349906735551,1.1102230246251565e-16,0.04916838650685482,0.009622435136215033,169.0
315,4,5,30,0.6,0.6,0.7903490795356932,0.002216467747624495,0.049189514817052145,0.00984385365564653,274.3333333333333
267,3,100,5,1.0,0.6,0.7902282977522782,0.0,0.04920436884203158,0.009867132693207754,296.0
159,3,5,5,1.0,0.6,0.7901934781302208,0.0,0.04920845234428247,0.009999499232593504,318.0
351,4,20,30,0.6,0.6,0.7900481091585072,0.0027017435273287006,0.04922447496677302,0.010191780452891973,252.0
213,3,20,30,1.0,0.6,0.7899782268713297,1.1102230246251565e-16,0.04923368860921887,0.009787872805227329,317.0
306,4,5,10,0.6,0.6,0.7898408886501427,0.004256429454234618,0.04924725672358355,0.009654402183020465,245.33333333333334
402,4,100,1,1.0,0.6,0.7895959236478914,1.1102230246251565e-16,0.04927847834658502,0.009681632603645464,220.0
297,4,5,5,0.6,0.6,0.7895756113879836,0.002360039365306696,0.04928007917281588,0.009382485817056816,178.0
360,4,50,1,0.6,0.6,0.7894446730043261,0.0019659602869333795,0.04929564849828416,0.009434717757893354,168.33333333333334
462,5,5,30,0.8,0.6,0.7893482524927057,0.001971542475393948,0.04930693464496813,0.010442330416622068,222.66666666666666
558,5,100,10,0.6,0.6,0.7893317270434276,0.0006989165738630294,0.049309339452878354,0.008936727646315624,110.66666666666667
397,4,100,1,0.6,0.8,0.7892992161563659,0.0015109583382704518,0.0493128941150914,0.010262053994957434,175.33333333333334
342,4,20,10,0.6,0.6,0.7892905471368975,0.0025863010026763024,0.049313299734635614,0.009261312874120036,157.66666666666666
324,4,20,1,0.6,0.6,0.7892606571944771,0.0006434666637680877,0.04931766647640876,0.009251998768518175,117.0
240,3,50,10,1.0,0.6,0.7891722816506223,1.1102230246251565e-16,0.04932806373344253,0.009720083017757014,286.0
435,5,5,1,0.8,0.6,0.7890008660606865,0.002897257253032168,0.049346952463574206,0.009045674510961851,78.0
450,5,5,10,0.6,0.6,0.7889504854645537,0.0016771744019533164,0.0493536134041809,0.009811613576379581,107.66666666666667
573,5,100,30,1.0,0.6,0.788938500706291,0.0,0.04935540540918613,0.009681327693881423,126.0
477,5,20,5,0.6,0.6,0.7888819647944009,0.0016677641439021154,0.04936163043037328,0.010197366681279312,126.33333333333333
414,4,100,10,0.6,0.6,0.7888451545909855,0.00398929772965128,0.04936411451147387,0.009145994878106594,139.33333333333334
424,4,100,30,0.6,0.8,0.7888134226137025,0.0012759145998622991,0.04936980186952955,0.0110303667884175,245.66666666666666
468,5,20,1,0.6,0.6,0.7887308223941266,0.0011846618979564675,0.04937948787664018,0.009893313750038754,145.66666666666666
540,5,100,1,0.6,0.6,0.7887234154258719,0.000519004806425449,0.049380509920118464,0.009427219234770585,129.33333333333334
369,4,50,5,0.6,0.6,0.7887170592773117,0.0032182929676279337,0.04937986534916741,0.009610332055630945,184.33333333333334
486,5,20,10,0.6,0.6,0.7886319555794682,0.002061272588280753,0.04939064724303188,0.010070439980017729,109.33333333333333
307,4,5,10,0.6,0.8,0.7885468742103683,0.004109812996648589,0.04939884571974793,0.01002491780577653,229.33333333333334
426,4,100,30,0.8,0.6,0.7884957015077944,0.000896386986848148,0.04940704017496886,0.009940397821194075,209.33333333333334
525,5,50,10,0.8,0.6,0.7884946623138424,0.0012327742146434647,0.04940706232166372,0.009788685146788446,135.0
423,4,100,30,0.6,0.6,0.7884371457648142,0.0024878233868722358,0.04941313750446411,0.010203981778169769,207.66666666666666
186,3,20,1,1.0,0.6,0.7884204162637695,0.0,0.0494159436774789,0.009688368100395315,197.0
288,4,5,1,0.6,0.6,0.7883017796897086,0.0010010465975926813,0.04942965770626457,0.009817493446475164,197.33333333333334
501,5,20,30,1.0,0.6,0.7882901160244163,1.1102230246251565e-16,0.0494311576176377,0.009967126532044577,168.0
541,5,100,1,0.6,0.8,0.7882632626383094,0.002266854041296805,0.049433581502973556,0.009199327079552271,107.33333333333333
378,4,50,10,0.6,0.6,0.7882506115130514,0.0020823965056807974,0.04943517338073696,0.010057827419255231,208.66666666666666
495,5,20,30,0.6,0.6,0.7881353439947144,0.0013604135817293927,0.04944896822227124,0.010316980210783292,208.33333333333334
513,5,50,5,0.6,0.6,0.7881026687157521,0.002334618052469525,0.04945228484267258,0.009810144856357903,129.33333333333334
285,3,100,30,1.0,0.6,0.7880892148274338,1.1102230246251565e-16,0.04945460579993736,0.009452263683268685,274.0
432,5,5,1,0.6,0.6,0.7880714570147539,0.0010931462616074763,0.0494565131593343,0.009761344978852554,134.33333333333334
390,4,50,30,0.8,0.6,0.7880526275205292,0.0018042017159335159,0.04945842822669841,0.009811924022430021,235.0
357,4,20,30,1.0,0.6,0.7879620874436418,0.0,0.04946943773030792,0.008858473181903817,188.0
366,4,50,1,1.0,0.6,0.7877628259415355,0.0,0.04949267659261814,0.009400882583760824,191.0
465,5,5,30,1.0,0.6,0.7877270165549916,0.0,0.04949685170389195,0.01041518841142998,180.0
276,3,100,10,1.0,0.6,0.7877259117975871,0.0,0.049496980504885324,0.00984531588036733,316.0
375,4,50,5,1.0,0.6,0.7877148925722652,0.0,0.04949826519136665,0.009261047714813982,222.0
550,5,100,5,0.6,0.8,0.7876983813489495,0.00235974830933696,0.04949942762556758,0.009054322399642078,85.0
567,5,100,30,0.6,0.6,0.7876545978800257,0.002546366926109654,0.04950440056983762,0.009579095627195076,179.33333333333334
549,5,100,5,0.6,0.6,0.7876334905035551,0.0016068638734235308,0.04950740021848223,0.009378108176012874,128.0
522,5,50,10,0.6,0.6,0.7876043954291072,0.0017673214228892012,0.04951071607261653,0.010348512493774982,177.66666666666666
249,3,50,30,1.0,0.6,0.7875912063292314,0.0,0.04951268297842027,0.009890244294200618,324.0
498,5,20,30,0.8,0.6,0.7875296462986956,0.0009433167512266,0.049519735267047775,0.01042545085018049,186.66666666666666
168,3,5,10,1.0,0.6,0.7874780914545735,1.1102230246251565e-16,0.049525864813787596,0.008931079346972995,238.0
333,4,20,5,0.6,0.6,0.787418605176922,0.001971707490216663,0.04953226122868295,0.008886792468737827,88.0
504,5,50,1,0.6,0.6,0.7874082798961783,0.004156069557220693,0.0495316176246423,0.009454751431601667,114.33333333333333
459,5,5,30,0.6,0.6,0.7874013142673135,0.002074583937549384,0.04953421888500923,0.010347678689755781,224.0
552,5,100,5,0.8,0.6,0.787398492891786,0.001469852967352727,0.049534842415622664,0.008766691672201057,84.66666666666667
420,4,100,10,1.0,0.6,0.7872798861304484,0.0,0.04954895420364964,0.008333380123840843,90.0
231,3,50,5,1.0,0.6,0.787253788420693,0.0,0.04955199358375986,0.010416963157818997,302.0
564,5,100,10,1.0,0.6,0.7871745658883084,1.1102230246251565e-16,0.04956121882212702,0.009998133741808888,129.0
546,5,100,1,1.0,0.6,0.787092109543242,1.1102230246251565e-16,0.04957081880538728,0.010070337209336791,169.0
489,5,20,10,0.8,0.6,0.7870810547918307,0.0028619919340712747,0.049570982659780806,0.009705672742900948,112.66666666666667
534,5,50,30,0.8,0.6,0.7870082413784191,0.002280534064372973,0.049579871547613376,0.010267584157707562,189.66666666666666
303,4,5,5,1.0,0.6,0.7870055855135636,0.0,0.049580890370410934,0.008887454293394994,145.0
243,3,50,30,0.6,0.6,0.786933971898156,0.0019489869219978086,0.04958870571878212,0.009536062083556495,278.3333333333333
204,3,20,10,1.0,0.6,0.786933727648829,1.1102230246251565e-16,0.0495892532105344,0.009311739169682063,310.0
543,5,100,1,0.8,0.6,0.786929699271249,0.0018103951616054857,0.0495892737792803,0.008613355709015391,81.33333333333333
334,4,20,5,0.6,0.8,0.7869236842721579,0.002870321674153056,0.04958929914698506,0.010008064581558044,209.33333333333334
570,5,100,30,0.8,0.6,0.7869031292808533,0.0004572742867677911,0.049592785282877506,0.009779247101499801,138.0
396,4,100,1,0.6,0.6,0.7868385222445952,0.0026320195227529752,0.04959938798765249,0.008802440274342113,107.33333333333333
258,3,100,1,1.0,0.6,0.7868181015235637,1.1102230246251565e-16,0.049602706854439176,0.009919984089263095,319.0
408,4,100,5,0.8,0.6,0.7866881258120041,0.0004996387396546194,0.04961779172944331,0.008840903386377462,122.33333333333333
345,4,20,10,0.8,0.6,0.7866862692679216,0.0007915111903266837,0.04961795627077938,0.00852053862681732,90.66666666666667
417,4,100,10,0.8,0.6,0.7866730723180039,0.001503705545592789,0.049619268473826666,0.009043213445512526,130.33333333333334
399,4,100,1,0.8,0.6,0.7866236480150031,0.00025792477422442907,0.049625315143600024,0.008782317193666638,100.33333333333333
381,4,50,10,0.8,0.6,0.7866215360260368,0.0005509155998338346,0.049625528477418746,0.009199931032312902,129.0
336,4,20,5,0.8,0.6,0.7865708807452689,0.0006217073743144984,0.049631407262654435,0.008552072722945763,87.0
150,3,5,1,1.0,0.6,0.786470433999631,0.0,0.04964313764387904,0.010266200626920468,265.0
460,5,5,30,0.6,0.8,0.7864676714886446,0.0030305914298944937,0.049642214526085415,0.010449668654247226,209.0
391,4,50,30,0.8,0.8,0.7864553160624747,0.003356629742064008,0.049643366275142244,0.010013384270940139,183.66666666666666
537,5,50,30,1.0,0.6,0.7864289254825696,0.0,0.049647962532844876,0.010215278196675448,148.0
153,3,5,5,0.6,0.6,0.7864030900626343,0.0024011913485497745,0.049650183064800346,0.009820664455210725,297.3333333333333
388,4,50,30,0.6,0.8,0.7863972489822283,0.0011335780221821906,0.04965146976743012,0.01015049890040949,201.66666666666666
354,4,20,30,0.8,0.6,0.7863709157193818,0.0011648953488818832,0.04965451980916894,0.00917797334900808,184.33333333333334
430,4,100,30,1.0,0.8,0.7863622867159594,0.0,0.04965570754456166,0.009851194023362365,180.0
318,4,5,30,0.8,0.6,0.7863419948830144,0.0011964200335154074,0.04965787117942192,0.009067918624874665,182.0
411,4,100,5,1.0,0.6,0.7862912427039664,0.0,0.04966396322047744,0.008924213484191977,137.0
234,3,50,10,0.6,0.6,0.7862783417002234,0.0028266530041840413,0.049664380065776594,0.009667994401261358,260.6666666666667
568,5,100,30,0.6,0.8,0.7862504115759301,0.0019109130383559594,0.04966821267668666,0.010736115597093735,192.0
352,4,20,30,0.6,0.8,0.7862422520090391,0.0017141390889579414,0.04966925511903447,0.010062061205530735,224.66666666666666
483,5,20,5,1.0,0.6,0.7862050553227687,1.1102230246251565e-16,0.04967397679106252,0.009050220434361536,76.0
444,5,5,5,0.8,0.6,0.7861929266136078,0.0016834192031589875,0.0496750002112634,0.009429227698673033,96.33333333333333
309,4,5,10,0.8,0.6,0.7861899155144156,0.0005534882626271938,0.0496756939420862,0.008591276789719531,116.33333333333333
279,3,100,30,0.6,0.6,0.7861841868630822,0.002968649135482036,0.04967520857883275,0.010397002079721586,295.6666666666667
480,5,20,5,0.8,0.6,0.786179644650896,0.001321861251934783,0.049676691326241286,0.009210429024532093,88.0
321,4,5,30,1.0,0.6,0.7861796380004954,1.1102230246251565e-16,0.049676929484717,0.00818950360869123,87.0
471,5,20,1,0.8,0.6,0.7861521175190056,0.0012613141368498875,0.04967991034562911,0.009344873718878018,99.33333333333333
171,3,5,30,0.6,0.6,0.7861155143837412,0.003659980835090164,0.04968255961313611,0.009468299757941378,271.3333333333333
192,3,20,5,0.8,0.6,0.7861092459465845,0.007180057252838196,0.049678186763544956,0.009410961980414424,260.3333333333333
300,4,5,5,0.8,0.6,0.7860903083301295,0.0018195268601201343,0.049686857213355584,0.008880989953253203,117.0
207,3,20,30,0.6,0.6,0.7860851933648236,0.003672842226659286,0.049686062433234035,0.009679322254636684,249.0
561,5,100,10,0.8,0.6,0.7860676238059977,0.0019108411509954353,0.049689443027698225,0.009177858682284467,103.0
180,3,20,1,0.6,0.6,0.7859573769343831,0.0023107365202413724,0.04970202022138704,0.0098868567422404,269.3333333333333
189,3,20,5,0.6,0.6,0.7858979961168076,0.002373350646435682,0.04970887501196647,0.010432332967929045,326.6666666666667
328,4,20,1,0.8,0.8,0.7858589744885428,0.002207725776962514,0.049713506478405084,0.009164142768619456,105.33333333333333
358,4,20,30,1.0,0.8,0.7857668625920032,1.1102230246251565e-16,0.04972485646393234,0.00992765197272198,224.0
225,3,50,5,0.6,0.6,0.7857561260902446,0.004491559109850001,0.049723378612642456,0.010131875635399475,266.0
418,4,100,10,0.8,0.8,0.7857229481967926,0.0015945181090656136,0.04972960893876397,0.0095188112960267,125.33333333333333
519,5,50,5,1.0,0.6,0.7857029523239326,1.1102230246251565e-16,0.0497322728981249,0.0099958502525385,163.0
372,4,50,5,0.8,0.6,0.785695526029965,0.0002350827280879679,0.0497331271289724,0.008597580310839034,106.66666666666667
487,5,20,10,0.6,0.8,0.7856729817639518,0.0033774232826403296,0.04973419786320029,0.009999256955912257,117.66666666666667
555,5,100,5,1.0,0.6,0.7856270624778944,1.1102230246251565e-16,0.04974107806014807,0.009216116458369953,76.0
456,5,5,10,1.0,0.6,0.785590696612554,0.0,0.04974529687773835,0.008853473606759884,79.0
478,5,20,5,0.6,0.8,0.7855019031919004,0.0024621226351275124,0.04975478014900748,0.009620344777230803,123.0
559,5,100,10,0.6,0.8,0.7854722587274434,0.0009864323034148711,0.04975890310768614,0.0090545708083501,94.33333333333333
528,5,50,10,1.0,0.6,0.7854320688446036,1.1102230246251565e-16,0.04976369516157106,0.009850887705956721,120.0
367,4,50,1,1.0,0.8,0.7854137975074081,1.1102230246251565e-16,0.049765813907587185,0.008478573392473267,75.0
144,3,5,1,0.6,0.6,0.7854123541451816,0.0037852962490444826,0.04976405675204797,0.010219569600701361,291.3333333333333
210,3,20,30,0.8,0.6,0.7853872754898951,0.005138317929582764,0.04976534822502179,0.0091237531504346,257.3333333333333
174,3,5,30,0.8,0.6,0.7853827888748993,0.0019144814798542238,0.049768915805268266,0.009174588505434839,254.66666666666666
499,5,20,30,0.8,0.8,0.7853305105286862,0.0017263290859942694,0.04977506815936161,0.009914192196631042,140.66666666666666
516,5,50,5,0.8,0.6,0.7853225424735498,0.0024195200854016364,0.04977560158376001,0.009190651267864601,91.0
273,3,100,10,0.8,0.6,0.7853110948170964,0.0029585800373922106,0.049776544456822745,0.009630133948619701,258.3333333333333
325,4,20,1,0.6,0.8,0.7852688577721834,0.003139242540822736,0.049781289309623895,0.008847832368944767,109.66666666666667
415,4,100,10,0.6,0.8,0.785259261826338,0.0022404937091364797,0.0497830503243975,0.009551788705944758,128.0
237,3,50,10,0.8,0.6,0.7852423412206866,0.004063771769838519,0.04978347609346236,0.009723094540940384,228.33333333333334
382,4,50,10,0.8,0.8,0.7852277015719341,0.002246685903960164,0.049786704927546756,0.009755698109560111,150.0
363,4,50,1,0.8,0.6,0.7852041508730855,0.0021034912389710715,0.04978952267573872,0.008345466762992478,85.33333333333333
379,4,50,10,0.6,0.8,0.7851319673570568,0.0010353644537399649,0.04979833876316223,0.00972112186627786,155.66666666666666
407,4,100,5,0.6,1.0,0.78511743987518,0.0025842920579199173,0.04979926862444308,0.010524052415330236,162.33333333333334
512,5,50,1,1.0,1.0,0.7851052931895853,0.0,0.04980157448801273,0.00838432167817187,79.0
531,5,50,30,0.6,0.6,0.7850998144240077,0.0013571018576876775,0.04980196145238843,0.010017174614357277,180.0
416,4,100,10,0.6,1.0,0.785078522601731,0.0015061902638848397,0.04980437138484497,0.009929547439249163,179.33333333333334
282,3,100,30,0.8,0.6,0.7850683754225037,0.005055952982479674,0.04980243417246808,0.009475560166367296,277.3333333333333
348,4,20,10,1.0,0.6,0.7850080662308502,1.1102230246251565e-16,0.04981283932589196,0.008156650688381157,78.0
474,5,20,1,1.0,0.6,0.7849691928025543,1.1102230246251565e-16,0.04981734253743139,0.00995741615542801,130.0
393,4,50,30,1.0,0.6,0.7849687333702121,1.1102230246251565e-16,0.049817395756982706,0.009840699407825147,236.0
384,4,50,10,1.0,0.6,0.7849603686819894,1.1102230246251565e-16,0.04981836469265822,0.008490135181253609,98.0
219,3,50,1,0.8,0.6,0.7849416403390439,0.00454405806399896,0.04981776871489971,0.0095156096303227,218.0
453,5,5,10,0.8,0.6,0.7849206952457286,0.0029604939954180395,0.049821784286867954,0.009469655205126187,104.33333333333333
330,4,20,1,1.0,0.6,0.7848512583383819,1.1102230246251565e-16,0.04983100192031153,0.007859836895084403,73.0
447,5,5,5,1.0,0.6,0.7848264939777995,1.1102230246251565e-16,0.04983386969769633,0.008979915720135184,69.0
246,3,50,30,0.8,0.6,0.784822714428139,0.0035568376091681076,0.04983259514372478,0.009129375267351929,232.66666666666666
463,5,5,30,0.8,0.8,0.7848003668577016,0.0021421013481488383,0.049836276284545566,0.009633082780876984,118.33333333333333
385,4,50,10,1.0,0.8,0.7847503878254657,0.0,0.049842681955406025,0.009001324796782449,94.0
394,4,50,30,1.0,0.8,0.7847385376697366,0.0,0.04984405393328834,0.00987871025134525,193.0
255,3,100,1,0.8,0.6,0.7847242409981824,0.003972335753199858,0.04984360113534978,0.009746692384684279,247.0
319,4,5,30,0.8,0.8,0.7847144340614921,0.0026734296618365827,0.04984587953923913,0.009570943147560554,184.33333333333334
322,4,5,30,1.0,0.8,0.7846374336067417,0.0,0.04985575794366299,0.00855916470773256,97.0
364,4,50,1,0.8,0.8,0.7846131795317088,0.0017369449269343778,0.049858160905412806,0.009316821621330849,122.66666666666667
517,5,50,5,0.8,0.8,0.784575237355197,0.0044161116871003995,0.04986035478746562,0.00960535083803551,120.33333333333333
523,5,50,10,0.6,0.8,0.7845330820961082,0.003256815277085403,0.0498664048706452,0.009477505561312681,95.33333333333333
507,5,50,1,0.8,0.6,0.7844849552863183,0.0025425753125646678,0.04987253257093252,0.009080680296174795,112.33333333333333
327,4,20,1,0.8,0.6,0.7844344265180175,0.002144498297937094,0.049878635211124255,0.008766258763426299,97.33333333333333
291,4,5,1,0.8,0.6,0.7844343816363303,0.0005451842261790957,0.04987921549723339,0.008832233632021293,91.33333333333333
361,4,50,1,0.6,0.8,0.784413949829481,0.0033446766446953552,0.04988011454624994,0.009040101464833418,106.66666666666667
304,4,5,5,1.0,0.8,0.7843556472171856,1.1102230246251565e-16,0.04988836361383448,0.008952190526922895,94.0
289,4,5,1,0.6,0.8,0.7843441827546749,0.003365903870312251,0.049888177289627376,0.009103179860100766,90.33333333333333
532,5,50,30,0.6,0.8,0.7843429958465725,0.003262894225961216,0.049888392620310584,0.010262894711341322,150.0
481,5,20,5,0.8,0.8,0.784305246884335,0.001481526193558594,0.049893899003157716,0.009018896383173613,75.66666666666667
312,4,5,10,1.0,0.6,0.7842555673342154,1.1102230246251565e-16,0.049899938789288216,0.007977522581347872,78.0
316,4,5,30,0.6,0.8,0.7842541214237878,0.001164701407713222,0.04989992442748022,0.009317914466429733,125.66666666666667
502,5,20,30,1.0,0.8,0.7842323108632524,0.0,0.04990262823343868,0.009146346793881675,78.0
222,3,50,1,1.0,0.6,0.7842105875497453,1.1102230246251565e-16,0.0499051402480001,0.00962287560779549,184.0
490,5,20,10,0.8,0.8,0.7841665065985275,0.0016411417640233852,0.04990987746910037,0.009178569724115052,102.0
294,4,5,1,1.0,0.6,0.7841048586535354,0.0,0.04991736459482857,0.008342875375600418,90.0
183,3,20,1,0.8,0.6,0.7840994678052264,0.004172854935151621,0.04991567222953325,0.009319225684946975,231.0
339,4,20,5,1.0,0.6,0.7840729618889801,0.0,0.04992105190249874,0.00876192391995218,158.0
305,4,5,5,1.0,1.0,0.7840367979021442,0.0,0.049925232177222785,0.01130392281463514,257.0
344,4,20,10,0.6,1.0,0.7840362480514945,0.001380104862675095,0.0499250410618649,0.010265255029213065,184.0
370,4,50,5,0.6,0.8,0.7840177718368189,0.0016008594608870298,0.049927088041781836,0.00888625221401424,98.33333333333333
277,3,100,10,1.0,0.8,0.7839662474094942,0.0,0.0499333862564314,0.00939174555970942,223.0
469,5,20,1,0.6,0.8,0.7839124278820927,0.0018691563534864834,0.04993913949763834,0.009342414137678503,103.0
261,3,100,5,0.6,0.6,0.7839064515832385,0.004201038474604433,0.04993794839271146,0.010403564685234923,260.6666666666667
380,4,50,10,0.6,1.0,0.783900147548061,0.0011599441850998551,0.049940845116799026,0.0107812565522839,223.33333333333334
280,3,100,30,0.6,0.8,0.7838509209240181,0.004539754477316667,0.049943976519257326,0.01048784979370733,261.0
235,3,50,10,0.6,0.8,0.7838200601800666,0.0016561837354377067,0.049949911064497754,0.009866560816739688,189.66666666666666
454,5,5,10,0.8,0.8,0.783799446083175,0.0017551079372641093,0.049952248953390066,0.008870781762949564,79.66666666666667
371,4,50,5,0.6,1.0,0.783786424043925,0.0028321114647089024,0.04995308779545765,0.00950470476883102,144.0
400,4,100,1,0.8,0.8,0.7837439243791807,0.0010670232779481101,0.04995892128913185,0.008827654077528635,82.0
406,4,100,5,0.6,0.8,0.7837357555983459,0.0023020073130666533,0.04995930752261004,0.008754350477102298,78.33333333333333
510,5,50,1,1.0,0.6,0.7837140308159531,0.0,0.0499625260430103,0.00983419925448629,110.0
216,3,50,1,0.6,0.6,0.783711158887285,0.005136792538495289,0.04995930907648207,0.009155498705977058,185.33333333333334
451,5,5,10,0.6,0.8,0.7836407878279177,0.0015597286595620057,0.04997066044936343,0.009874029659648632,138.66666666666666
156,3,5,5,0.8,0.6,0.7835802004003268,0.005391595244291309,0.04997413693143309,0.009014464771330607,221.0
201,3,20,10,0.8,0.6,0.7835778491927575,0.005942906813904937,0.04997349930796758,0.008788292890879528,159.66666666666666
505,5,50,1,0.6,0.8,0.7835750867196657,0.002178978656803365,0.04997793858909235,0.009420572968634175,106.0
412,4,100,5,1.0,0.8,0.7835561631152621,0.0,0.04998075660690391,0.01025153900938056,191.0
562,5,100,10,0.8,0.8,0.7835548117508807,0.002296991307944753,0.04998021159491776,0.008972442979271434,73.0
295,4,5,1,1.0,0.8,0.7835412538374952,0.0,0.04998247798682846,0.008729705264748122,75.0
395,4,50,30,1.0,1.0,0.7834883285106993,0.0,0.049988588105611555,0.00928595190352712,110.0
493,5,20,10,1.0,0.8,0.7834827328831259,0.0,0.04998923406551011,0.008356752188539596,66.0
496,5,20,30,0.6,0.8,0.783462331452791,0.0022797836106610517,0.049990895237415324,0.010191033225389945,172.33333333333334
457,5,5,10,1.0,0.8,0.7834574226622552,1.1102230246251565e-16,0.04999215577609401,0.008859446808057421,73.0
409,4,100,5,0.8,0.8,0.7834197411249423,0.0020483122190354357,0.049995944391690354,0.009216978242283421,104.66666666666667
355,4,20,30,0.8,0.8,0.7834074692918641,0.0012708568428514964,0.04999770610405971,0.009245591577459475,153.66666666666666
553,5,100,5,0.8,0.8,0.7833757643300935,0.0016064794362329235,0.050001236841722495,0.008949182948561063,78.33333333333333
445,5,5,5,0.8,0.8,0.7833069233840638,0.002000303903715259,0.050008994008511776,0.008913067415983347,91.33333333333333
542,5,100,1,0.6,1.0,0.7832465849027722,0.001372541773209239,0.05001623650033957,0.0082211875765204,68.66666666666667
298,4,5,5,0.6,0.8,0.783231218346175,0.0024900956462448245,0.050017431889160135,0.008836526911581847,98.66666666666667
574,5,100,30,1.0,0.8,0.7832250514499423,1.1102230246251565e-16,0.05001897180272883,0.00832205220524379,74.0
556,5,100,5,1.0,0.8,0.7831545623932227,0.0,0.050027103516261495,0.008124259654878521,68.0
442,5,5,5,0.6,0.8,0.7831396915897989,0.002239126727004306,0.05002815263841559,0.00958493794724622,112.33333333333333
169,3,5,10,1.0,0.8,0.7831236182226565,1.1102230246251565e-16,0.05003067286044043,0.009755617269594657,299.0
421,4,100,10,1.0,0.8,0.7830743193079498,0.0,0.05003635885931463,0.010221661011841446,144.0
492,5,20,10,1.0,0.6,0.783058292577231,1.1102230246251565e-16,0.05003820719842294,0.009758431079845543,102.0
162,3,5,10,0.6,0.6,0.7830130759888876,0.0028008755483593046,0.05004237802409414,0.009157973078572145,210.33333333333334
292,4,5,1,0.8,0.8,0.7829517323748041,0.0026108497468260786,0.05004959191948736,0.009143666977210753,115.33333333333333
535,5,50,30,0.8,0.8,0.782939160457623,0.0005796765296258301,0.050051899735859974,0.009812454056106973,155.66666666666666
425,4,100,30,0.6,1.0,0.7829230882880617,0.0023498315407993057,0.0500530619681828,0.009758883493287848,156.33333333333334
343,4,20,10,0.6,0.8,0.7828870624624393,0.0028873555586608106,0.05005683985579503,0.009081688416789465,112.66666666666667
494,5,20,10,1.0,1.0,0.7828398428800888,0.0,0.0500633938741876,0.008896213743206061,80.0
299,4,5,5,0.6,1.0,0.7828314188830227,0.003329604729458317,0.050062886721532675,0.00964782637567487,168.0
264,3,100,5,0.8,0.6,0.7828200815217556,0.005041044203693216,0.050062277280511075,0.009907439668811508,216.66666666666666
511,5,50,1,1.0,0.8,0.7828042720767175,1.1102230246251565e-16,0.050067493894756974,0.008643567959082799,67.0
208,3,20,30,0.6,0.8,0.782783467692787,0.0020262526902164756,0.050069348208713615,0.009981933580650998,233.66666666666666
508,5,50,1,0.8,0.8,0.7827754995648846,0.0015418364176258787,0.050070495536196614,0.009302910946790895,100.33333333333333
398,4,100,1,0.6,1.0,0.782765382878441,0.000864642673094328,0.050071876895670435,0.008949908743893032,104.66666666666667
165,3,5,10,0.8,0.6,0.782727448037429,0.004725144385417761,0.05007336774813919,0.00872607302663743,165.33333333333334
476,5,20,1,1.0,1.0,0.7827154852369885,1.1102230246251565e-16,0.050077726325183626,0.0089758819778769,84.0
198,3,20,10,0.6,0.6,0.7826781565379167,0.003578649141960306,0.05008032042428127,0.009046557994581997,178.33333333333334
526,5,50,10,0.8,0.8,0.7826319344825513,0.0018077101411546807,0.050086921456959976,0.008968155721061117,78.0
529,5,50,10,1.0,0.8,0.7825645466669577,0.0,0.05009511676875405,0.008745954518648031,68.0
520,5,50,5,1.0,0.8,0.7825231466398885,0.0,0.05009988563337022,0.008547782075573896,69.0
301,4,5,5,0.8,0.8,0.7824928157747685,0.0018459153642881002,0.05010292706702152,0.009429485436684504,148.33333333333334
438,5,5,1,1.0,0.6,0.7824863277078092,0.0,0.050104126420816054,0.010130745624572458,117.0
427,4,100,30,0.8,0.8,0.7823476263186263,0.0018170795459328717,0.05011966080109576,0.009569207231146874,132.0
373,4,50,5,0.8,0.8,0.7823175653457826,0.0007094113995951897,0.050123493227380134,0.0095037068974559,112.66666666666667
433,5,5,1,0.6,0.8,0.7822918055476835,0.002596566368919769,0.05012563034291325,0.009535959611702215,99.0
184,3,20,1,0.8,0.8,0.7822562440483857,0.000959534896297696,0.05013049757198821,0.008938499251039516,83.0
403,4,100,1,1.0,0.8,0.7822266170908886,0.0,0.050134029579363436,0.0083129740865254,71.0
190,3,20,5,0.6,0.8,0.7822214975674923,0.003952261547173786,0.05013256767213947,0.009815440214413955,214.66666666666666
448,5,5,5,1.0,0.8,0.7821354435638085,1.1102230246251565e-16,0.050144523097733214,0.008818587728417501,79.0
310,4,5,10,0.8,0.8,0.7821324905505757,0.0025748462220491425,0.05014398772234874,0.009078160001470012,123.66666666666667
466,5,5,30,1.0,0.8,0.782052946128641,0.0,0.050154016158631666,0.008943145762560584,78.0
154,3,5,5,0.6,0.8,0.7819481607147765,0.004315929410036522,0.050163611462510395,0.009246863934529158,183.0
335,4,20,5,0.6,1.0,0.7819204102840033,0.0007090291979389047,0.05016919706158851,0.009046690127802648,162.33333333333334
270,3,100,10,0.6,0.6,0.7819095608489733,0.002549585764260712,0.05016965506694452,0.009789545567239835,210.33333333333334
488,5,20,10,0.6,1.0,0.7818998624504981,0.002692794653841181,0.05017066763480396,0.008651367412715369,85.33333333333333
362,4,50,1,0.6,1.0,0.7818897091361139,0.0019779084145078044,0.050172280526361024,0.00925476531207606,117.33333333333333
217,3,50,1,0.6,0.8,0.7818805346749969,0.0024894118030222984,0.0501730361492877,0.00984835135322487,187.66666666666666
548,5,100,1,1.0,1.0,0.7818667147651003,0.0,0.05017543938101158,0.00867551945560686,78.0
346,4,20,10,0.8,0.8,0.7818561647975412,0.001386589181366033,0.05017639960326036,0.008894010425742761,103.66666666666667
320,4,5,30,0.8,1.0,0.781840596331057,0.0026085056585859385,0.05017754419167275,0.01004128022042485,204.66666666666666
187,3,20,1,1.0,0.8,0.7818394669857861,1.1102230246251565e-16,0.050178573076554635,0.008711444169899423,81.0
163,3,5,10,0.6,0.8,0.7818314151337292,0.0029030604208955717,0.05017838841518459,0.0094019564326666,156.33333333333334
449,5,5,5,1.0,1.0,0.7818195278153476,0.0,0.05018086610418684,0.008874501377591172,75.0
290,4,5,1,0.6,1.0,0.7817636977040684,0.0020664255526835736,0.05018672204566823,0.009501865693768092,137.33333333333334
302,4,5,5,0.8,1.0,0.7817625142928954,0.0026204951328573493,0.05018651798708731,0.00983735170488425,175.66666666666666
389,4,50,30,0.6,1.0,0.7817589690131527,0.005253712879946416,0.05018416275360499,0.009652321878931424,145.33333333333334
544,5,100,1,0.8,0.8,0.7817538184390714,0.0011341863509109864,0.05018825281562547,0.008719196912020749,73.33333333333333
514,5,50,5,0.6,0.8,0.7817143807868218,0.0008538837368145855,0.050192860518104725,0.009224036690803806,92.0
228,3,50,5,0.8,0.6,0.7816865456249334,0.005963833521746139,0.05019143630463225,0.009055619930477552,161.0
148,3,5,1,0.8,0.8,0.7816490204763827,0.0018012410417312188,0.05020004420330415,0.00892216063498961,77.0
428,4,100,30,0.8,1.0,0.7816126436070587,0.0033126120942017527,0.050203200493368995,0.010182365310678248,157.0
323,4,5,30,1.0,1.0,0.781610857876252,0.0,0.05020485710500092,0.008427482393115512,72.0
401,4,100,1,0.8,1.0,0.7815651522171644,0.0005390432262140096,0.05021007216827609,0.009444457555419554,129.0
151,3,5,1,1.0,0.8,0.781564240012424,1.1102230246251565e-16,0.05021021524296388,0.008557953012792368,77.0
538,5,50,30,1.0,0.8,0.7815506323792117,0.0,0.05021177916169247,0.009238797784507485,72.0
472,5,20,1,0.8,0.8,0.7815166673970199,0.002690813735846306,0.05021473448084213,0.008893624685669002,81.0
551,5,100,5,0.6,1.0,0.7815017277156294,0.0014691696824940268,0.05021711586365529,0.008320468484920322,68.0
317,4,5,30,0.6,1.0,0.7814549514442213,0.0030161669339853706,0.050221575137644366,0.01000837387900919,193.66666666666666
229,3,50,5,0.8,0.8,0.7814466531575359,0.0022165528698747943,0.05022307982533275,0.008921069663831256,81.66666666666667
247,3,50,30,0.8,0.8,0.7814411378852042,0.003339419539102301,0.050222894316067794,0.00965604720530224,208.33333333333334
413,4,100,5,1.0,1.0,0.7814000652552177,0.0,0.0502290805184735,0.008571927652313885,71.0
166,3,5,10,0.8,0.8,0.7813839810461624,0.001403995926101805,0.05023066961265649,0.0089375477944441,83.33333333333333
175,3,5,30,0.8,0.8,0.781375224410215,0.003472871521004059,0.050230351884802765,0.00963102723795342,203.0
147,3,5,1,0.8,0.6,0.7813674691772264,0.003999278651854793,0.05023071087918993,0.008653375209916925,149.33333333333334
252,3,100,1,0.6,0.6,0.7813555970327637,0.0014149675664860883,0.05023392623149046,0.009226719545249657,168.0
458,5,5,10,1.0,1.0,0.7813496665847603,0.0,0.050234870394364285,0.00874113555121817,75.0
172,3,5,30,0.6,0.8,0.7813047115589974,0.0056220675526704195,0.05023592049350314,0.009727607883831611,210.66666666666666
311,4,5,10,0.8,1.0,0.7812674138142527,0.003014130441077114,0.050243130926383016,0.009732549383716566,142.66666666666666
331,4,20,1,1.0,0.8,0.7812557865272612,0.0,0.05024565369922623,0.008370293099004687,68.0
547,5,100,1,1.0,0.8,0.7812225507391614,0.0,0.05024947069270183,0.00774114571328979,65.0
326,4,20,1,0.6,1.0,0.7811381757828851,0.002234111628425065,0.05025850690901305,0.008454892026839111,77.0
452,5,5,10,0.6,1.0,0.7810775022863453,0.00017544381596476766,0.05026612148347424,0.00887201297066447,102.0
202,3,20,10,0.8,0.8,0.7810060892050642,0.0012891890935802922,0.05027410536598015,0.009049849406342389,82.0
439,5,5,1,1.0,0.8,0.7809892526490955,0.0,0.050276255861710695,0.008813577036430159,62.0
530,5,50,10,1.0,1.0,0.7809527716878731,1.1102230246251565e-16,0.050280442984467766,0.008310374525830395,78.0
308,4,5,10,0.6,1.0,0.7808481061048497,0.003051870388543352,0.05029123099659855,0.008968482413653105,106.33333333333333
470,5,20,1,0.6,1.0,0.7808312301383326,0.0033942667462931284,0.050292876856466495,0.008742252093393658,93.0
368,4,50,1,1.0,1.0,0.7808030907447496,0.0,0.05029761904950925,0.008448670313444356,74.0
566,5,100,10,1.0,1.0,0.7807789702843358,0.0,0.05030038635211385,0.009447337681515046,142.0
268,3,100,5,1.0,0.8,0.7807388175198536,0.0,0.05030499267819271,0.008936846817528803,88.0
484,5,20,5,1.0,0.8,0.7807084369801208,1.1102230246251565e-16,0.050308477654137006,0.008466591402862064,77.0
220,3,50,1,0.8,0.8,0.7806362342188978,0.0014958371590597164,0.05031646613490223,0.009292613089498546,77.66666666666667
557,5,100,5,1.0,1.0,0.7805889845983464,1.1102230246251565e-16,0.050322177792096794,0.008158407124498326,76.0
313,4,5,10,1.0,0.8,0.7805596929488862,0.0,0.050325536717346464,0.008275746979099205,86.0
329,4,20,1,0.8,1.0,0.7805022418707918,0.004086581656479506,0.05032993044552394,0.009204653350157584,83.33333333333333
262,3,100,5,0.6,0.8,0.7804832169960338,0.0008542684884981734,0.05033421011509054,0.009395328738053326,114.0
265,3,100,5,0.8,0.8,0.780475676021419,0.002226581832855993,0.050334520232305204,0.009138710460432473,97.0
199,3,20,10,0.6,0.8,0.7804080942204942,0.0014487085155264038,0.05034264304477521,0.009185129301828012,81.0
274,3,100,10,0.8,0.8,0.7803910901171759,0.0019531083242939186,0.050344367017962965,0.009512434032450522,151.66666666666666
205,3,20,10,1.0,0.8,0.7803576726159674,0.0,0.05034869664399957,0.008538654421316242,84.0
560,5,100,10,0.6,1.0,0.7803559889594759,0.0009592087238081922,0.0503487696964395,0.008180785564476179,71.0
256,3,100,1,0.8,0.8,0.780346073726204,0.0025326298807775253,0.050349186192389817,0.009266071085869125,77.33333333333333
479,5,20,5,0.6,1.0,0.7802925195210683,0.0036064521014674187,0.050354458281054636,0.008685184322395224,75.33333333333333
571,5,100,30,0.8,0.8,0.780263390472863,0.0011201938784358213,0.05035933805396978,0.008950805190605211,79.33333333333333
359,4,20,30,1.0,1.0,0.7802357937787202,0.0,0.05036266387344974,0.008671189651148997,91.0
211,3,20,30,0.8,0.8,0.7802092986499186,0.0045477653064318795,0.050362984081064766,0.009497896129919465,151.33333333333334
250,3,50,30,1.0,0.8,0.7802004807543775,0.0,0.05036670999763058,0.008572976867537158,79.0
350,4,20,10,1.0,1.0,0.7801052508706188,0.0,0.05037761970422607,0.008555947274083334,82.0
145,3,5,1,0.6,0.8,0.7800938477388334,0.0012819992156678495,0.0503787119777514,0.009157970623739195,136.0
332,4,20,1,1.0,1.0,0.7800864150189528,0.0,0.05037977729338227,0.008645581604195802,72.0
349,4,20,10,1.0,0.8,0.7800484203566634,0.0,0.050384129184498715,0.008493175543372481,79.0
347,4,20,10,0.8,1.0,0.7800028094692575,0.004783686066598948,0.05038635295697882,0.009194666244118752,138.66666666666666
259,3,100,1,1.0,0.8,0.7799811352776093,0.0,0.05039183506434555,0.009281706570136083,113.0
419,4,100,10,0.8,1.0,0.779975886087478,0.00020035155912231004,0.05039243096113727,0.008660210435519197,74.66666666666667
241,3,50,10,1.0,0.8,0.7799733389653717,1.1102230246251565e-16,0.0503927278673346,0.008458893590007727,99.0
338,4,20,5,0.8,1.0,0.7798653133299253,0.002937639859284142,0.05040397016557266,0.009226051071574197,98.66666666666667
374,4,50,5,0.8,1.0,0.7798628209098807,0.0019043265625718713,0.050404909894324224,0.009669001404862815,140.0
506,5,50,1,0.6,1.0,0.7798394157629508,0.0010377860367593705,0.05040792173224886,0.008226118223682624,85.66666666666667
485,5,20,5,1.0,1.0,0.779830790181951,0.0,0.05040904920519403,0.008588230531046194,78.0
565,5,100,10,1.0,0.8,0.7798096930659751,1.1102230246251565e-16,0.050411464302389054,0.008131199359133,78.0
157,3,5,5,0.8,0.8,0.7798024588365773,0.0019254190806642095,0.05041181021947827,0.009063708200776755,82.33333333333333
337,4,20,5,0.8,0.8,0.7797797300158423,0.0021390933656666345,0.05041430094028945,0.008521888007379264,74.0
193,3,20,5,0.8,0.8,0.7797763642074846,0.0018081017218254424,0.050414854284583095,0.009034026683606965,86.0
497,5,20,30,0.6,1.0,0.7796896017770383,0.002828865449349698,0.050424170270574,0.00864880055224622,103.33333333333333
376,4,50,5,1.0,0.8,0.7796804129679819,1.1102230246251565e-16,0.05042626114519164,0.00934852037581882,111.0
365,4,50,1,0.8,1.0,0.779519003626404,0.0006894013251864318,0.050444667653546056,0.008489525882041896,78.33333333333333
436,5,5,1,0.8,0.8,0.7794687831890985,0.002144884383054245,0.05044987751483396,0.009113241212516119,79.0
533,5,50,30,0.6,1.0,0.7793157961323445,0.0007180456638334613,0.05046790352794286,0.00806044634517008,81.0
392,4,50,30,0.8,1.0,0.7792886262841264,0.0045301074668346215,0.050468430280236704,0.009491471964359087,148.0
214,3,20,30,1.0,0.8,0.7792851257804817,0.0,0.050471477103003363,0.00858998782579468,78.0
178,3,5,30,1.0,0.8,0.7792733268209645,1.1102230246251565e-16,0.05047282613523041,0.008589061339101601,78.0
554,5,100,5,0.8,1.0,0.7792638087049717,0.00238143333468877,0.05047317801755421,0.008300274737776113,78.0
467,5,5,30,1.0,1.0,0.7791818919017657,0.0,0.05048327911057535,0.007844055569017997,67.0
340,4,20,5,1.0,0.8,0.7791616744734634,1.1102230246251565e-16,0.05048559010473255,0.008915519228327512,78.0
341,4,20,5,1.0,1.0,0.7791599522766529,0.0,0.05048578695904335,0.008547947423042894,69.0
491,5,20,10,0.8,1.0,0.7791259645684262,0.001429630651695674,0.05048940783289372,0.008276392096518035,74.0
545,5,100,1,0.8,1.0,0.7791176726088201,0.001289307912655529,0.0504904043432719,0.008088059113245801,80.0
515,5,50,5,0.6,1.0,0.7791049251113465,0.0010313763680938654,0.050491938618108724,0.008641570766151086,77.33333333333333
271,3,100,10,0.6,0.8,0.7790805057626803,0.0017621319723460465,0.05049446498349137,0.009159814066918938,100.0
509,5,50,1,0.8,1.0,0.779028390514703,0.002200535573032204,0.050500198870704595,0.007751677177828942,72.0
443,5,5,5,0.6,1.0,0.7789441024819611,0.0005227116584811558,0.05051041808845641,0.008717163421739045,100.66666666666667
353,4,20,30,0.6,1.0,0.778913630396664,0.004861703236990745,0.05051086137328777,0.009164561871247562,108.66666666666667
226,3,50,5,0.6,0.8,0.7789131884654884,0.0018274146475614492,0.05051355303949376,0.009022271573156592,100.66666666666667
569,5,100,30,0.6,1.0,0.7789049770624832,0.0027016174164692314,0.0505139799064526,0.009777046804367352,167.66666666666666
521,5,50,5,1.0,1.0,0.7788333969906706,0.0,0.05052309973513794,0.008465211912725085,87.0
253,3,100,1,0.6,0.8,0.7787946189836467,0.0026066042922625317,0.05052665325490118,0.009284516599166305,84.0
181,3,20,1,0.6,0.8,0.7787621250146977,0.0005095344932520554,0.05053120625277414,0.009151397933725831,81.66666666666667
383,4,50,10,0.8,1.0,0.778727867459474,0.002852589655084748,0.05053410563394023,0.009149444351995915,103.66666666666667
223,3,50,1,1.0,0.8,0.7787261904845814,1.1102230246251565e-16,0.050535343330483436,0.009092215100648712,87.0
293,4,5,1,0.8,1.0,0.778706684782323,0.001972395744770867,0.050537067576351936,0.009283322286090327,77.0
431,4,100,30,1.0,1.0,0.7787066635187166,1.1102230246251565e-16,0.05053757310217779,0.008504895071088044,70.0
410,4,100,5,0.8,1.0,0.7786732528547929,0.002722400156957512,0.05054043168725993,0.009373896006550508,126.66666666666667
422,4,100,10,1.0,1.0,0.7786316504698337,1.1102230246251565e-16,0.050546137879350965,0.008478799188461486,72.0
524,5,50,10,0.6,1.0,0.7786093721725021,0.002635398364232493,0.05054778671343091,0.00877160931555321,85.33333333333333
475,5,20,1,1.0,0.8,0.778552171897315,0.0,0.050555210934214355,0.009043635245368864,79.0
232,3,50,5,1.0,0.8,0.7784688782369186,1.1102230246251565e-16,0.05056471776188317,0.009025862700262155,83.0
195,3,20,5,1.0,0.6,0.7784580182837962,0.0,0.05056595714470765,0.008263654199267077,77.0
446,5,5,5,0.8,1.0,0.7784010087305551,0.001680729470095966,0.05057209982293585,0.008523937365123987,77.33333333333333
238,3,50,10,0.8,0.8,0.7783297782562993,0.001246195093905046,0.05058038999652534,0.009110754226985882,76.0
356,4,20,30,0.8,1.0,0.7782778866866717,0.001524921555656928,0.05058621137536697,0.009189787363516187,87.0
518,5,50,5,0.8,1.0,0.7782310843840335,0.0020683185925923693,0.05059129813786234,0.008448364323012733,97.66666666666667
563,5,100,10,0.8,1.0,0.778228387952082,0.002277095926598237,0.050591491824284,0.008402336561355698,79.33333333333333
503,5,20,30,1.0,1.0,0.7782234228384994,0.0,0.050592722736558626,0.008233567321213933,84.0
404,4,100,1,1.0,1.0,0.7781979246438663,1.1102230246251565e-16,0.0505956310374052,0.00791497166645429,71.0
434,5,5,1,0.6,1.0,0.7781771063515736,0.0016765608958622905,0.05059764323340202,0.008615183654382639,75.0
464,5,5,30,0.8,1.0,0.7781712392274914,0.0009814924989635298,0.05059855056256598,0.00833358342470878,80.66666666666667
196,3,20,5,1.0,0.8,0.778124852672239,1.1102230246251565e-16,0.05060396463405573,0.009176659301771594,78.0
160,3,5,5,1.0,0.8,0.7781091134223278,1.1102230246251565e-16,0.05060575945950397,0.009182269817965867,78.0
527,5,50,10,0.8,1.0,0.7780694361182278,0.0018400377540262706,0.050609849197589846,0.008462442417223522,81.66666666666667
473,5,20,1,0.8,1.0,0.7779248416980651,0.002404421927435182,0.050626023929025425,0.00850637000944598,78.0
200,3,20,10,0.6,1.0,0.7779030035257964,0.003377116992513691,0.050627789884618114,0.009312383961037793,155.66666666666666
286,3,100,30,1.0,0.8,0.7778932973957645,0.0,0.05063036362363835,0.00867670795028513,98.0
482,5,20,5,0.8,1.0,0.7777984435756946,0.0015768433918530624,0.05064085411951377,0.008247368681721145,73.0
386,4,50,10,1.0,1.0,0.7777667031567446,0.0,0.050644790471705635,0.008529835855750095,80.0
572,5,100,30,0.8,1.0,0.7777366039341737,0.0020122709236601696,0.05064770140360813,0.00837087259862677,77.0
245,3,50,30,0.6,1.0,0.7777178734949525,0.003870865972902725,0.05064842526291433,0.009822242987696706,150.0
500,5,20,30,0.8,1.0,0.7777156573274744,0.002782185750958424,0.050649614055570384,0.009421185282164679,131.0
536,5,50,30,0.8,1.0,0.7777038735343617,0.0015143360492487184,0.05065165578623548,0.008778598782712088,100.33333333333333
218,3,50,1,0.6,1.0,0.7775294011737585,0.0028086432839053137,0.05067081285280048,0.009734238756000184,152.66666666666666
296,4,5,1,1.0,1.0,0.7772403681245281,0.0,0.05070472830154854,0.009441248587398251,73.0
437,5,5,1,0.8,1.0,0.7771760885115357,0.0018441554004247718,0.050711610489225546,0.008601186726519222,72.33333333333333
164,3,5,10,0.6,1.0,0.7771361541083738,0.002666027471510502,0.05071567940069499,0.009509590170604534,159.33333333333334
155,3,5,5,0.6,1.0,0.7770838754815584,0.002047337135999271,0.050722001616102186,0.009603812972119178,159.66666666666666
314,4,5,10,1.0,1.0,0.7769998895976955,0.0,0.05073208987782343,0.008379404804363251,71.0
182,3,20,1,0.6,1.0,0.7768695071245987,0.0037406093430731803,0.05074512797710604,0.009616610811327494,174.0
244,3,50,30,0.6,0.8,0.7768197832535203,0.0027153685831779392,0.05075163424060633,0.009253200626545856,79.0
283,3,100,30,0.8,0.8,0.7768131946675082,0.0014186260047312016,0.05075306599222307,0.00915232667894903,78.0
539,5,50,30,1.0,1.0,0.7767866607183814,0.0,0.050756338659579237,0.008473077648669097,87.0
455,5,5,10,0.8,1.0,0.776680845300772,0.0010248500183909436,0.0507682344327039,0.008779707089551114,90.0
132,2,100,10,1.0,0.6,0.7765883004604465,1.1102230246251565e-16,0.0507788861576221,0.009762357998957881,610.0
60,2,20,10,1.0,0.6,0.7762617873181247,0.0,0.050815978933623975,0.009533753968198387,495.0
80,2,50,1,1.0,1.0,0.7760788514689977,0.0,0.05083674911125071,0.011495250125258762,642.0
440,5,5,1,1.0,1.0,0.7758759884322389,1.1102230246251565e-16,0.050859771864275954,0.007848377620106118,57.0
39,2,20,1,0.8,0.6,0.7757186258211687,0.0009902369291268731,0.050877499727280874,0.009774580658443619,537.6666666666666
251,3,50,30,1.0,1.0,0.7756691434403765,0.0,0.050883235800345615,0.009145922818024392,84.0
461,5,5,30,0.6,1.0,0.7756575020790542,0.0038550916629064404,0.050882671151426535,0.008608501060927032,92.33333333333333
89,2,50,5,1.0,1.0,0.7756433051868544,0.0,0.050886166061727106,0.011238936488527423,640.0
281,3,100,30,0.6,1.0,0.7754611361313098,0.0026007484529480193,0.05090596627829961,0.009711309240776964,173.0
263,3,100,5,0.6,1.0,0.7753901423698331,0.0018230030222439685,0.050914448263484464,0.009496100078638407,147.33333333333334
53,2,20,5,1.0,1.0,0.7751814327506001,0.0,0.050938517594764456,0.011160722050105662,601.0
242,3,50,10,1.0,1.0,0.7750480872108909,0.0,0.05095362181260776,0.009170573487232913,86.0
377,4,50,5,1.0,1.0,0.7750027613935858,0.0,0.05095875490572024,0.008697807165691324,82.0
227,3,50,5,0.6,1.0,0.7749646038921746,0.0015835428929674197,0.05096276099224317,0.00905455312160163,88.66666666666667
173,3,5,30,0.6,1.0,0.7749467905745888,0.004319292902967771,0.050962729912504445,0.00952395147888073,148.33333333333334
254,3,100,1,0.6,1.0,0.7748827840548967,0.0014654731298273372,0.050972070183655044,0.009177416322735341,90.33333333333333
287,3,100,30,1.0,1.0,0.7748605505546814,0.0,0.05097485675341793,0.009262536860805685,91.0
236,3,50,10,0.6,1.0,0.774792814476899,0.0013799882626955955,0.05098228467878976,0.009016892895434073,84.33333333333333
272,3,100,10,0.6,1.0,0.7747844627018425,0.002347801153963188,0.050982775148753275,0.008668350040876191,83.66666666666667
134,2,100,10,1.0,1.0,0.7747333506821444,0.0,0.0509892546737293,0.01098402455161007,610.0
44,2,20,1,1.0,1.0,0.7746884849289933,0.0,0.05099433211733776,0.011017141261998292,536.0
191,3,20,5,0.6,1.0,0.7742973761357191,0.0014129508998146337,0.0510383224958332,0.008976858879680288,98.0
575,5,100,30,1.0,1.0,0.774220544763138,1.1102230246251565e-16,0.051047258660875165,0.009618700405071214,122.0
179,3,5,30,1.0,1.0,0.7741737988000333,0.0,0.05105254286568961,0.008950517023332029,89.0
215,3,20,30,1.0,1.0,0.7741687372933096,0.0,0.05105311499004831,0.008953441437976562,89.0
26,2,5,10,1.0,1.0,0.7741532586458684,0.0,0.05105486456984056,0.010848797963416519,580.0
6,2,5,1,1.0,0.6,0.7739843328328546,0.0,0.051073954666847006,0.00986694432009982,537.0
233,3,50,5,1.0,1.0,0.7737920265703798,0.0,0.05109567827810315,0.00937453410147466,83.0
224,3,50,1,1.0,1.0,0.7735229224057476,0.0,0.05112606176252451,0.009117376117958325,73.0
152,3,5,1,1.0,1.0,0.7735024839387208,0.0,0.051128368651072655,0.00931080298034579,86.0
284,3,100,30,0.8,1.0,0.7734583377987194,0.0029879910842693334,0.05113223739818759,0.008973500653279358,80.0
257,3,100,1,0.8,1.0,0.7733319556770049,0.001113562677808672,0.051147458055652406,0.009473229763361861,74.0
260,3,100,1,1.0,1.0,0.7733136712730572,1.1102230246251565e-16,0.05114967500512931,0.009090099771944322,89.0
161,3,5,5,1.0,1.0,0.7733133273851299,1.1102230246251565e-16,0.05114971380268087,0.009023840619137448,97.0
62,2,20,10,1.0,1.0,0.7732106989203542,0.0,0.051161291065979116,0.010926086916474316,631.0
146,3,5,1,0.6,1.0,0.7732028019676928,0.0016700688319434703,0.05116183584690386,0.009112061691837724,91.33333333333333
149,3,5,1,0.8,1.0,0.7730053624281018,0.0006929894331145481,0.05118438708164169,0.009081096019661446,89.66666666666667
176,3,5,30,0.8,1.0,0.7727856798764536,0.0026428990044835335,0.051208342847720655,0.009109254512341227,84.66666666666667
209,3,20,30,0.6,1.0,0.7727673366532768,0.0005751829301518176,0.05121123460033807,0.00928179185938947,85.66666666666667
203,3,20,10,0.8,1.0,0.7727579049529093,0.001926472977620102,0.051211876973163234,0.009276102414244642,74.0
221,3,50,1,0.8,1.0,0.7727331904239984,0.0018712467477466422,0.05121468902402953,0.009291813040457167,81.0
17,2,5,5,1.0,1.0,0.7724512436852837,0.0,0.0512468820441557,0.01004113125525336,452.0
167,3,5,10,0.8,1.0,0.772436181909315,0.002322054080537268,0.05124790879740376,0.009073244029561316,79.0
88,2,50,5,1.0,0.8,0.7723986096941086,0.0,0.05125280862450749,0.010489219378769154,691.0
239,3,50,10,0.8,1.0,0.7723687052612701,0.0015093736164650405,0.05125589408019222,0.009180910773930198,83.0
158,3,5,5,0.8,1.0,0.7722708205718755,0.0018124802718554025,0.05126678938979127,0.009149485985139245,87.33333333333333
185,3,20,1,0.8,1.0,0.7720807524215321,0.0008321688474774505,0.05128849925631929,0.009119727477998978,85.33333333333333
194,3,20,5,0.8,1.0,0.7718499617685045,0.0017536765423627027,0.051314166962012166,0.009110155334101524,88.33333333333333
212,3,20,30,0.8,1.0,0.7717581584662815,0.0016296904457017388,0.05132454224342514,0.008995584882316303,81.66666666666667
16,2,5,5,1.0,0.8,0.7717572574665943,0.0,0.051324969824487664,0.009686422228572961,467.0
266,3,100,5,0.8,1.0,0.771732759822065,0.0009858960536215159,0.05132760462585697,0.008973833778819886,87.33333333333333
269,3,100,5,1.0,1.0,0.77166294414094,0.0,0.05133557285306093,0.009192709600793396,83.0
188,3,20,1,1.0,1.0,0.7716322339957568,0.0,0.051339024920629396,0.009380584022382212,83.0
230,3,50,5,0.8,1.0,0.7715679007231309,0.0004372578501881019,0.051346232230402376,0.008963604875242682,86.66666666666667
125,2,100,5,1.0,1.0,0.7715571216692899,0.0,0.05134746717286853,0.010067760208516954,490.0
197,3,20,5,1.0,1.0,0.7714526412169066,0.0,0.05135920794887231,0.00918782559491064,89.0
278,3,100,10,1.0,1.0,0.7712442557897532,0.0,0.05138261682146969,0.008948803394713696,78.0
98,2,50,10,1.0,1.0,0.7709890938297784,1.1102230246251565e-16,0.051411265796419865,0.010211034110829327,442.0
120,2,100,5,0.8,0.6,0.7708387790003535,0.005436821495457022,0.051424545794253186,0.009033245460861103,374.3333333333333
42,2,20,1,1.0,0.6,0.770780979650087,1.1102230246251565e-16,0.05143462054382434,0.009878784583484701,454.0
248,3,50,30,0.8,1.0,0.770720912418482,0.0012882891743826235,0.051441156656300176,0.008997045041075053,80.33333333333333
170,3,5,10,1.0,1.0,0.7706311065582724,0.0,0.051451432861459014,0.00912234957179955,86.0
111,2,100,1,0.8,0.6,0.7705202492657565,0.005032905926910407,0.051460793875646595,0.00875167275435861,348.6666666666667
15,2,5,5,1.0,0.6,0.7704208326844305,0.0,0.05147501150266439,0.00954210085457709,491.0
275,3,100,10,0.8,1.0,0.7703521394594185,0.0013487775035330868,0.051482489786686625,0.009199849380355134,76.66666666666667
3,2,5,1,0.8,0.6,0.7702161836972653,0.0045500858136296365,0.05149543587993096,0.008970475503855643,349.6666666666667
41,2,20,1,0.8,1.0,0.7701802555067063,0.006086183723706573,0.05149749763675088,0.010272000509158892,422.0
13,2,5,5,0.8,0.8,0.7701720684591488,0.00416705492242653,0.05150078866077362,0.010121956469468852,475.6666666666667
12,2,5,5,0.8,0.6,0.769990686953284,0.00482607642653033,0.05152039634973766,0.008823891174469028,345.0
116,2,100,1,1.0,1.0,0.7698062022807509,0.0,0.051543870015276,0.00928644256678108,309.0
52,2,20,5,1.0,0.8,0.7693851882660706,0.0,0.051590984182839326,0.00981468850875928,508.0
75,2,50,1,0.8,0.6,0.7693698943881696,0.0038665334307732024,0.05159088711981455,0.008598370066415796,292.0
206,3,20,10,1.0,1.0,0.7692436968079988,0.0,0.051606808327441155,0.009331156433461572,84.0
72,2,50,1,0.6,0.6,0.7691791984323707,0.005212198721533974,0.051610754142388256,0.008929609861209881,299.6666666666667
49,2,20,5,0.8,0.8,0.7682357378947735,0.004704612032403975,0.051716745022900135,0.009591666143398124,386.3333333333333
30,2,5,30,0.8,0.6,0.7680463274894391,0.005945925465307131,0.05173631327324226,0.009272546483039745,351.6666666666667
0,2,5,1,0.6,0.6,0.7679619425793479,0.00459281634841972,0.051747410975636794,0.00883392161684299,260.3333333333333
96,2,50,10,1.0,0.6,0.7677725798930822,0.0,0.05177104876442479,0.008010751687385964,161.0
24,2,5,10,1.0,0.6,0.7677300768337917,1.1102230246251565e-16,0.051775786205164764,0.008008747259305764,161.0
48,2,20,5,0.8,0.6,0.7676601653330625,0.005278162328842841,0.05178021122583757,0.008679868970212603,292.6666666666667
19,2,5,10,0.6,0.8,0.7675298854008883,0.00417882780121493,0.051795996629825404,0.008921263493315304,241.33333333333334
84,2,50,5,0.8,0.6,0.7674201835184694,0.004976141914404919,0.051807327892360554,0.00865419225712108,256.6666666666667
136,2,100,30,0.6,0.8,0.7673374659813619,0.006211982524541752,0.05181486862083525,0.009210323114258366,246.33333333333334
36,2,20,1,0.6,0.6,0.7673358635557944,0.003955299149057913,0.05181784197736686,0.008604073565021514,221.66666666666666
81,2,50,5,0.6,0.6,0.7671407030706895,0.0058647274913415605,0.05183730740363154,0.008611263920778024,255.33333333333334
18,2,5,10,0.6,0.6,0.7671203013203957,0.00534029261546178,0.05184029722981964,0.008906416902543684,258.0
139,2,100,30,0.8,0.8,0.7670664074769329,0.0055031605616790435,0.05184606013546356,0.009056130382810437,260.6666666666667
46,2,20,5,0.6,0.8,0.7666114893711041,0.001738111632438184,0.05189994917960428,0.008423723060171322,117.33333333333333
10,2,5,5,0.6,0.8,0.76660799616874,0.0017332443769573205,0.051900339610734675,0.008429865454833705,115.33333333333333
82,2,50,5,0.6,0.8,0.7665404436827453,0.0018310627747398678,0.05190780866835972,0.008370244576588437,115.0
9,2,5,5,0.6,0.6,0.766539085858365,0.005086452882307233,0.05190527367675298,0.00862988738454181,256.6666666666667
118,2,100,5,0.6,0.8,0.7665383923624002,0.001779792839747161,0.0519080588188744,0.008381029177226815,115.0
45,2,20,5,0.6,0.6,0.76646601916813,0.004993542964418411,0.05191350978227027,0.008423072220912096,218.33333333333334
76,2,50,1,0.8,0.8,0.7664215247587176,0.005668776226233726,0.05191757162833926,0.009256701879438825,277.0
54,2,20,10,0.6,0.6,0.7663340024353337,0.004412521066597874,0.05192884538395914,0.008879967317854601,259.6666666666667
67,2,20,30,0.8,0.8,0.7662475997716832,0.006518344440611761,0.05193565431373739,0.009222537020703046,237.66666666666666
103,2,50,30,0.8,0.8,0.7662466431062446,0.004377038315541422,0.051938573063550465,0.009004630042609128,221.33333333333334
31,2,5,30,0.8,0.8,0.7660937986316781,0.0063009492569406226,0.05195308005485471,0.009226399396945298,245.66666666666666
8,2,5,1,1.0,1.0,0.7660531994762186,1.1102230246251565e-16,0.05196234825083949,0.009087632246446651,203.0
57,2,20,10,0.8,0.6,0.7660010057719364,0.004213866272926684,0.051966026629005756,0.00865387569181949,228.33333333333334
40,2,20,1,0.8,0.8,0.7658300095990368,0.004854092878869345,0.0519843161865207,0.009234929317035484,253.0
32,2,5,30,0.8,1.0,0.7657710416963907,0.00862725055965904,0.051984736767558055,0.009411313352328752,316.3333333333333
77,2,50,1,0.8,1.0,0.765588993015846,0.006285507484264987,0.05200915575613763,0.009488733543675442,252.66666666666666
58,2,20,10,0.8,0.8,0.7653967786679795,0.006351414624089251,0.05203039219650115,0.009434175994390644,263.3333333333333
23,2,5,10,0.8,1.0,0.7653773587277651,0.008686216478427596,0.0520283121226201,0.009618648059691481,265.3333333333333
140,2,100,30,0.8,1.0,0.7653495281670821,0.008064867486839728,0.05203265467063047,0.009345736385667457,300.0
5,2,5,1,0.8,1.0,0.7651201443638076,0.005623971310070148,0.05206210325431312,0.009434429351356174,240.0
113,2,100,1,0.8,1.0,0.7651095504166445,0.005603538540934793,0.05206330510708281,0.009384174838464073,239.33333333333334
108,2,100,1,0.6,0.6,0.7650059204391407,0.004113412872708251,0.05207651805314697,0.008388615418110387,184.66666666666666
68,2,20,30,0.8,1.0,0.7649979659360125,0.007534370071982571,0.05207263590114431,0.009453872164233853,322.0
78,2,50,1,1.0,0.6,0.7649571106326212,0.0,0.052083933145397505,0.008374264430353079,192.0
1,2,5,1,0.6,0.8,0.7649341489528237,0.0024641325817690908,0.05208575939486377,0.008442411186096314,113.33333333333333
37,2,20,1,0.6,0.8,0.7649247793812451,0.0024057554293396488,0.05208683121919838,0.00840350961734006,113.0
85,2,50,5,0.8,0.8,0.7648770301260188,0.00217099838766819,0.052092251530442675,0.009026217558029135,224.66666666666666
127,2,100,10,0.6,0.8,0.7648768473969897,0.0017977658559345643,0.0520924442814251,0.008577298878544887,113.0
73,2,50,1,0.6,0.8,0.7647928646213313,0.0022231475323941543,0.05210154445986557,0.008406648741007517,113.0
121,2,100,5,0.8,0.8,0.7647791001740041,0.005816765330515156,0.05209963571751958,0.0090108368450674,269.6666666666667
109,2,100,1,0.6,0.8,0.764728225770097,0.0021658634479288326,0.052108733167829345,0.008470999730092145,113.0
94,2,50,10,0.8,0.8,0.7646194639502152,0.0052864915140065066,0.052118024974404265,0.009037125741046705,204.0
61,2,20,10,1.0,0.8,0.764577996398954,0.0,0.05212592081113774,0.008206186632638878,155.0
25,2,5,10,1.0,0.8,0.7645248322330569,0.0,0.052131806146033216,0.0082126366924101,155.0
126,2,100,10,0.6,0.6,0.7645035336464323,0.005832896262899057,0.052130129653453795,0.008589290338241915,211.66666666666666
93,2,50,10,0.8,0.6,0.7644357809661536,0.002101667877316873,0.05214114347989788,0.00839024790625142,178.0
55,2,20,10,0.6,0.8,0.7642727836847071,0.0017676698478154055,0.05215933160648001,0.008577222992333764,124.33333333333333
104,2,50,30,0.8,1.0,0.764181558174013,0.006363923794028876,0.052164995064019025,0.009211141932201733,244.0
95,2,50,10,0.8,1.0,0.7641703247714106,0.006979255064991228,0.052165259771902804,0.009392125913439582,234.33333333333334
91,2,50,10,0.6,0.8,0.7641580261385693,0.0018755811656260095,0.05217198028421111,0.008617149402333515,117.0
22,2,5,10,0.8,0.8,0.7641213157745496,0.004612513055907397,0.05217394985342779,0.009083364365739728,184.0
114,2,100,1,1.0,0.6,0.7640911972207064,1.1102230246251565e-16,0.052179785257142654,0.00801236436889013,168.0
138,2,100,30,0.8,0.6,0.7640238211042226,0.006112727012818388,0.05218281725841115,0.008839493504417506,223.0
102,2,50,30,0.8,0.6,0.7639616447854002,0.006716687215919136,0.05218877338058974,0.009074910236713142,248.0
112,2,100,1,0.8,0.8,0.7638518256854719,0.002066709138129107,0.05220575025875481,0.008776701175163212,159.0
97,2,50,10,1.0,0.8,0.7638415731964626,0.0,0.0522073846599636,0.008580715272173356,91.0
133,2,100,10,1.0,0.8,0.7638415731964626,0.0,0.0522073846599636,0.008580715272173356,91.0
99,2,50,30,0.6,0.6,0.7638396314005392,0.007737969207307101,0.05220051271184096,0.008646275645404135,220.66666666666666
63,2,20,30,0.6,0.6,0.76355479643026,0.007337742469895223,0.05223271725608299,0.008470241955844745,184.33333333333334
7,2,5,1,1.0,0.8,0.7634546651915667,1.1102230246251565e-16,0.05225013390394583,0.008225825258513187,149.0
43,2,20,1,1.0,0.8,0.7634546651915667,1.1102230246251565e-16,0.05225013390394583,0.008225825258513187,149.0
79,2,50,1,1.0,0.8,0.7634546651915667,1.1102230246251565e-16,0.05225013390394583,0.008225825258513187,149.0
131,2,100,10,0.8,1.0,0.7633696368471478,0.005846953105792525,0.05225549960168899,0.00908679284242234,193.0
90,2,50,10,0.6,0.6,0.7630125395863762,0.0030047050998448345,0.052297885859138506,0.008412429960868694,132.0
27,2,5,30,0.6,0.6,0.7629606261251718,0.006503892791212535,0.052299701189148756,0.008395840800372397,177.66666666666666
115,2,100,1,1.0,0.8,0.7629553331820254,0.0,0.05230525316941368,0.008175933004667364,148.0
51,2,20,5,1.0,0.6,0.7629513947449924,0.0,0.05230568768686816,0.008123145805103399,168.0
87,2,50,5,1.0,0.6,0.7629513947449924,0.0,0.05230568768686816,0.008123145805103399,168.0
4,2,5,1,0.8,0.8,0.7627937785783803,0.0006726958492441755,0.05232302152014881,0.008708992970511987,140.33333333333334
119,2,100,5,0.6,1.0,0.7627905941135625,0.0006413970745258661,0.052323377463544686,0.008714956220850079,96.66666666666667
11,2,5,5,0.6,1.0,0.7627750583595646,0.000648370051041623,0.05232508982205144,0.008709152344271762,96.66666666666667
47,2,20,5,0.6,1.0,0.7627750583595646,0.000648370051041623,0.05232508982205144,0.008709152344271762,96.66666666666667
83,2,50,5,0.6,1.0,0.7627750583595646,0.000648370051041623,0.05232508982205144,0.008709152344271762,96.66666666666667
2,2,5,1,0.6,1.0,0.7627090011823032,0.001392917556170644,0.05233219775366624,0.009017676463827973,124.66666666666667
38,2,20,1,0.6,1.0,0.7627074148818603,0.001390815140505236,0.05233237335953173,0.008983418916051854,127.66666666666667
64,2,20,30,0.6,0.8,0.7624439853568564,0.0013192091932594818,0.052361436489788575,0.008599011552687707,101.0
100,2,50,30,0.6,0.8,0.7624410206869804,0.0013150824307744129,0.052361764490364775,0.008595509270057434,101.0
28,2,5,30,0.6,0.8,0.7624404492486714,0.0013142870477857059,0.052361827711564356,0.008599634001183097,101.0
21,2,5,10,0.8,0.6,0.7623886877379237,0.001326855828667391,0.05236752826454464,0.008177998728420533,133.66666666666666
117,2,100,5,0.6,0.6,0.7623863246274034,0.0042461524840190215,0.052365894963959346,0.008236154543524478,132.66666666666666
124,2,100,5,1.0,0.8,0.7621663549058724,0.0,0.05239222712932703,0.008044743669586598,121.0
129,2,100,10,0.8,0.6,0.762056527297356,0.0022664263744443056,0.052403727490230534,0.008146632095277077,133.33333333333334
128,2,100,10,0.6,1.0,0.7618957080913482,0.001029050375540832,0.052421906464215406,0.008730741735864052,100.33333333333333
74,2,50,1,0.6,1.0,0.7618506064458764,0.0004941473090111867,0.05242696540698861,0.008775362637258354,104.0
14,2,5,5,0.8,1.0,0.7618414492467297,0.001149517311215148,0.05242784900793957,0.008408881391579333,96.33333333333333
50,2,20,5,0.8,1.0,0.7618414492467297,0.001149517311215148,0.05242784900793957,0.008408881391579333,96.33333333333333
86,2,50,5,0.8,1.0,0.7618414492467297,0.001149517311215148,0.05242784900793957,0.008408881391579333,96.33333333333333
122,2,100,5,0.8,1.0,0.7618414492467297,0.001149517311215148,0.05242784900793957,0.008408881391579333,96.33333333333333
142,2,100,30,1.0,0.8,0.7617178862367849,0.0,0.052441600308664314,0.008092625742904981,134.0
20,2,5,10,0.6,1.0,0.7616360488064254,0.0011846143013823425,0.05245044284544895,0.008808538481282692,99.66666666666667
56,2,20,10,0.6,1.0,0.7616360488064254,0.0011846143013823425,0.05245044284544895,0.008808538481282692,99.66666666666667
92,2,50,10,0.6,1.0,0.7616360488064254,0.0011846143013823425,0.05245044284544895,0.008808538481282692,99.66666666666667
110,2,100,1,0.6,1.0,0.7615828622347762,0.000564092397605065,0.05245641964293396,0.008695180182447235,104.33333333333333
59,2,20,10,0.8,1.0,0.7614386336325736,0.003116327744941819,0.05247119604382283,0.008740730041035354,132.0
34,2,5,30,1.0,0.8,0.7613691017310549,0.0,0.052479966867048956,0.008670983816562615,88.0
70,2,20,30,1.0,0.8,0.7613691017310549,0.0,0.052479966867048956,0.008670983816562615,88.0
106,2,50,30,1.0,0.8,0.7613691017310549,0.0,0.052479966867048956,0.008670983816562615,88.0
130,2,100,10,0.8,0.8,0.7613225262629578,0.0014986195949328815,0.052484829866128846,0.008723875132233418,101.66666666666667
135,2,100,30,0.6,0.6,0.7611596965901054,0.004021981655155122,0.05250111774862054,0.008013921174045847,150.66666666666666
66,2,20,30,0.8,0.6,0.7608424401295224,0.002322507172254891,0.0525372256636523,0.008483316208797045,123.66666666666667
123,2,100,5,1.0,0.6,0.7605510516521914,0.0,0.05256984313862931,0.008238528809418352,89.0
33,2,5,30,1.0,0.6,0.760468434145834,0.0,0.052578911490797194,0.008562416701975493,90.0
69,2,20,30,1.0,0.6,0.760468434145834,0.0,0.052578911490797194,0.008562416701975493,90.0
105,2,50,30,1.0,0.6,0.760468434145834,0.0,0.052578911490797194,0.008562416701975493,90.0
141,2,100,30,1.0,0.6,0.760468434145834,0.0,0.052578911490797194,0.008562416701975493,90.0
29,2,5,30,0.6,1.0,0.7600944146948659,0.0006943472394614411,0.05261989040825487,0.00855978367469931,102.0
65,2,20,30,0.6,1.0,0.7600944146948659,0.0006943472394614411,0.05261989040825487,0.00855978367469931,102.0
101,2,50,30,0.6,1.0,0.7600944146948659,0.0006943472394614411,0.05261989040825487,0.00855978367469931,102.0
137,2,100,30,0.6,1.0,0.7600199601738163,0.0006242647477043363,0.052628065634714394,0.00855979746618018,102.0
35,2,5,30,1.0,1.0,0.7595915702972578,0.0,0.05267506255408955,0.008701247385200202,96.0
71,2,20,30,1.0,1.0,0.7595915702972578,0.0,0.05267506255408955,0.008701247385200202,96.0
107,2,50,30,1.0,1.0,0.7595915702972578,0.0,0.05267506255408955,0.008701247385200202,96.0
143,2,100,30,1.0,1.0,0.7595915702972578,0.0,0.05267506255408955,0.008701247385200202,96.0
