family,ece_input,policy,seed,station,n,r2,rmse,ubrmse,bias,mae,pearson
Clustering_V0_Full_k2,v3,as_routed,42,ECE_BBG_Lost_Meadow,30,-682.03172275147,0.19950784283546524,0.02089889722054195,0.19841022011939285,0.19841022011939285,0.10811681850618245
Clustering_V0_Full_k2,v3,as_routed,42,ECE_BBG_Main_St,30,-1147.9814211166463,0.1898785431855716,0.05949301376001958,0.18031761554552872,0.18031761554552872,-0.5395124241793084
Clustering_V0_Full_k2,v3,as_routed,42,ECE_Renton_Garden_North,30,-3.276363488866739,0.05357803800071423,0.01947777667647936,-0.0499121465351589,0.0499121465351589,0.7196986557504618
Clustering_V0_Full_k2,v3,as_routed,42,ECE_Renton_Garden_Shed,30,-69.51999649318279,0.03795043618306185,0.024390710343267865,0.029074539642708976,0.029074539642708976,0.4641757194236694
Clustering_V0_Full_k2,v3,as_routed,42,ECE_Renton_Home,30,-9346.983201010746,0.24099492420766272,0.017715763624619543,0.24034289091432204,0.24034289091432204,0.1279168827183063
Clustering_V0_Full_k2,v3,c0_only,42,ECE_BBG_Lost_Meadow,30,-41.72183339175476,0.049895855878127074,0.024273196725416925,0.04359367333157459,0.04359367333157459,-0.33840988448593534
Clustering_V0_Full_k2,v3,c0_only,42,ECE_BBG_Main_St,30,-77.90417201157823,0.04975873963046516,0.01625480341659674,0.04702885853920143,0.04702885853920143,0.6846481680460642
Clustering_V0_Full_k2,v3,c0_only,42,ECE_Renton_Garden_North,30,-3.276363488866739,0.05357803800071423,0.01947777667647936,-0.0499121465351589,0.0499121465351589,0.7196986557504618
Clustering_V0_Full_k2,v3,c0_only,42,ECE_Renton_Garden_Shed,30,-69.51999649318279,0.03795043618306185,0.024390710343267865,0.029074539642708976,0.029074539642708976,0.4641757194236694
Clustering_V0_Full_k2,v3,c0_only,42,ECE_Renton_Home,30,-1335.6948595617932,0.09113077695608689,0.02543235274138102,0.08751007909182819,0.08751007909182819,0.5540225907421332
Clustering_V0_Full_k2,v3,c1_only,42,ECE_BBG_Lost_Meadow,30,-702.9274716361805,0.20253658957332174,0.008906726163521868,0.2023406542073051,0.2023406542073051,-0.2858880021184928
Clustering_V0_Full_k2,v3,c1_only,42,ECE_BBG_Main_St,30,-1410.270826401879,0.2104381958703991,0.00903293730868615,0.2102442396946128,0.2102442396946128,-0.20763666355246474
Clustering_V0_Full_k2,v3,c1_only,42,ECE_Renton_Garden_North,30,-14.534987964552023,0.10211862535675148,0.02723101897222314,0.09842095940645462,0.09842095940645462,-0.3118373743234669
Clustering_V0_Full_k2,v3,c1_only,42,ECE_Renton_Garden_Shed,30,-1555.843440185401,0.17831303882595415,0.006397327609800199,0.17819824357944475,0.17819824357944475,-0.24545657772233603
Clustering_V0_Full_k2,v3,c1_only,42,ECE_Renton_Home,30,-9575.443299077706,0.24392204634075523,0.004298055971828955,0.24388417621060324,0.24388417621060324,0.5897065760744774
Clustering_V0_Full_k2,v3,gapi_transplant,42,ECE_BBG_Lost_Meadow,30,-41.72183339175476,0.049895855878127074,0.024273196725416925,0.04359367333157459,0.04359367333157459,-0.33840988448593534
Clustering_V0_Full_k2,v3,gapi_transplant,42,ECE_BBG_Main_St,30,-77.90417201157823,0.04975873963046516,0.01625480341659674,0.04702885853920143,0.04702885853920143,0.6846481680460642
Clustering_V0_Full_k2,v3,gapi_transplant,42,ECE_Renton_Garden_North,30,-3.276363488866739,0.05357803800071423,0.01947777667647936,-0.0499121465351589,0.0499121465351589,0.7196986557504618
Clustering_V0_Full_k2,v3,gapi_transplant,42,ECE_Renton_Garden_Shed,30,-69.51999649318279,0.03795043618306185,0.024390710343267865,0.029074539642708976,0.029074539642708976,0.4641757194236694
Clustering_V0_Full_k2,v3,gapi_transplant,42,ECE_Renton_Home,30,-1335.6948595617932,0.09113077695608689,0.02543235274138102,0.08751007909182819,0.08751007909182819,0.5540225907421332
Clustering_V0_Full_k2,v3,dynamic_transplant,42,ECE_BBG_Lost_Meadow,30,-41.72183339175476,0.049895855878127074,0.024273196725416925,0.04359367333157459,0.04359367333157459,-0.33840988448593534
Clustering_V0_Full_k2,v3,dynamic_transplant,42,ECE_BBG_Main_St,30,-77.90417201157823,0.04975873963046516,0.01625480341659674,0.04702885853920143,0.04702885853920143,0.6846481680460642
Clustering_V0_Full_k2,v3,dynamic_transplant,42,ECE_Renton_Garden_North,30,-3.276363488866739,0.05357803800071423,0.01947777667647936,-0.0499121465351589,0.0499121465351589,0.7196986557504618
Clustering_V0_Full_k2,v3,dynamic_transplant,42,ECE_Renton_Garden_Shed,30,-69.51999649318279,0.03795043618306185,0.024390710343267865,0.029074539642708976,0.029074539642708976,0.4641757194236694
Clustering_V0_Full_k2,v3,dynamic_transplant,42,ECE_Renton_Home,30,-1335.6948595617932,0.09113077695608689,0.02543235274138102,0.08751007909182819,0.08751007909182819,0.5540225907421332
Clustering_V0_Full_k2,v3,seasonal,42,ECE_BBG_Lost_Meadow,30,-41.72183339175476,0.049895855878127074,0.024273196725416925,0.04359367333157459,0.04359367333157459,-0.33840988448593534
Clustering_V0_Full_k2,v3,seasonal,42,ECE_BBG_Main_St,30,-77.90417201157823,0.04975873963046516,0.01625480341659674,0.04702885853920143,0.04702885853920143,0.6846481680460642
Clustering_V0_Full_k2,v3,seasonal,42,ECE_Renton_Garden_North,30,-3.276363488866739,0.05357803800071423,0.01947777667647936,-0.0499121465351589,0.0499121465351589,0.7196986557504618
Clustering_V0_Full_k2,v3,seasonal,42,ECE_Renton_Garden_Shed,30,-69.51999649318279,0.03795043618306185,0.024390710343267865,0.029074539642708976,0.029074539642708976,0.4641757194236694
Clustering_V0_Full_k2,v3,seasonal,42,ECE_Renton_Home,30,-1335.6948595617932,0.09113077695608689,0.02543235274138102,0.08751007909182819,0.08751007909182819,0.5540225907421332
Clustering_V0_Full_k2,v3,margin_fallback,42,ECE_BBG_Lost_Meadow,30,-69.27674242762056,0.06399489734026197,0.022145763762401172,0.060040919654603786,0.060040919654603786,-0.5714392073354692
Clustering_V0_Full_k2,v3,margin_fallback,42,ECE_BBG_Main_St,30,-58.499253227173696,0.04320909252179284,0.021804375334964876,0.03730408681108317,0.03730408681108317,0.7440412943399772
Clustering_V0_Full_k2,v3,margin_fallback,42,ECE_Renton_Garden_North,30,-8.020343211388928,0.07781458946530848,0.015679184390987783,-0.07621859032078658,0.07621859032078658,0.8015361397088475
Clustering_V0_Full_k2,v3,margin_fallback,42,ECE_Renton_Garden_Shed,30,-22.32423533018622,0.02182550685301169,0.021613182838791423,0.0030369519205664425,0.016095155879987937,0.4369409339012569
Clustering_V0_Full_k2,v3,margin_fallback,42,ECE_Renton_Home,30,-797.7268563087582,0.07044466005313389,0.0240101042848196,0.06622661868337901,0.06622661868337901,0.6550951982904153
Clustering_Backbone54_k2,v3,as_routed,42,ECE_BBG_Lost_Meadow,30,-41.72183339175476,0.049895855878127074,0.024273196725416925,0.04359367333157459,0.04359367333157459,-0.33840988448593534
Clustering_Backbone54_k2,v3,as_routed,42,ECE_BBG_Main_St,30,-1410.270826401879,0.2104381958703991,0.00903293730868615,0.2102442396946128,0.2102442396946128,-0.20763666355246474
Clustering_Backbone54_k2,v3,as_routed,42,ECE_Renton_Garden_North,30,-14.068350736093617,0.10057322110081149,0.0724190237622571,0.069788665268182,0.09401821079579661,-0.8449687497417441
Clustering_Backbone54_k2,v3,as_routed,42,ECE_Renton_Garden_Shed,30,-1221.7381729374292,0.1580255702456425,0.051588299038009745,0.1493677617621198,0.1493677617621198,-0.4243030085175348
Clustering_Backbone54_k2,v3,as_routed,42,ECE_Renton_Home,30,-9575.443299077706,0.24392204634075523,0.004298055971828955,0.24388417621060324,0.24388417621060324,0.5897065760744774
Clustering_Backbone54_k2,v3,c0_only,42,ECE_BBG_Lost_Meadow,30,-41.72183339175476,0.049895855878127074,0.024273196725416925,0.04359367333157459,0.04359367333157459,-0.33840988448593534
Clustering_Backbone54_k2,v3,c0_only,42,ECE_BBG_Main_St,30,-77.90417201157823,0.04975873963046516,0.01625480341659674,0.04702885853920143,0.04702885853920143,0.6846481680460642
Clustering_Backbone54_k2,v3,c0_only,42,ECE_Renton_Garden_North,30,-3.276363488866739,0.05357803800071423,0.01947777667647936,-0.0499121465351589,0.0499121465351589,0.7196986557504618
Clustering_Backbone54_k2,v3,c0_only,42,ECE_Renton_Garden_Shed,30,-69.51999649318279,0.03795043618306185,0.024390710343267865,0.029074539642708976,0.029074539642708976,0.4641757194236694
Clustering_Backbone54_k2,v3,c0_only,42,ECE_Renton_Home,30,-1335.6948595617932,0.09113077695608689,0.02543235274138102,0.08751007909182819,0.08751007909182819,0.5540225907421332
Clustering_Backbone54_k2,v3,c1_only,42,ECE_BBG_Lost_Meadow,30,-702.9274716361805,0.20253658957332174,0.008906726163521868,0.2023406542073051,0.2023406542073051,-0.2858880021184928
Clustering_Backbone54_k2,v3,c1_only,42,ECE_BBG_Main_St,30,-1410.270826401879,0.2104381958703991,0.00903293730868615,0.2102442396946128,0.2102442396946128,-0.20763666355246474
Clustering_Backbone54_k2,v3,c1_only,42,ECE_Renton_Garden_North,30,-14.534987964552023,0.10211862535675148,0.02723101897222314,0.09842095940645462,0.09842095940645462,-0.3118373743234669
Clustering_Backbone54_k2,v3,c1_only,42,ECE_Renton_Garden_Shed,30,-1555.843440185401,0.17831303882595415,0.006397327609800199,0.17819824357944475,0.17819824357944475,-0.24545657772233603
Clustering_Backbone54_k2,v3,c1_only,42,ECE_Renton_Home,30,-9575.443299077706,0.24392204634075523,0.004298055971828955,0.24388417621060324,0.24388417621060324,0.5897065760744774
Clustering_Backbone54_k2,v3,gapi_transplant,42,ECE_BBG_Lost_Meadow,30,-41.72183339175476,0.049895855878127074,0.024273196725416925,0.04359367333157459,0.04359367333157459,-0.33840988448593534
Clustering_Backbone54_k2,v3,gapi_transplant,42,ECE_BBG_Main_St,30,-77.90417201157823,0.04975873963046516,0.01625480341659674,0.04702885853920143,0.04702885853920143,0.6846481680460642
Clustering_Backbone54_k2,v3,gapi_transplant,42,ECE_Renton_Garden_North,30,-3.276363488866739,0.05357803800071423,0.01947777667647936,-0.0499121465351589,0.0499121465351589,0.7196986557504618
Clustering_Backbone54_k2,v3,gapi_transplant,42,ECE_Renton_Garden_Shed,30,-69.51999649318279,0.03795043618306185,0.024390710343267865,0.029074539642708976,0.029074539642708976,0.4641757194236694
Clustering_Backbone54_k2,v3,gapi_transplant,42,ECE_Renton_Home,30,-1335.6948595617932,0.09113077695608689,0.02543235274138102,0.08751007909182819,0.08751007909182819,0.5540225907421332
Clustering_Backbone54_k2,v3,dynamic_transplant,42,ECE_BBG_Lost_Meadow,30,-41.72183339175476,0.049895855878127074,0.024273196725416925,0.04359367333157459,0.04359367333157459,-0.33840988448593534
Clustering_Backbone54_k2,v3,dynamic_transplant,42,ECE_BBG_Main_St,30,-77.90417201157823,0.04975873963046516,0.01625480341659674,0.04702885853920143,0.04702885853920143,0.6846481680460642
Clustering_Backbone54_k2,v3,dynamic_transplant,42,ECE_Renton_Garden_North,30,-3.276363488866739,0.05357803800071423,0.01947777667647936,-0.0499121465351589,0.0499121465351589,0.7196986557504618
Clustering_Backbone54_k2,v3,dynamic_transplant,42,ECE_Renton_Garden_Shed,30,-69.51999649318279,0.03795043618306185,0.024390710343267865,0.029074539642708976,0.029074539642708976,0.4641757194236694
Clustering_Backbone54_k2,v3,dynamic_transplant,42,ECE_Renton_Home,30,-1335.6948595617932,0.09113077695608689,0.02543235274138102,0.08751007909182819,0.08751007909182819,0.5540225907421332
Clustering_Backbone54_k2,v3,seasonal,42,ECE_BBG_Lost_Meadow,30,-41.72183339175476,0.049895855878127074,0.024273196725416925,0.04359367333157459,0.04359367333157459,-0.33840988448593534
Clustering_Backbone54_k2,v3,seasonal,42,ECE_BBG_Main_St,30,-77.90417201157823,0.04975873963046516,0.01625480341659674,0.04702885853920143,0.04702885853920143,0.6846481680460642
Clustering_Backbone54_k2,v3,seasonal,42,ECE_Renton_Garden_North,30,-3.276363488866739,0.05357803800071423,0.01947777667647936,-0.0499121465351589,0.0499121465351589,0.7196986557504618
Clustering_Backbone54_k2,v3,seasonal,42,ECE_Renton_Garden_Shed,30,-69.51999649318279,0.03795043618306185,0.024390710343267865,0.029074539642708976,0.029074539642708976,0.4641757194236694
Clustering_Backbone54_k2,v3,seasonal,42,ECE_Renton_Home,30,-1335.6948595617932,0.09113077695608689,0.02543235274138102,0.08751007909182819,0.08751007909182819,0.5540225907421332
Clustering_Backbone54_k2,v3,margin_fallback,42,ECE_BBG_Lost_Meadow,30,-69.27674242762056,0.06399489734026197,0.022145763762401172,0.060040919654603786,0.060040919654603786,-0.5714392073354692
Clustering_Backbone54_k2,v3,margin_fallback,42,ECE_BBG_Main_St,30,-58.499253227173696,0.04320909252179284,0.021804375334964876,0.03730408681108317,0.03730408681108317,0.7440412943399772
Clustering_Backbone54_k2,v3,margin_fallback,42,ECE_Renton_Garden_North,30,-8.020343211388928,0.07781458946530848,0.015679184390987783,-0.07621859032078658,0.07621859032078658,0.8015361397088475
Clustering_Backbone54_k2,v3,margin_fallback,42,ECE_Renton_Garden_Shed,30,-22.32423533018622,0.02182550685301169,0.021613182838791423,0.0030369519205664425,0.016095155879987937,0.4369409339012569
Clustering_Backbone54_k2,v3,margin_fallback,42,ECE_Renton_Home,30,-797.7268563087582,0.07044466005313389,0.0240101042848196,0.06622661868337901,0.06622661868337901,0.6550951982904153
Global_Single_54,v3,direct,42,ECE_BBG_Lost_Meadow,30,-69.27674242762056,0.06399489734026197,0.022145763762401172,0.060040919654603786,0.060040919654603786,-0.5714392073354692
Global_Single_54,v3,direct,42,ECE_BBG_Main_St,30,-58.499253227173696,0.04320909252179284,0.021804375334964876,0.03730408681108317,0.03730408681108317,0.7440412943399772
Global_Single_54,v3,direct,42,ECE_Renton_Garden_North,30,-8.020343211388928,0.07781458946530848,0.015679184390987783,-0.07621859032078658,0.07621859032078658,0.8015361397088475
Global_Single_54,v3,direct,42,ECE_Renton_Garden_Shed,30,-22.32423533018622,0.02182550685301169,0.021613182838791423,0.0030369519205664425,0.016095155879987937,0.4369409339012569
Global_Single_54,v3,direct,42,ECE_Renton_Home,30,-797.7268563087582,0.07044466005313389,0.0240101042848196,0.06622661868337901,0.06622661868337901,0.6550951982904153
Global_Single_50,v3,direct,42,ECE_BBG_Lost_Meadow,30,-35.20535110698604,0.04593311698929303,0.013598686745938093,0.043873989505604886,0.043873989505604886,-0.5134418860478287
Global_Single_50,v3,direct,42,ECE_BBG_Main_St,30,-7.021387493920079,0.015865148304290737,0.006673969201575604,0.014393090905485158,0.014393090905485158,0.527531150398218
Global_Single_50,v3,direct,42,ECE_Renton_Garden_North,30,-8.293509805970888,0.07898404659765217,0.037524597543827636,-0.06950096543296254,0.06950096543296254,-0.37806068473377563
Global_Single_50,v3,direct,42,ECE_Renton_Garden_Shed,30,-20.89705890745217,0.021147231723962254,0.01867211401616169,0.009927616418577711,0.017816888030609764,0.28586565548879556
Global_Single_50,v3,direct,42,ECE_Renton_Home,30,-809.3823535183317,0.07095678369942686,0.021052153766752128,0.06776187700136614,0.06776187700136614,0.017807141164014148
Clustering_V0_Full_k2,v3,as_routed,7,ECE_BBG_Lost_Meadow,30,-651.3926486912836,0.19498179533774265,0.021051922079843733,0.19384199000699914,0.19384199000699914,0.12314003483112243
Clustering_V0_Full_k2,v3,as_routed,7,ECE_BBG_Main_St,30,-1131.8599088621736,0.18854173173595037,0.058555377419690975,0.1792184487747526,0.1792184487747526,-0.556897528415657
Clustering_V0_Full_k2,v3,as_routed,7,ECE_Renton_Garden_North,30,-4.0196076270155,0.05804761555082186,0.019634054246840792,-0.05462627192998007,0.05462627192998007,0.7325316491903999
Clustering_V0_Full_k2,v3,as_routed,7,ECE_Renton_Garden_Shed,30,-60.66238073706923,0.0354871216313604,0.025847807685813642,0.02431515246746687,0.02431515246746687,0.4648447004683187
Clustering_V0_Full_k2,v3,as_routed,7,ECE_Renton_Home,30,-8918.762876108458,0.23541036928797537,0.0172077258721511,0.23478061278267812,0.23478061278267812,0.14804338156560004
Clustering_V0_Full_k2,v3,c0_only,7,ECE_BBG_Lost_Meadow,30,-37.377263415588686,0.047290786527055824,0.02469985165219771,0.0403278541297078,0.04038357147841963,-0.332570753750939
Clustering_V0_Full_k2,v3,c0_only,7,ECE_BBG_Main_St,30,-77.04435382061887,0.04948688669427184,0.01725961491066814,0.046379495985048626,0.046379495985048626,0.669767322921455
Clustering_V0_Full_k2,v3,c0_only,7,ECE_Renton_Garden_North,30,-4.0196076270155,0.05804761555082186,0.019634054246840792,-0.05462627192998007,0.05462627192998007,0.7325316491903999
Clustering_V0_Full_k2,v3,c0_only,7,ECE_Renton_Garden_Shed,30,-60.66238073706923,0.0354871216313604,0.025847807685813642,0.02431515246746687,0.02431515246746687,0.4648447004683187
Clustering_V0_Full_k2,v3,c0_only,7,ECE_Renton_Home,30,-1239.3961428772145,0.08778678365085331,0.026767878555548203,0.08360622023149443,0.08360622023149443,0.5598115286968214
Clustering_V0_Full_k2,v3,c1_only,7,ECE_BBG_Lost_Meadow,30,-671.4868225362785,0.1979618140859175,0.008726244491654413,0.1977693922053138,0.1977693922053138,-0.15052227732357296
Clustering_V0_Full_k2,v3,c1_only,7,ECE_BBG_Main_St,30,-1376.3910926804476,0.20789690451878037,0.011777635659981887,0.2075630270706987,0.2075630270706987,-0.38374031836377787
Clustering_V0_Full_k2,v3,c1_only,7,ECE_Renton_Garden_North,30,-13.420930326489584,0.09838890761909237,0.027084307262631474,0.09458761780794388,0.09458761780794388,-0.309133626075874
Clustering_V0_Full_k2,v3,c1_only,7,ECE_Renton_Garden_Shed,30,-1475.7988133158544,0.1736685979398168,0.005958361953626398,0.17356635570643095,0.17356635570643095,-0.16497948364002424
Clustering_V0_Full_k2,v3,c1_only,7,ECE_Renton_Home,30,-9138.956445766273,0.23829832906822285,0.004616300891749704,0.238253611520967,0.238253611520967,0.5981887028920859
Clustering_V0_Full_k2,v3,gapi_transplant,7,ECE_BBG_Lost_Meadow,30,-37.377263415588686,0.047290786527055824,0.02469985165219771,0.0403278541297078,0.04038357147841963,-0.332570753750939
Clustering_V0_Full_k2,v3,gapi_transplant,7,ECE_BBG_Main_St,30,-77.04435382061887,0.04948688669427184,0.01725961491066814,0.046379495985048626,0.046379495985048626,0.669767322921455
Clustering_V0_Full_k2,v3,gapi_transplant,7,ECE_Renton_Garden_North,30,-4.0196076270155,0.05804761555082186,0.019634054246840792,-0.05462627192998007,0.05462627192998007,0.7325316491903999
Clustering_V0_Full_k2,v3,gapi_transplant,7,ECE_Renton_Garden_Shed,30,-60.66238073706923,0.0354871216313604,0.025847807685813642,0.02431515246746687,0.02431515246746687,0.4648447004683187
Clustering_V0_Full_k2,v3,gapi_transplant,7,ECE_Renton_Home,30,-1239.3961428772145,0.08778678365085331,0.026767878555548203,0.08360622023149443,0.08360622023149443,0.5598115286968214
Clustering_V0_Full_k2,v3,dynamic_transplant,7,ECE_BBG_Lost_Meadow,30,-37.377263415588686,0.047290786527055824,0.02469985165219771,0.0403278541297078,0.04038357147841963,-0.332570753750939
Clustering_V0_Full_k2,v3,dynamic_transplant,7,ECE_BBG_Main_St,30,-77.04435382061887,0.04948688669427184,0.01725961491066814,0.046379495985048626,0.046379495985048626,0.669767322921455
Clustering_V0_Full_k2,v3,dynamic_transplant,7,ECE_Renton_Garden_North,30,-4.0196076270155,0.05804761555082186,0.019634054246840792,-0.05462627192998007,0.05462627192998007,0.7325316491903999
Clustering_V0_Full_k2,v3,dynamic_transplant,7,ECE_Renton_Garden_Shed,30,-60.66238073706923,0.0354871216313604,0.025847807685813642,0.02431515246746687,0.02431515246746687,0.4648447004683187
Clustering_V0_Full_k2,v3,dynamic_transplant,7,ECE_Renton_Home,30,-1239.3961428772145,0.08778678365085331,0.026767878555548203,0.08360622023149443,0.08360622023149443,0.5598115286968214
Clustering_V0_Full_k2,v3,seasonal,7,ECE_BBG_Lost_Meadow,30,-37.377263415588686,0.047290786527055824,0.02469985165219771,0.0403278541297078,0.04038357147841963,-0.332570753750939
Clustering_V0_Full_k2,v3,seasonal,7,ECE_BBG_Main_St,30,-77.04435382061887,0.04948688669427184,0.01725961491066814,0.046379495985048626,0.046379495985048626,0.669767322921455
Clustering_V0_Full_k2,v3,seasonal,7,ECE_Renton_Garden_North,30,-4.0196076270155,0.05804761555082186,0.019634054246840792,-0.05462627192998007,0.05462627192998007,0.7325316491903999
Clustering_V0_Full_k2,v3,seasonal,7,ECE_Renton_Garden_Shed,30,-60.66238073706923,0.0354871216313604,0.025847807685813642,0.02431515246746687,0.02431515246746687,0.4648447004683187
Clustering_V0_Full_k2,v3,seasonal,7,ECE_Renton_Home,30,-1239.3961428772145,0.08778678365085331,0.026767878555548203,0.08360622023149443,0.08360622023149443,0.5598115286968214
Clustering_V0_Full_k2,v3,margin_fallback,7,ECE_BBG_Lost_Meadow,30,-65.25870990969266,0.06213853693010945,0.022329780181775876,0.057987746023174115,0.057987746023174115,-0.564231505861634
Clustering_V0_Full_k2,v3,margin_fallback,7,ECE_BBG_Main_St,30,-61.96009949044134,0.04444798635004983,0.023263733374154997,0.03787376664751531,0.03787376664751531,0.716043216829825
Clustering_V0_Full_k2,v3,margin_fallback,7,ECE_Renton_Garden_North,30,-8.097331549081096,0.07814595641872761,0.01527618771713706,-0.07663829717203055,0.07663829717203055,0.8191281624317124
Clustering_V0_Full_k2,v3,margin_fallback,7,ECE_Renton_Garden_Shed,30,-25.89064925388239,0.02343480126087477,0.023298397709614706,0.0025247919322823314,0.01769675665113694,0.437665672693323
Clustering_V0_Full_k2,v3,margin_fallback,7,ECE_Renton_Home,30,-812.2973010270206,0.07108428501775804,0.023600198605890944,0.06705226470633459,0.06705226470633459,0.6775494374304787
Clustering_Backbone54_k2,v3,as_routed,7,ECE_BBG_Lost_Meadow,30,-37.377263415588686,0.047290786527055824,0.02469985165219771,0.0403278541297078,0.04038357147841963,-0.332570753750939
Clustering_Backbone54_k2,v3,as_routed,7,ECE_BBG_Main_St,30,-1376.3910926804476,0.20789690451878037,0.011777635659981887,0.2075630270706987,0.2075630270706987,-0.38374031836377787
Clustering_Backbone54_k2,v3,as_routed,7,ECE_Renton_Garden_North,30,-13.188105995527103,0.09759143671589153,0.07148319350448547,0.06643975892996713,0.09169487488992682,-0.8411995101747033
Clustering_Backbone54_k2,v3,as_routed,7,ECE_Renton_Garden_Shed,30,-1157.987246294496,0.15385087099979838,0.050316252014897186,0.1453903892647996,0.1453903892647996,-0.41708106809250506
Clustering_Backbone54_k2,v3,as_routed,7,ECE_Renton_Home,30,-9138.956445766273,0.23829832906822285,0.004616300891749704,0.238253611520967,0.238253611520967,0.5981887028920859
Clustering_Backbone54_k2,v3,c0_only,7,ECE_BBG_Lost_Meadow,30,-37.377263415588686,0.047290786527055824,0.02469985165219771,0.0403278541297078,0.04038357147841963,-0.332570753750939
Clustering_Backbone54_k2,v3,c0_only,7,ECE_BBG_Main_St,30,-77.04435382061887,0.04948688669427184,0.01725961491066814,0.046379495985048626,0.046379495985048626,0.669767322921455
Clustering_Backbone54_k2,v3,c0_only,7,ECE_Renton_Garden_North,30,-4.0196076270155,0.05804761555082186,0.019634054246840792,-0.05462627192998007,0.05462627192998007,0.7325316491903999
Clustering_Backbone54_k2,v3,c0_only,7,ECE_Renton_Garden_Shed,30,-60.66238073706923,0.0354871216313604,0.025847807685813642,0.02431515246746687,0.02431515246746687,0.4648447004683187
Clustering_Backbone54_k2,v3,c0_only,7,ECE_Renton_Home,30,-1239.3961428772145,0.08778678365085331,0.026767878555548203,0.08360622023149443,0.08360622023149443,0.5598115286968214
Clustering_Backbone54_k2,v3,c1_only,7,ECE_BBG_Lost_Meadow,30,-671.4868225362785,0.1979618140859175,0.008726244491654413,0.1977693922053138,0.1977693922053138,-0.15052227732357296
Clustering_Backbone54_k2,v3,c1_only,7,ECE_BBG_Main_St,30,-1376.3910926804476,0.20789690451878037,0.011777635659981887,0.2075630270706987,0.2075630270706987,-0.38374031836377787
Clustering_Backbone54_k2,v3,c1_only,7,ECE_Renton_Garden_North,30,-13.420930326489584,0.09838890761909237,0.027084307262631474,0.09458761780794388,0.09458761780794388,-0.309133626075874
Clustering_Backbone54_k2,v3,c1_only,7,ECE_Renton_Garden_Shed,30,-1475.7988133158544,0.1736685979398168,0.005958361953626398,0.17356635570643095,0.17356635570643095,-0.16497948364002424
Clustering_Backbone54_k2,v3,c1_only,7,ECE_Renton_Home,30,-9138.956445766273,0.23829832906822285,0.004616300891749704,0.238253611520967,0.238253611520967,0.5981887028920859
Clustering_Backbone54_k2,v3,gapi_transplant,7,ECE_BBG_Lost_Meadow,30,-37.377263415588686,0.047290786527055824,0.02469985165219771,0.0403278541297078,0.04038357147841963,-0.332570753750939
Clustering_Backbone54_k2,v3,gapi_transplant,7,ECE_BBG_Main_St,30,-77.04435382061887,0.04948688669427184,0.01725961491066814,0.046379495985048626,0.046379495985048626,0.669767322921455
Clustering_Backbone54_k2,v3,gapi_transplant,7,ECE_Renton_Garden_North,30,-4.0196076270155,0.05804761555082186,0.019634054246840792,-0.05462627192998007,0.05462627192998007,0.7325316491903999
Clustering_Backbone54_k2,v3,gapi_transplant,7,ECE_Renton_Garden_Shed,30,-60.66238073706923,0.0354871216313604,0.025847807685813642,0.02431515246746687,0.02431515246746687,0.4648447004683187
Clustering_Backbone54_k2,v3,gapi_transplant,7,ECE_Renton_Home,30,-1239.3961428772145,0.08778678365085331,0.026767878555548203,0.08360622023149443,0.08360622023149443,0.5598115286968214
Clustering_Backbone54_k2,v3,dynamic_transplant,7,ECE_BBG_Lost_Meadow,30,-37.377263415588686,0.047290786527055824,0.02469985165219771,0.0403278541297078,0.04038357147841963,-0.332570753750939
Clustering_Backbone54_k2,v3,dynamic_transplant,7,ECE_BBG_Main_St,30,-77.04435382061887,0.04948688669427184,0.01725961491066814,0.046379495985048626,0.046379495985048626,0.669767322921455
Clustering_Backbone54_k2,v3,dynamic_transplant,7,ECE_Renton_Garden_North,30,-4.0196076270155,0.05804761555082186,0.019634054246840792,-0.05462627192998007,0.05462627192998007,0.7325316491903999
Clustering_Backbone54_k2,v3,dynamic_transplant,7,ECE_Renton_Garden_Shed,30,-60.66238073706923,0.0354871216313604,0.025847807685813642,0.02431515246746687,0.02431515246746687,0.4648447004683187
Clustering_Backbone54_k2,v3,dynamic_transplant,7,ECE_Renton_Home,30,-1239.3961428772145,0.08778678365085331,0.026767878555548203,0.08360622023149443,0.08360622023149443,0.5598115286968214
Clustering_Backbone54_k2,v3,seasonal,7,ECE_BBG_Lost_Meadow,30,-37.377263415588686,0.047290786527055824,0.02469985165219771,0.0403278541297078,0.04038357147841963,-0.332570753750939
Clustering_Backbone54_k2,v3,seasonal,7,ECE_BBG_Main_St,30,-77.04435382061887,0.04948688669427184,0.01725961491066814,0.046379495985048626,0.046379495985048626,0.669767322921455
Clustering_Backbone54_k2,v3,seasonal,7,ECE_Renton_Garden_North,30,-4.0196076270155,0.05804761555082186,0.019634054246840792,-0.05462627192998007,0.05462627192998007,0.7325316491903999
Clustering_Backbone54_k2,v3,seasonal,7,ECE_Renton_Garden_Shed,30,-60.66238073706923,0.0354871216313604,0.025847807685813642,0.02431515246746687,0.02431515246746687,0.4648447004683187
Clustering_Backbone54_k2,v3,seasonal,7,ECE_Renton_Home,30,-1239.3961428772145,0.08778678365085331,0.026767878555548203,0.08360622023149443,0.08360622023149443,0.5598115286968214
Clustering_Backbone54_k2,v3,margin_fallback,7,ECE_BBG_Lost_Meadow,30,-65.25870990969266,0.06213853693010945,0.022329780181775876,0.057987746023174115,0.057987746023174115,-0.564231505861634
Clustering_Backbone54_k2,v3,margin_fallback,7,ECE_BBG_Main_St,30,-61.96009949044134,0.04444798635004983,0.023263733374154997,0.03787376664751531,0.03787376664751531,0.716043216829825
Clustering_Backbone54_k2,v3,margin_fallback,7,ECE_Renton_Garden_North,30,-8.097331549081096,0.07814595641872761,0.01527618771713706,-0.07663829717203055,0.07663829717203055,0.8191281624317124
Clustering_Backbone54_k2,v3,margin_fallback,7,ECE_Renton_Garden_Shed,30,-25.89064925388239,0.02343480126087477,0.023298397709614706,0.0025247919322823314,0.01769675665113694,0.437665672693323
Clustering_Backbone54_k2,v3,margin_fallback,7,ECE_Renton_Home,30,-812.2973010270206,0.07108428501775804,0.023600198605890944,0.06705226470633459,0.06705226470633459,0.6775494374304787
Global_Single_54,v3,direct,7,ECE_BBG_Lost_Meadow,30,-65.25870990969266,0.06213853693010945,0.022329780181775876,0.057987746023174115,0.057987746023174115,-0.564231505861634
Global_Single_54,v3,direct,7,ECE_BBG_Main_St,30,-61.96009949044134,0.04444798635004983,0.023263733374154997,0.03787376664751531,0.03787376664751531,0.716043216829825
Global_Single_54,v3,direct,7,ECE_Renton_Garden_North,30,-8.097331549081096,0.07814595641872761,0.01527618771713706,-0.07663829717203055,0.07663829717203055,0.8191281624317124
Global_Single_54,v3,direct,7,ECE_Renton_Garden_Shed,30,-25.89064925388239,0.02343480126087477,0.023298397709614706,0.0025247919322823314,0.01769675665113694,0.437665672693323
Global_Single_54,v3,direct,7,ECE_Renton_Home,30,-812.2973010270206,0.07108428501775804,0.023600198605890944,0.06705226470633459,0.06705226470633459,0.6775494374304787
Global_Single_50,v3,direct,7,ECE_BBG_Lost_Meadow,30,-38.737401371525564,0.04812151227571589,0.013266347914486125,0.046256717963055756,0.046256717963055756,-0.4993366522741002
Global_Single_50,v3,direct,7,ECE_BBG_Main_St,30,-8.071556081601708,0.01687175587448586,0.006415749657061775,0.01560430397762617,0.01560430397762617,0.5564402782886707
Global_Single_50,v3,direct,7,ECE_Renton_Garden_North,30,-8.182020914042532,0.07850885405527151,0.03679052729707564,-0.06935486476286327,0.06935486476286327,-0.3511162482207282
Global_Single_50,v3,direct,7,ECE_Renton_Garden_Shed,30,-19.404843980849208,0.020413960496309818,0.017789137439243034,0.010013809081094942,0.017331122500761045,0.3253155923186954
Global_Single_50,v3,direct,7,ECE_Renton_Home,30,-831.8704699207588,0.07193457234746867,0.02070853827723433,0.06888932530685378,0.06888932530685378,0.026515796145520944
Clustering_V0_Full_k2,v3,as_routed,13,ECE_BBG_Lost_Meadow,30,-645.7134348212908,0.19413126170660122,0.020356124830106806,0.19306106534901854,0.19306106534901854,0.1578578508847752
Clustering_V0_Full_k2,v3,as_routed,13,ECE_BBG_Main_St,30,-1131.7129721655888,0.1885295040115015,0.05934344614223013,0.17894616308484235,0.17894616308484235,-0.5701341725093527
Clustering_V0_Full_k2,v3,as_routed,13,ECE_Renton_Garden_North,30,-3.1259984637283873,0.05262765638339084,0.018390100641074013,-0.049309982912382234,0.049309982912382234,0.7342509978391925
Clustering_V0_Full_k2,v3,as_routed,13,ECE_Renton_Garden_Shed,30,-67.12136276984351,0.037299438540814536,0.022657520559366897,0.029629122119324884,0.029629122119324884,0.44727739984582315
Clustering_V0_Full_k2,v3,as_routed,13,ECE_Renton_Home,30,-8881.08356351919,0.23491262690211018,0.016983672542169908,0.23429788122181208,0.23429788122181208,0.07342334533675929
Clustering_V0_Full_k2,v3,c0_only,13,ECE_BBG_Lost_Meadow,30,-43.31126417406945,0.050815547107449205,0.021490839356966402,0.0460474065671722,0.0460474065671722,-0.31874937703603845
Clustering_V0_Full_k2,v3,c0_only,13,ECE_BBG_Main_St,30,-88.2770981908707,0.052928479836321984,0.013964330748361679,0.051053123749035215,0.051053123749035215,0.6578392976906874
Clustering_V0_Full_k2,v3,c0_only,13,ECE_Renton_Garden_North,30,-3.1259984637283873,0.05262765638339084,0.018390100641074013,-0.049309982912382234,0.049309982912382234,0.7342509978391925
Clustering_V0_Full_k2,v3,c0_only,13,ECE_Renton_Garden_Shed,30,-67.12136276984351,0.037299438540814536,0.022657520559366897,0.029629122119324884,0.029629122119324884,0.44727739984582315
Clustering_V0_Full_k2,v3,c0_only,13,ECE_Renton_Home,30,-1348.6243827169071,0.09157045916263867,0.023183691428755034,0.08858705008630069,0.08858705008630069,0.5410909040515053
Clustering_V0_Full_k2,v3,c1_only,13,ECE_BBG_Lost_Meadow,30,-664.8376690147338,0.1969807180400359,0.0078883867519066,0.19682270355327525,0.19682270355327525,0.09807320962956387
Clustering_V0_Full_k2,v3,c1_only,13,ECE_BBG_Main_St,30,-1366.9414748503073,0.20718253683993323,0.01379067400353447,0.20672305358125526,0.20672305358125526,-0.46230923280184005
Clustering_V0_Full_k2,v3,c1_only,13,ECE_Renton_Garden_North,30,-13.010752791337623,0.09697956564288322,0.027854546097441722,0.0928932743205222,0.0928932743205222,-0.4710498007445193
Clustering_V0_Full_k2,v3,c1_only,13,ECE_Renton_Garden_Shed,30,-1453.5189935294927,0.17235358813882784,0.006912128264989056,0.17221492916462566,0.17221492916462566,-0.37324811882468256
Clustering_V0_Full_k2,v3,c1_only,13,ECE_Renton_Home,30,-9093.70086336758,0.2377076417785475,0.0037775651813043215,0.2376776240230015,0.2376776240230015,0.47630759871447076
Clustering_V0_Full_k2,v3,gapi_transplant,13,ECE_BBG_Lost_Meadow,30,-43.31126417406945,0.050815547107449205,0.021490839356966402,0.0460474065671722,0.0460474065671722,-0.31874937703603845
Clustering_V0_Full_k2,v3,gapi_transplant,13,ECE_BBG_Main_St,30,-88.2770981908707,0.052928479836321984,0.013964330748361679,0.051053123749035215,0.051053123749035215,0.6578392976906874
Clustering_V0_Full_k2,v3,gapi_transplant,13,ECE_Renton_Garden_North,30,-3.1259984637283873,0.05262765638339084,0.018390100641074013,-0.049309982912382234,0.049309982912382234,0.7342509978391925
Clustering_V0_Full_k2,v3,gapi_transplant,13,ECE_Renton_Garden_Shed,30,-67.12136276984351,0.037299438540814536,0.022657520559366897,0.029629122119324884,0.029629122119324884,0.44727739984582315
Clustering_V0_Full_k2,v3,gapi_transplant,13,ECE_Renton_Home,30,-1348.6243827169071,0.09157045916263867,0.023183691428755034,0.08858705008630069,0.08858705008630069,0.5410909040515053
Clustering_V0_Full_k2,v3,dynamic_transplant,13,ECE_BBG_Lost_Meadow,30,-43.31126417406945,0.050815547107449205,0.021490839356966402,0.0460474065671722,0.0460474065671722,-0.31874937703603845
Clustering_V0_Full_k2,v3,dynamic_transplant,13,ECE_BBG_Main_St,30,-88.2770981908707,0.052928479836321984,0.013964330748361679,0.051053123749035215,0.051053123749035215,0.6578392976906874
Clustering_V0_Full_k2,v3,dynamic_transplant,13,ECE_Renton_Garden_North,30,-3.1259984637283873,0.05262765638339084,0.018390100641074013,-0.049309982912382234,0.049309982912382234,0.7342509978391925
Clustering_V0_Full_k2,v3,dynamic_transplant,13,ECE_Renton_Garden_Shed,30,-67.12136276984351,0.037299438540814536,0.022657520559366897,0.029629122119324884,0.029629122119324884,0.44727739984582315
Clustering_V0_Full_k2,v3,dynamic_transplant,13,ECE_Renton_Home,30,-1348.6243827169071,0.09157045916263867,0.023183691428755034,0.08858705008630069,0.08858705008630069,0.5410909040515053
Clustering_V0_Full_k2,v3,seasonal,13,ECE_BBG_Lost_Meadow,30,-43.31126417406945,0.050815547107449205,0.021490839356966402,0.0460474065671722,0.0460474065671722,-0.31874937703603845
Clustering_V0_Full_k2,v3,seasonal,13,ECE_BBG_Main_St,30,-88.2770981908707,0.052928479836321984,0.013964330748361679,0.051053123749035215,0.051053123749035215,0.6578392976906874
Clustering_V0_Full_k2,v3,seasonal,13,ECE_Renton_Garden_North,30,-3.1259984637283873,0.05262765638339084,0.018390100641074013,-0.049309982912382234,0.049309982912382234,0.7342509978391925
Clustering_V0_Full_k2,v3,seasonal,13,ECE_Renton_Garden_Shed,30,-67.12136276984351,0.037299438540814536,0.022657520559366897,0.029629122119324884,0.029629122119324884,0.44727739984582315
Clustering_V0_Full_k2,v3,seasonal,13,ECE_Renton_Home,30,-1348.6243827169071,0.09157045916263867,0.023183691428755034,0.08858705008630069,0.08858705008630069,0.5410909040515053
Clustering_V0_Full_k2,v3,margin_fallback,13,ECE_BBG_Lost_Meadow,30,-63.29042216950019,0.06120863216744581,0.02142168456477582,0.05733766721987325,0.05733766721987325,-0.5364824837902338
Clustering_V0_Full_k2,v3,margin_fallback,13,ECE_BBG_Main_St,30,-48.92165347446511,0.03957891354924807,0.021846332844768973,0.033003456470109625,0.033003456470109625,0.7417090911583558
Clustering_V0_Full_k2,v3,margin_fallback,13,ECE_Renton_Garden_North,30,-8.361207306538534,0.07927119970307298,0.01525797334867001,-0.0777889282073982,0.0777889282073982,0.8127521179151491
Clustering_V0_Full_k2,v3,margin_fallback,13,ECE_Renton_Garden_Shed,30,-21.688342768874023,0.0215259346846988,0.021487594322596008,0.0012841940186197388,0.01703068890187508,0.48312882808382784
Clustering_V0_Full_k2,v3,margin_fallback,13,ECE_Renton_Home,30,-749.2266545061832,0.06827240141263795,0.02324191050249211,0.06419450436635923,0.06419450436635923,0.6655086076922864
Clustering_Backbone54_k2,v3,as_routed,13,ECE_BBG_Lost_Meadow,30,-43.31126417406945,0.050815547107449205,0.021490839356966402,0.0460474065671722,0.0460474065671722,-0.31874937703603845
Clustering_Backbone54_k2,v3,as_routed,13,ECE_BBG_Main_St,30,-1366.9414748503073,0.20718253683993323,0.01379067400353447,0.20672305358125526,0.20672305358125526,-0.46230923280184005
Clustering_Backbone54_k2,v3,as_routed,13,ECE_Renton_Garden_North,30,-12.877780458228946,0.09651826486418155,0.07077734936724629,0.06562272677159235,0.09077254317927033,-0.8415447018326024
Clustering_Backbone54_k2,v3,as_routed,13,ECE_Renton_Garden_Shed,30,-1148.5262997975826,0.1532216330351252,0.04994811394953135,0.14485183720904338,0.14485183720904338,-0.426333348194094
Clustering_Backbone54_k2,v3,as_routed,13,ECE_Renton_Home,30,-9093.70086336758,0.2377076417785475,0.0037775651813043215,0.2376776240230015,0.2376776240230015,0.47630759871447076
Clustering_Backbone54_k2,v3,c0_only,13,ECE_BBG_Lost_Meadow,30,-43.31126417406945,0.050815547107449205,0.021490839356966402,0.0460474065671722,0.0460474065671722,-0.31874937703603845
Clustering_Backbone54_k2,v3,c0_only,13,ECE_BBG_Main_St,30,-88.2770981908707,0.052928479836321984,0.013964330748361679,0.051053123749035215,0.051053123749035215,0.6578392976906874
Clustering_Backbone54_k2,v3,c0_only,13,ECE_Renton_Garden_North,30,-3.1259984637283873,0.05262765638339084,0.018390100641074013,-0.049309982912382234,0.049309982912382234,0.7342509978391925
Clustering_Backbone54_k2,v3,c0_only,13,ECE_Renton_Garden_Shed,30,-67.12136276984351,0.037299438540814536,0.022657520559366897,0.029629122119324884,0.029629122119324884,0.44727739984582315
Clustering_Backbone54_k2,v3,c0_only,13,ECE_Renton_Home,30,-1348.6243827169071,0.09157045916263867,0.023183691428755034,0.08858705008630069,0.08858705008630069,0.5410909040515053
Clustering_Backbone54_k2,v3,c1_only,13,ECE_BBG_Lost_Meadow,30,-664.8376690147338,0.1969807180400359,0.0078883867519066,0.19682270355327525,0.19682270355327525,0.09807320962956387
Clustering_Backbone54_k2,v3,c1_only,13,ECE_BBG_Main_St,30,-1366.9414748503073,0.20718253683993323,0.01379067400353447,0.20672305358125526,0.20672305358125526,-0.46230923280184005
Clustering_Backbone54_k2,v3,c1_only,13,ECE_Renton_Garden_North,30,-13.010752791337623,0.09697956564288322,0.027854546097441722,0.0928932743205222,0.0928932743205222,-0.4710498007445193
Clustering_Backbone54_k2,v3,c1_only,13,ECE_Renton_Garden_Shed,30,-1453.5189935294927,0.17235358813882784,0.006912128264989056,0.17221492916462566,0.17221492916462566,-0.37324811882468256
Clustering_Backbone54_k2,v3,c1_only,13,ECE_Renton_Home,30,-9093.70086336758,0.2377076417785475,0.0037775651813043215,0.2376776240230015,0.2376776240230015,0.47630759871447076
Clustering_Backbone54_k2,v3,gapi_transplant,13,ECE_BBG_Lost_Meadow,30,-43.31126417406945,0.050815547107449205,0.021490839356966402,0.0460474065671722,0.0460474065671722,-0.31874937703603845
Clustering_Backbone54_k2,v3,gapi_transplant,13,ECE_BBG_Main_St,30,-88.2770981908707,0.052928479836321984,0.013964330748361679,0.051053123749035215,0.051053123749035215,0.6578392976906874
Clustering_Backbone54_k2,v3,gapi_transplant,13,ECE_Renton_Garden_North,30,-3.1259984637283873,0.05262765638339084,0.018390100641074013,-0.049309982912382234,0.049309982912382234,0.7342509978391925
Clustering_Backbone54_k2,v3,gapi_transplant,13,ECE_Renton_Garden_Shed,30,-67.12136276984351,0.037299438540814536,0.022657520559366897,0.029629122119324884,0.029629122119324884,0.44727739984582315
Clustering_Backbone54_k2,v3,gapi_transplant,13,ECE_Renton_Home,30,-1348.6243827169071,0.09157045916263867,0.023183691428755034,0.08858705008630069,0.08858705008630069,0.5410909040515053
Clustering_Backbone54_k2,v3,dynamic_transplant,13,ECE_BBG_Lost_Meadow,30,-43.31126417406945,0.050815547107449205,0.021490839356966402,0.0460474065671722,0.0460474065671722,-0.31874937703603845
Clustering_Backbone54_k2,v3,dynamic_transplant,13,ECE_BBG_Main_St,30,-88.2770981908707,0.052928479836321984,0.013964330748361679,0.051053123749035215,0.051053123749035215,0.6578392976906874
Clustering_Backbone54_k2,v3,dynamic_transplant,13,ECE_Renton_Garden_North,30,-3.1259984637283873,0.05262765638339084,0.018390100641074013,-0.049309982912382234,0.049309982912382234,0.7342509978391925
Clustering_Backbone54_k2,v3,dynamic_transplant,13,ECE_Renton_Garden_Shed,30,-67.12136276984351,0.037299438540814536,0.022657520559366897,0.029629122119324884,0.029629122119324884,0.44727739984582315
Clustering_Backbone54_k2,v3,dynamic_transplant,13,ECE_Renton_Home,30,-1348.6243827169071,0.09157045916263867,0.023183691428755034,0.08858705008630069,0.08858705008630069,0.5410909040515053
Clustering_Backbone54_k2,v3,seasonal,13,ECE_BBG_Lost_Meadow,30,-43.31126417406945,0.050815547107449205,0.021490839356966402,0.0460474065671722,0.0460474065671722,-0.31874937703603845
Clustering_Backbone54_k2,v3,seasonal,13,ECE_BBG_Main_St,30,-88.2770981908707,0.052928479836321984,0.013964330748361679,0.051053123749035215,0.051053123749035215,0.6578392976906874
Clustering_Backbone54_k2,v3,seasonal,13,ECE_Renton_Garden_North,30,-3.1259984637283873,0.05262765638339084,0.018390100641074013,-0.049309982912382234,0.049309982912382234,0.7342509978391925
Clustering_Backbone54_k2,v3,seasonal,13,ECE_Renton_Garden_Shed,30,-67.12136276984351,0.037299438540814536,0.022657520559366897,0.029629122119324884,0.029629122119324884,0.44727739984582315
Clustering_Backbone54_k2,v3,seasonal,13,ECE_Renton_Home,30,-1348.6243827169071,0.09157045916263867,0.023183691428755034,0.08858705008630069,0.08858705008630069,0.5410909040515053
Clustering_Backbone54_k2,v3,margin_fallback,13,ECE_BBG_Lost_Meadow,30,-63.29042216950019,0.06120863216744581,0.02142168456477582,0.05733766721987325,0.05733766721987325,-0.5364824837902338
Clustering_Backbone54_k2,v3,margin_fallback,13,ECE_BBG_Main_St,30,-48.92165347446511,0.03957891354924807,0.021846332844768973,0.033003456470109625,0.033003456470109625,0.7417090911583558
Clustering_Backbone54_k2,v3,margin_fallback,13,ECE_Renton_Garden_North,30,-8.361207306538534,0.07927119970307298,0.01525797334867001,-0.0777889282073982,0.0777889282073982,0.8127521179151491
Clustering_Backbone54_k2,v3,margin_fallback,13,ECE_Renton_Garden_Shed,30,-21.688342768874023,0.0215259346846988,0.021487594322596008,0.0012841940186197388,0.01703068890187508,0.48312882808382784
Clustering_Backbone54_k2,v3,margin_fallback,13,ECE_Renton_Home,30,-749.2266545061832,0.06827240141263795,0.02324191050249211,0.06419450436635923,0.06419450436635923,0.6655086076922864
Global_Single_54,v3,direct,13,ECE_BBG_Lost_Meadow,30,-63.29042216950019,0.06120863216744581,0.02142168456477582,0.05733766721987325,0.05733766721987325,-0.5364824837902338
Global_Single_54,v3,direct,13,ECE_BBG_Main_St,30,-48.92165347446511,0.03957891354924807,0.021846332844768973,0.033003456470109625,0.033003456470109625,0.7417090911583558
Global_Single_54,v3,direct,13,ECE_Renton_Garden_North,30,-8.361207306538534,0.07927119970307298,0.01525797334867001,-0.0777889282073982,0.0777889282073982,0.8127521179151491
Global_Single_54,v3,direct,13,ECE_Renton_Garden_Shed,30,-21.688342768874023,0.0215259346846988,0.021487594322596008,0.0012841940186197388,0.01703068890187508,0.48312882808382784
Global_Single_54,v3,direct,13,ECE_Renton_Home,30,-749.2266545061832,0.06827240141263795,0.02324191050249211,0.06419450436635923,0.06419450436635923,0.6655086076922864
Global_Single_50,v3,direct,13,ECE_BBG_Lost_Meadow,30,-38.33410455430114,0.04787669574482197,0.013952034246528418,0.045798676136171806,0.045798676136171806,-0.5322985850745388
Global_Single_50,v3,direct,13,ECE_BBG_Main_St,30,-5.285022252508999,0.014043417190435557,0.007540485707177136,0.01184730524990718,0.012091678727244556,0.5449695986566846
Global_Single_50,v3,direct,13,ECE_Renton_Garden_North,30,-8.229570542228394,0.07871187288698084,0.037941132632122704,-0.06896397166613813,0.06896397166613813,-0.3513202295825379
Global_Single_50,v3,direct,13,ECE_Renton_Garden_Shed,30,-22.27395321501574,0.021801968573402154,0.019181958491234906,0.010362350221651277,0.01874229259293522,0.3398489309813481
Global_Single_50,v3,direct,13,ECE_Renton_Home,30,-877.2174366918675,0.07386691507130193,0.022418364679762322,0.07038279667103402,0.07038279667103402,0.04678422439387544
Clustering_V0_Full_k2,v3,as_routed,101,ECE_BBG_Lost_Meadow,30,-657.1578854292951,0.195841433818362,0.01976946986233801,0.19484105127358037,0.19484105127358037,0.13516328407486192
Clustering_V0_Full_k2,v3,as_routed,101,ECE_BBG_Main_St,30,-1154.657085855242,0.19042934828986172,0.05755635573252222,0.18152300847246008,0.18152300847246008,-0.5603730682793024
Clustering_V0_Full_k2,v3,as_routed,101,ECE_Renton_Garden_North,30,-3.2448855941788954,0.053380482425520154,0.019225754653878938,-0.049798054801067464,0.049798054801067464,0.7357946067990416
Clustering_V0_Full_k2,v3,as_routed,101,ECE_Renton_Garden_Shed,30,-70.98897928449331,0.03834366650626744,0.025066961664690107,0.02901524072009075,0.02901524072009075,0.45779351695864146
Clustering_V0_Full_k2,v3,as_routed,101,ECE_Renton_Home,30,-9048.23944189333,0.23711278627526008,0.016739247209324994,0.23652118513588222,0.23652118513588222,0.08552528455014081
Clustering_V0_Full_k2,v3,c0_only,101,ECE_BBG_Lost_Meadow,30,-44.66872597638792,0.0515880347511381,0.02533050309801972,0.04494097175502378,0.04494097175502378,-0.3399767233366118
Clustering_V0_Full_k2,v3,c0_only,101,ECE_BBG_Main_St,30,-88.71020988910458,0.05305671097647579,0.01743404597937232,0.05011056396041077,0.05011056396041077,0.6886534115671229
Clustering_V0_Full_k2,v3,c0_only,101,ECE_Renton_Garden_North,30,-3.2448855941788954,0.053380482425520154,0.019225754653878938,-0.049798054801067464,0.049798054801067464,0.7357946067990416
Clustering_V0_Full_k2,v3,c0_only,101,ECE_Renton_Garden_Shed,30,-70.98897928449331,0.03834366650626744,0.025066961664690107,0.02901524072009075,0.02901524072009075,0.45779351695864146
Clustering_V0_Full_k2,v3,c0_only,101,ECE_Renton_Home,30,-1358.6446811751737,0.09190976338735125,0.0257898205395192,0.08821728720867746,0.08821728720867746,0.5678843172933004
Clustering_V0_Full_k2,v3,c1_only,101,ECE_BBG_Lost_Meadow,30,-676.2705122543708,0.1986646604039395,0.008282081750839205,0.19849195050501425,0.19849195050501425,-0.07418246410192059
Clustering_V0_Full_k2,v3,c1_only,101,ECE_BBG_Main_St,30,-1392.5433129934288,0.20911232161741475,0.012812243967736385,0.2087194515533622,0.2087194515533622,-0.4297304231395638
Clustering_V0_Full_k2,v3,c1_only,101,ECE_Renton_Garden_North,30,-13.149573326084374,0.09745882510270679,0.02842986323832697,0.09321998426651881,0.09321998426651881,-0.5464144394176073
Clustering_V0_Full_k2,v3,c1_only,101,ECE_Renton_Garden_Shed,30,-1475.2289629667887,0.17363508807408867,0.007522658631709982,0.17347205370781568,0.17347205370781568,-0.4737601597456767
Clustering_V0_Full_k2,v3,c1_only,101,ECE_Renton_Home,30,-9259.173387553086,0.23986036667497054,0.0038489207102748563,0.23982948382302235,0.23982948382302235,0.49755933241417716
Clustering_V0_Full_k2,v3,gapi_transplant,101,ECE_BBG_Lost_Meadow,30,-44.66872597638792,0.0515880347511381,0.02533050309801972,0.04494097175502378,0.04494097175502378,-0.3399767233366118
Clustering_V0_Full_k2,v3,gapi_transplant,101,ECE_BBG_Main_St,30,-88.71020988910458,0.05305671097647579,0.01743404597937232,0.05011056396041077,0.05011056396041077,0.6886534115671229
Clustering_V0_Full_k2,v3,gapi_transplant,101,ECE_Renton_Garden_North,30,-3.2448855941788954,0.053380482425520154,0.019225754653878938,-0.049798054801067464,0.049798054801067464,0.7357946067990416
Clustering_V0_Full_k2,v3,gapi_transplant,101,ECE_Renton_Garden_Shed,30,-70.98897928449331,0.03834366650626744,0.025066961664690107,0.02901524072009075,0.02901524072009075,0.45779351695864146
Clustering_V0_Full_k2,v3,gapi_transplant,101,ECE_Renton_Home,30,-1358.6446811751737,0.09190976338735125,0.0257898205395192,0.08821728720867746,0.08821728720867746,0.5678843172933004
Clustering_V0_Full_k2,v3,dynamic_transplant,101,ECE_BBG_Lost_Meadow,30,-44.66872597638792,0.0515880347511381,0.02533050309801972,0.04494097175502378,0.04494097175502378,-0.3399767233366118
Clustering_V0_Full_k2,v3,dynamic_transplant,101,ECE_BBG_Main_St,30,-88.71020988910458,0.05305671097647579,0.01743404597937232,0.05011056396041077,0.05011056396041077,0.6886534115671229
Clustering_V0_Full_k2,v3,dynamic_transplant,101,ECE_Renton_Garden_North,30,-3.2448855941788954,0.053380482425520154,0.019225754653878938,-0.049798054801067464,0.049798054801067464,0.7357946067990416
Clustering_V0_Full_k2,v3,dynamic_transplant,101,ECE_Renton_Garden_Shed,30,-70.98897928449331,0.03834366650626744,0.025066961664690107,0.02901524072009075,0.02901524072009075,0.45779351695864146
Clustering_V0_Full_k2,v3,dynamic_transplant,101,ECE_Renton_Home,30,-1358.6446811751737,0.09190976338735125,0.0257898205395192,0.08821728720867746,0.08821728720867746,0.5678843172933004
Clustering_V0_Full_k2,v3,seasonal,101,ECE_BBG_Lost_Meadow,30,-44.66872597638792,0.0515880347511381,0.02533050309801972,0.04494097175502378,0.04494097175502378,-0.3399767233366118
Clustering_V0_Full_k2,v3,seasonal,101,ECE_BBG_Main_St,30,-88.71020988910458,0.05305671097647579,0.01743404597937232,0.05011056396041077,0.05011056396041077,0.6886534115671229
Clustering_V0_Full_k2,v3,seasonal,101,ECE_Renton_Garden_North,30,-3.2448855941788954,0.053380482425520154,0.019225754653878938,-0.049798054801067464,0.049798054801067464,0.7357946067990416
Clustering_V0_Full_k2,v3,seasonal,101,ECE_Renton_Garden_Shed,30,-70.98897928449331,0.03834366650626744,0.025066961664690107,0.02901524072009075,0.02901524072009075,0.45779351695864146
Clustering_V0_Full_k2,v3,seasonal,101,ECE_Renton_Home,30,-1358.6446811751737,0.09190976338735125,0.0257898205395192,0.08821728720867746,0.08821728720867746,0.5678843172933004
Clustering_V0_Full_k2,v3,margin_fallback,101,ECE_BBG_Lost_Meadow,30,-63.3590046934637,0.06124127096039277,0.02396136393685623,0.056359083625709995,0.056359083625709995,-0.5375075129351355
Clustering_V0_Full_k2,v3,margin_fallback,101,ECE_BBG_Main_St,30,-54.98236644104279,0.041912639719805245,0.02562860320894916,0.0331638970243311,0.0331638970243311,0.7439745290576165
Clustering_V0_Full_k2,v3,margin_fallback,101,ECE_Renton_Garden_North,30,-8.539881272872476,0.0800241342468184,0.015697723254299436,-0.07846937967503145,0.07846937967503145,0.8273349417648628
Clustering_V0_Full_k2,v3,margin_fallback,101,ECE_Renton_Garden_Shed,30,-31.312270905394477,0.025688832763225884,0.025680150384141502,0.0006678360463951853,0.020525808662308916,0.44938436168098017
Clustering_V0_Full_k2,v3,margin_fallback,101,ECE_Renton_Home,30,-757.1767275893619,0.06863318586723517,0.026485247584793002,0.06331702664101234,0.06331702664101234,0.6704190636991553
Clustering_Backbone54_k2,v3,as_routed,101,ECE_BBG_Lost_Meadow,30,-44.66872597638792,0.0515880347511381,0.02533050309801972,0.04494097175502378,0.04494097175502378,-0.3399767233366118
Clustering_Backbone54_k2,v3,as_routed,101,ECE_BBG_Main_St,30,-1392.5433129934288,0.20911232161741475,0.012812243967736385,0.2087194515533622,0.2087194515533622,-0.4297304231395638
Clustering_Backbone54_k2,v3,as_routed,101,ECE_Renton_Garden_North,30,-12.946601255752032,0.09675728900925597,0.06973977014567241,0.06706964616314495,0.09030391184218398,-0.845718571791797
Clustering_Backbone54_k2,v3,as_routed,101,ECE_Renton_Garden_Shed,30,-1174.3037457218613,0.15493006066681453,0.04927730140930131,0.14688455080109583,0.14688455080109583,-0.4329662086555611
Clustering_Backbone54_k2,v3,as_routed,101,ECE_Renton_Home,30,-9259.173387553086,0.23986036667497054,0.0038489207102748563,0.23982948382302235,0.23982948382302235,0.49755933241417716
Clustering_Backbone54_k2,v3,c0_only,101,ECE_BBG_Lost_Meadow,30,-44.66872597638792,0.0515880347511381,0.02533050309801972,0.04494097175502378,0.04494097175502378,-0.3399767233366118
Clustering_Backbone54_k2,v3,c0_only,101,ECE_BBG_Main_St,30,-88.71020988910458,0.05305671097647579,0.01743404597937232,0.05011056396041077,0.05011056396041077,0.6886534115671229
Clustering_Backbone54_k2,v3,c0_only,101,ECE_Renton_Garden_North,30,-3.2448855941788954,0.053380482425520154,0.019225754653878938,-0.049798054801067464,0.049798054801067464,0.7357946067990416
Clustering_Backbone54_k2,v3,c0_only,101,ECE_Renton_Garden_Shed,30,-70.98897928449331,0.03834366650626744,0.025066961664690107,0.02901524072009075,0.02901524072009075,0.45779351695864146
Clustering_Backbone54_k2,v3,c0_only,101,ECE_Renton_Home,30,-1358.6446811751737,0.09190976338735125,0.0257898205395192,0.08821728720867746,0.08821728720867746,0.5678843172933004
Clustering_Backbone54_k2,v3,c1_only,101,ECE_BBG_Lost_Meadow,30,-676.2705122543708,0.1986646604039395,0.008282081750839205,0.19849195050501425,0.19849195050501425,-0.07418246410192059
Clustering_Backbone54_k2,v3,c1_only,101,ECE_BBG_Main_St,30,-1392.5433129934288,0.20911232161741475,0.012812243967736385,0.2087194515533622,0.2087194515533622,-0.4297304231395638
Clustering_Backbone54_k2,v3,c1_only,101,ECE_Renton_Garden_North,30,-13.149573326084374,0.09745882510270679,0.02842986323832697,0.09321998426651881,0.09321998426651881,-0.5464144394176073
Clustering_Backbone54_k2,v3,c1_only,101,ECE_Renton_Garden_Shed,30,-1475.2289629667887,0.17363508807408867,0.007522658631709982,0.17347205370781568,0.17347205370781568,-0.4737601597456767
Clustering_Backbone54_k2,v3,c1_only,101,ECE_Renton_Home,30,-9259.173387553086,0.23986036667497054,0.0038489207102748563,0.23982948382302235,0.23982948382302235,0.49755933241417716
Clustering_Backbone54_k2,v3,gapi_transplant,101,ECE_BBG_Lost_Meadow,30,-44.66872597638792,0.0515880347511381,0.02533050309801972,0.04494097175502378,0.04494097175502378,-0.3399767233366118
Clustering_Backbone54_k2,v3,gapi_transplant,101,ECE_BBG_Main_St,30,-88.71020988910458,0.05305671097647579,0.01743404597937232,0.05011056396041077,0.05011056396041077,0.6886534115671229
Clustering_Backbone54_k2,v3,gapi_transplant,101,ECE_Renton_Garden_North,30,-3.2448855941788954,0.053380482425520154,0.019225754653878938,-0.049798054801067464,0.049798054801067464,0.7357946067990416
Clustering_Backbone54_k2,v3,gapi_transplant,101,ECE_Renton_Garden_Shed,30,-70.98897928449331,0.03834366650626744,0.025066961664690107,0.02901524072009075,0.02901524072009075,0.45779351695864146
Clustering_Backbone54_k2,v3,gapi_transplant,101,ECE_Renton_Home,30,-1358.6446811751737,0.09190976338735125,0.0257898205395192,0.08821728720867746,0.08821728720867746,0.5678843172933004
Clustering_Backbone54_k2,v3,dynamic_transplant,101,ECE_BBG_Lost_Meadow,30,-44.66872597638792,0.0515880347511381,0.02533050309801972,0.04494097175502378,0.04494097175502378,-0.3399767233366118
Clustering_Backbone54_k2,v3,dynamic_transplant,101,ECE_BBG_Main_St,30,-88.71020988910458,0.05305671097647579,0.01743404597937232,0.05011056396041077,0.05011056396041077,0.6886534115671229
Clustering_Backbone54_k2,v3,dynamic_transplant,101,ECE_Renton_Garden_North,30,-3.2448855941788954,0.053380482425520154,0.019225754653878938,-0.049798054801067464,0.049798054801067464,0.7357946067990416
Clustering_Backbone54_k2,v3,dynamic_transplant,101,ECE_Renton_Garden_Shed,30,-70.98897928449331,0.03834366650626744,0.025066961664690107,0.02901524072009075,0.02901524072009075,0.45779351695864146
Clustering_Backbone54_k2,v3,dynamic_transplant,101,ECE_Renton_Home,30,-1358.6446811751737,0.09190976338735125,0.0257898205395192,0.08821728720867746,0.08821728720867746,0.5678843172933004
Clustering_Backbone54_k2,v3,seasonal,101,ECE_BBG_Lost_Meadow,30,-44.66872597638792,0.0515880347511381,0.02533050309801972,0.04494097175502378,0.04494097175502378,-0.3399767233366118
Clustering_Backbone54_k2,v3,seasonal,101,ECE_BBG_Main_St,30,-88.71020988910458,0.05305671097647579,0.01743404597937232,0.05011056396041077,0.05011056396041077,0.6886534115671229
Clustering_Backbone54_k2,v3,seasonal,101,ECE_Renton_Garden_North,30,-3.2448855941788954,0.053380482425520154,0.019225754653878938,-0.049798054801067464,0.049798054801067464,0.7357946067990416
Clustering_Backbone54_k2,v3,seasonal,101,ECE_Renton_Garden_Shed,30,-70.98897928449331,0.03834366650626744,0.025066961664690107,0.02901524072009075,0.02901524072009075,0.45779351695864146
Clustering_Backbone54_k2,v3,seasonal,101,ECE_Renton_Home,30,-1358.6446811751737,0.09190976338735125,0.0257898205395192,0.08821728720867746,0.08821728720867746,0.5678843172933004
Clustering_Backbone54_k2,v3,margin_fallback,101,ECE_BBG_Lost_Meadow,30,-63.3590046934637,0.06124127096039277,0.02396136393685623,0.056359083625709995,0.056359083625709995,-0.5375075129351355
Clustering_Backbone54_k2,v3,margin_fallback,101,ECE_BBG_Main_St,30,-54.98236644104279,0.041912639719805245,0.02562860320894916,0.0331638970243311,0.0331638970243311,0.7439745290576165
Clustering_Backbone54_k2,v3,margin_fallback,101,ECE_Renton_Garden_North,30,-8.539881272872476,0.0800241342468184,0.015697723254299436,-0.07846937967503145,0.07846937967503145,0.8273349417648628
Clustering_Backbone54_k2,v3,margin_fallback,101,ECE_Renton_Garden_Shed,30,-31.312270905394477,0.025688832763225884,0.025680150384141502,0.0006678360463951853,0.020525808662308916,0.44938436168098017
Clustering_Backbone54_k2,v3,margin_fallback,101,ECE_Renton_Home,30,-757.1767275893619,0.06863318586723517,0.026485247584793002,0.06331702664101234,0.06331702664101234,0.6704190636991553
Global_Single_54,v3,direct,101,ECE_BBG_Lost_Meadow,30,-63.3590046934637,0.06124127096039277,0.02396136393685623,0.056359083625709995,0.056359083625709995,-0.5375075129351355
Global_Single_54,v3,direct,101,ECE_BBG_Main_St,30,-54.98236644104279,0.041912639719805245,0.02562860320894916,0.0331638970243311,0.0331638970243311,0.7439745290576165
Global_Single_54,v3,direct,101,ECE_Renton_Garden_North,30,-8.539881272872476,0.0800241342468184,0.015697723254299436,-0.07846937967503145,0.07846937967503145,0.8273349417648628
Global_Single_54,v3,direct,101,ECE_Renton_Garden_Shed,30,-31.312270905394477,0.025688832763225884,0.025680150384141502,0.0006678360463951853,0.020525808662308916,0.44938436168098017
Global_Single_54,v3,direct,101,ECE_Renton_Home,30,-757.1767275893619,0.06863318586723517,0.026485247584793002,0.06331702664101234,0.06331702664101234,0.6704190636991553
Global_Single_50,v3,direct,101,ECE_BBG_Lost_Meadow,30,-31.489449896981938,0.04351216719917778,0.013024548436305737,0.04151710289024908,0.04151710289024908,-0.4768379039193323
Global_Single_50,v3,direct,101,ECE_BBG_Main_St,30,-6.131968191074803,0.014959741414820801,0.007024462944603667,0.013207981811699873,0.013215158606849992,0.5336219961351147
Global_Single_50,v3,direct,101,ECE_Renton_Garden_North,30,-8.212220146716678,0.0786378540282427,0.037328694906781194,-0.06921329801940994,0.06921329801940994,-0.39995092579162494
Global_Single_50,v3,direct,101,ECE_Renton_Garden_Shed,30,-19.617386999854617,0.020520004055946655,0.017914601533975835,0.010006878551023684,0.017198415026041067,0.2805652947547876
Global_Single_50,v3,direct,101,ECE_Renton_Home,30,-850.1076695031809,0.0727178761407881,0.021094754698576624,0.069590953683894,0.069590953683894,-0.032550160981424804
Clustering_V0_Full_k2,v3,as_routed,123,ECE_BBG_Lost_Meadow,30,-689.4793312891805,0.20059258593359164,0.021266152524861557,0.19946211742662984,0.19946211742662984,0.15319336737544195
Clustering_V0_Full_k2,v3,as_routed,123,ECE_BBG_Main_St,30,-1184.6152724369276,0.19288181336441482,0.06065100404441195,0.18309792362326144,0.18309792362326144,-0.5569623266205248
Clustering_V0_Full_k2,v3,as_routed,123,ECE_Renton_Garden_North,30,-3.607446824484162,0.05561342794370259,0.01935567902184805,-0.05213646571501171,0.05213646571501171,0.7305002190458101
Clustering_V0_Full_k2,v3,as_routed,123,ECE_Renton_Garden_Shed,30,-64.37002809340375,0.03653843708030588,0.024970915046840604,0.026674159518060566,0.026674159518060566,0.44378697187784877
Clustering_V0_Full_k2,v3,as_routed,123,ECE_Renton_Home,30,-9356.166205162493,0.2411132659990829,0.018396605316817343,0.2404104239702633,0.2404104239702633,0.06423407081842473
Clustering_V0_Full_k2,v3,c0_only,123,ECE_BBG_Lost_Meadow,30,-40.59137089229158,0.049231282927877734,0.024033558534959944,0.04296635058823823,0.04296635058823823,-0.3432270633112194
Clustering_V0_Full_k2,v3,c0_only,123,ECE_BBG_Main_St,30,-77.45531542189914,0.049617008265053324,0.0168657141659705,0.046662567383783674,0.046662567383783674,0.6847313651619994
Clustering_V0_Full_k2,v3,c0_only,123,ECE_Renton_Garden_North,30,-3.607446824484162,0.05561342794370259,0.01935567902184805,-0.05213646571501171,0.05213646571501171,0.7305002190458101
Clustering_V0_Full_k2,v3,c0_only,123,ECE_Renton_Garden_Shed,30,-64.37002809340375,0.03653843708030588,0.024970915046840604,0.026674159518060566,0.026674159518060566,0.44378697187784877
Clustering_V0_Full_k2,v3,c0_only,123,ECE_Renton_Home,30,-1254.1929771082855,0.08830884087677877,0.02524984116048693,0.08462208280567439,0.08462208280567439,0.5407997404960293
Clustering_V0_Full_k2,v3,c1_only,123,ECE_BBG_Lost_Meadow,30,-709.9335775043508,0.20354200528837982,0.0081090146897211,0.20338041153851746,0.20338041153851746,0.06455598001545867
Clustering_V0_Full_k2,v3,c1_only,123,ECE_BBG_Main_St,30,-1441.6239323498119,0.21276292595287147,0.011815385361419111,0.21243460012151558,0.21243460012151558,-0.39534973624270964
Clustering_V0_Full_k2,v3,c1_only,123,ECE_Renton_Garden_North,30,-14.999679058447969,0.10363468579519533,0.027986342091969138,0.09978433121577825,0.09978433121577825,-0.5032862248502827
Clustering_V0_Full_k2,v3,c1_only,123,ECE_Renton_Garden_Shed,30,-1568.594954864846,0.17904179688999822,0.007089575721168085,0.1789013777188236,0.1789013777188236,-0.46172386253147
Clustering_V0_Full_k2,v3,c1_only,123,ECE_Renton_Home,30,-9582.701233019165,0.24401446242533537,0.0030666313158681253,0.2439951918483189,0.2439951918483189,0.5534481336621352
Clustering_V0_Full_k2,v3,gapi_transplant,123,ECE_BBG_Lost_Meadow,30,-40.59137089229158,0.049231282927877734,0.024033558534959944,0.04296635058823823,0.04296635058823823,-0.3432270633112194
Clustering_V0_Full_k2,v3,gapi_transplant,123,ECE_BBG_Main_St,30,-77.45531542189914,0.049617008265053324,0.0168657141659705,0.046662567383783674,0.046662567383783674,0.6847313651619994
Clustering_V0_Full_k2,v3,gapi_transplant,123,ECE_Renton_Garden_North,30,-3.607446824484162,0.05561342794370259,0.01935567902184805,-0.05213646571501171,0.05213646571501171,0.7305002190458101
Clustering_V0_Full_k2,v3,gapi_transplant,123,ECE_Renton_Garden_Shed,30,-64.37002809340375,0.03653843708030588,0.024970915046840604,0.026674159518060566,0.026674159518060566,0.44378697187784877
Clustering_V0_Full_k2,v3,gapi_transplant,123,ECE_Renton_Home,30,-1254.1929771082855,0.08830884087677877,0.02524984116048693,0.08462208280567439,0.08462208280567439,0.5407997404960293
Clustering_V0_Full_k2,v3,dynamic_transplant,123,ECE_BBG_Lost_Meadow,30,-40.59137089229158,0.049231282927877734,0.024033558534959944,0.04296635058823823,0.04296635058823823,-0.3432270633112194
Clustering_V0_Full_k2,v3,dynamic_transplant,123,ECE_BBG_Main_St,30,-77.45531542189914,0.049617008265053324,0.0168657141659705,0.046662567383783674,0.046662567383783674,0.6847313651619994
Clustering_V0_Full_k2,v3,dynamic_transplant,123,ECE_Renton_Garden_North,30,-3.607446824484162,0.05561342794370259,0.01935567902184805,-0.05213646571501171,0.05213646571501171,0.7305002190458101
Clustering_V0_Full_k2,v3,dynamic_transplant,123,ECE_Renton_Garden_Shed,30,-64.37002809340375,0.03653843708030588,0.024970915046840604,0.026674159518060566,0.026674159518060566,0.44378697187784877
Clustering_V0_Full_k2,v3,dynamic_transplant,123,ECE_Renton_Home,30,-1254.1929771082855,0.08830884087677877,0.02524984116048693,0.08462208280567439,0.08462208280567439,0.5407997404960293
Clustering_V0_Full_k2,v3,seasonal,123,ECE_BBG_Lost_Meadow,30,-40.59137089229158,0.049231282927877734,0.024033558534959944,0.04296635058823823,0.04296635058823823,-0.3432270633112194
Clustering_V0_Full_k2,v3,seasonal,123,ECE_BBG_Main_St,30,-77.45531542189914,0.049617008265053324,0.0168657141659705,0.046662567383783674,0.046662567383783674,0.6847313651619994
Clustering_V0_Full_k2,v3,seasonal,123,ECE_Renton_Garden_North,30,-3.607446824484162,0.05561342794370259,0.01935567902184805,-0.05213646571501171,0.05213646571501171,0.7305002190458101
Clustering_V0_Full_k2,v3,seasonal,123,ECE_Renton_Garden_Shed,30,-64.37002809340375,0.03653843708030588,0.024970915046840604,0.026674159518060566,0.026674159518060566,0.44378697187784877
Clustering_V0_Full_k2,v3,seasonal,123,ECE_Renton_Home,30,-1254.1929771082855,0.08830884087677877,0.02524984116048693,0.08462208280567439,0.08462208280567439,0.5407997404960293
Clustering_V0_Full_k2,v3,margin_fallback,123,ECE_BBG_Lost_Meadow,30,-58.000490367783634,0.058636406398075554,0.021674178607838754,0.05448355840944845,0.05448355840944845,-0.5199363674522456
Clustering_V0_Full_k2,v3,margin_fallback,123,ECE_BBG_Main_St,30,-48.5767397871272,0.03944194923180501,0.024086675436085513,0.03123298617873351,0.03123298617873351,0.7181489970619352
Clustering_V0_Full_k2,v3,margin_fallback,123,ECE_Renton_Garden_North,30,-9.056739416139452,0.08216334239949893,0.015615063148955685,-0.08066588273310735,0.08066588273310735,0.8219438610318596
Clustering_V0_Full_k2,v3,margin_fallback,123,ECE_Renton_Garden_Shed,30,-29.19208336367217,0.024831741112078164,0.024791046726505894,-0.0014210449892506176,0.0211893712780214,0.44233066761623935
Clustering_V0_Full_k2,v3,margin_fallback,123,ECE_Renton_Home,30,-685.424614563045,0.06530483827365938,0.025191731930558157,0.060250299121977005,0.060250299121977005,0.6524313801624164
Clustering_Backbone54_k2,v3,as_routed,123,ECE_BBG_Lost_Meadow,30,-40.59137089229158,0.049231282927877734,0.024033558534959944,0.04296635058823823,0.04296635058823823,-0.3432270633112194
Clustering_Backbone54_k2,v3,as_routed,123,ECE_BBG_Main_St,30,-1441.6239323498119,0.21276292595287147,0.011815385361419111,0.21243460012151558,0.21243460012151558,-0.39534973624270964
Clustering_Backbone54_k2,v3,as_routed,123,ECE_Renton_Garden_North,30,-14.55741774830412,0.10219231941162571,0.07352584598397705,0.07097337612843438,0.09558551791039775,-0.8468691451549459
Clustering_Backbone54_k2,v3,as_routed,123,ECE_Renton_Garden_Shed,30,-1235.787341917045,0.15893082825149485,0.052627110649428044,0.1499646471452489,0.1499646471452489,-0.43427686769954754
Clustering_Backbone54_k2,v3,as_routed,123,ECE_Renton_Home,30,-9582.701233019165,0.24401446242533537,0.0030666313158681253,0.2439951918483189,0.2439951918483189,0.5534481336621352
Clustering_Backbone54_k2,v3,c0_only,123,ECE_BBG_Lost_Meadow,30,-40.59137089229158,0.049231282927877734,0.024033558534959944,0.04296635058823823,0.04296635058823823,-0.3432270633112194
Clustering_Backbone54_k2,v3,c0_only,123,ECE_BBG_Main_St,30,-77.45531542189914,0.049617008265053324,0.0168657141659705,0.046662567383783674,0.046662567383783674,0.6847313651619994
Clustering_Backbone54_k2,v3,c0_only,123,ECE_Renton_Garden_North,30,-3.607446824484162,0.05561342794370259,0.01935567902184805,-0.05213646571501171,0.05213646571501171,0.7305002190458101
Clustering_Backbone54_k2,v3,c0_only,123,ECE_Renton_Garden_Shed,30,-64.37002809340375,0.03653843708030588,0.024970915046840604,0.026674159518060566,0.026674159518060566,0.44378697187784877
Clustering_Backbone54_k2,v3,c0_only,123,ECE_Renton_Home,30,-1254.1929771082855,0.08830884087677877,0.02524984116048693,0.08462208280567439,0.08462208280567439,0.5407997404960293
Clustering_Backbone54_k2,v3,c1_only,123,ECE_BBG_Lost_Meadow,30,-709.9335775043508,0.20354200528837982,0.0081090146897211,0.20338041153851746,0.20338041153851746,0.06455598001545867
Clustering_Backbone54_k2,v3,c1_only,123,ECE_BBG_Main_St,30,-1441.6239323498119,0.21276292595287147,0.011815385361419111,0.21243460012151558,0.21243460012151558,-0.39534973624270964
Clustering_Backbone54_k2,v3,c1_only,123,ECE_Renton_Garden_North,30,-14.999679058447969,0.10363468579519533,0.027986342091969138,0.09978433121577825,0.09978433121577825,-0.5032862248502827
Clustering_Backbone54_k2,v3,c1_only,123,ECE_Renton_Garden_Shed,30,-1568.594954864846,0.17904179688999822,0.007089575721168085,0.1789013777188236,0.1789013777188236,-0.46172386253147
Clustering_Backbone54_k2,v3,c1_only,123,ECE_Renton_Home,30,-9582.701233019165,0.24401446242533537,0.0030666313158681253,0.2439951918483189,0.2439951918483189,0.5534481336621352
Clustering_Backbone54_k2,v3,gapi_transplant,123,ECE_BBG_Lost_Meadow,30,-40.59137089229158,0.049231282927877734,0.024033558534959944,0.04296635058823823,0.04296635058823823,-0.3432270633112194
Clustering_Backbone54_k2,v3,gapi_transplant,123,ECE_BBG_Main_St,30,-77.45531542189914,0.049617008265053324,0.0168657141659705,0.046662567383783674,0.046662567383783674,0.6847313651619994
Clustering_Backbone54_k2,v3,gapi_transplant,123,ECE_Renton_Garden_North,30,-3.607446824484162,0.05561342794370259,0.01935567902184805,-0.05213646571501171,0.05213646571501171,0.7305002190458101
Clustering_Backbone54_k2,v3,gapi_transplant,123,ECE_Renton_Garden_Shed,30,-64.37002809340375,0.03653843708030588,0.024970915046840604,0.026674159518060566,0.026674159518060566,0.44378697187784877
Clustering_Backbone54_k2,v3,gapi_transplant,123,ECE_Renton_Home,30,-1254.1929771082855,0.08830884087677877,0.02524984116048693,0.08462208280567439,0.08462208280567439,0.5407997404960293
Clustering_Backbone54_k2,v3,dynamic_transplant,123,ECE_BBG_Lost_Meadow,30,-40.59137089229158,0.049231282927877734,0.024033558534959944,0.04296635058823823,0.04296635058823823,-0.3432270633112194
Clustering_Backbone54_k2,v3,dynamic_transplant,123,ECE_BBG_Main_St,30,-77.45531542189914,0.049617008265053324,0.0168657141659705,0.046662567383783674,0.046662567383783674,0.6847313651619994
Clustering_Backbone54_k2,v3,dynamic_transplant,123,ECE_Renton_Garden_North,30,-3.607446824484162,0.05561342794370259,0.01935567902184805,-0.05213646571501171,0.05213646571501171,0.7305002190458101
Clustering_Backbone54_k2,v3,dynamic_transplant,123,ECE_Renton_Garden_Shed,30,-64.37002809340375,0.03653843708030588,0.024970915046840604,0.026674159518060566,0.026674159518060566,0.44378697187784877
Clustering_Backbone54_k2,v3,dynamic_transplant,123,ECE_Renton_Home,30,-1254.1929771082855,0.08830884087677877,0.02524984116048693,0.08462208280567439,0.08462208280567439,0.5407997404960293
Clustering_Backbone54_k2,v3,seasonal,123,ECE_BBG_Lost_Meadow,30,-40.59137089229158,0.049231282927877734,0.024033558534959944,0.04296635058823823,0.04296635058823823,-0.3432270633112194
Clustering_Backbone54_k2,v3,seasonal,123,ECE_BBG_Main_St,30,-77.45531542189914,0.049617008265053324,0.0168657141659705,0.046662567383783674,0.046662567383783674,0.6847313651619994
Clustering_Backbone54_k2,v3,seasonal,123,ECE_Renton_Garden_North,30,-3.607446824484162,0.05561342794370259,0.01935567902184805,-0.05213646571501171,0.05213646571501171,0.7305002190458101
Clustering_Backbone54_k2,v3,seasonal,123,ECE_Renton_Garden_Shed,30,-64.37002809340375,0.03653843708030588,0.024970915046840604,0.026674159518060566,0.026674159518060566,0.44378697187784877
Clustering_Backbone54_k2,v3,seasonal,123,ECE_Renton_Home,30,-1254.1929771082855,0.08830884087677877,0.02524984116048693,0.08462208280567439,0.08462208280567439,0.5407997404960293
Clustering_Backbone54_k2,v3,margin_fallback,123,ECE_BBG_Lost_Meadow,30,-58.000490367783634,0.058636406398075554,0.021674178607838754,0.05448355840944845,0.05448355840944845,-0.5199363674522456
Clustering_Backbone54_k2,v3,margin_fallback,123,ECE_BBG_Main_St,30,-48.5767397871272,0.03944194923180501,0.024086675436085513,0.03123298617873351,0.03123298617873351,0.7181489970619352
Clustering_Backbone54_k2,v3,margin_fallback,123,ECE_Renton_Garden_North,30,-9.056739416139452,0.08216334239949893,0.015615063148955685,-0.08066588273310735,0.08066588273310735,0.8219438610318596
Clustering_Backbone54_k2,v3,margin_fallback,123,ECE_Renton_Garden_Shed,30,-29.19208336367217,0.024831741112078164,0.024791046726505894,-0.0014210449892506176,0.0211893712780214,0.44233066761623935
Clustering_Backbone54_k2,v3,margin_fallback,123,ECE_Renton_Home,30,-685.424614563045,0.06530483827365938,0.025191731930558157,0.060250299121977005,0.060250299121977005,0.6524313801624164
Global_Single_54,v3,direct,123,ECE_BBG_Lost_Meadow,30,-58.000490367783634,0.058636406398075554,0.021674178607838754,0.05448355840944845,0.05448355840944845,-0.5199363674522456
Global_Single_54,v3,direct,123,ECE_BBG_Main_St,30,-48.5767397871272,0.03944194923180501,0.024086675436085513,0.03123298617873351,0.03123298617873351,0.7181489970619352
Global_Single_54,v3,direct,123,ECE_Renton_Garden_North,30,-9.056739416139452,0.08216334239949893,0.015615063148955685,-0.08066588273310735,0.08066588273310735,0.8219438610318596
Global_Single_54,v3,direct,123,ECE_Renton_Garden_Shed,30,-29.19208336367217,0.024831741112078164,0.024791046726505894,-0.0014210449892506176,0.0211893712780214,0.44233066761623935
Global_Single_54,v3,direct,123,ECE_Renton_Home,30,-685.424614563045,0.06530483827365938,0.025191731930558157,0.060250299121977005,0.060250299121977005,0.6524313801624164
Global_Single_50,v3,direct,123,ECE_BBG_Lost_Meadow,30,-34.929470614038664,0.045757779879395506,0.0133177852552642,0.04377683194779951,0.04377683194779951,-0.546704225900919
Global_Single_50,v3,direct,123,ECE_BBG_Main_St,30,-5.80868053762902,0.0146167516047804,0.006265861103082277,0.013205620474356021,0.013205620474356021,0.6337582423975954
Global_Single_50,v3,direct,123,ECE_Renton_Garden_North,30,-8.332549811760158,0.07914977010618453,0.03729326280338916,-0.06981331289474245,0.06981331289474245,-0.32493853884457236
Global_Single_50,v3,direct,123,ECE_Renton_Garden_Shed,30,-20.596347777114687,0.021001522844521343,0.01887291343009721,0.009212876882332048,0.017959167345655485,0.3425079558893299
Global_Single_50,v3,direct,123,ECE_Renton_Home,30,-807.6408785185902,0.07088050123716617,0.021578660001240653,0.06751597505911303,0.06751597505911303,0.013743262580486167
