n_features,candidate_ucb,fold_id,fold_family,validation_year,held_out_stations,beta,n_train,n_validation,rmse,nrmse
100,0.622954741534472,year_2019_stations_0_beta_0,station_time,2019,['SourdoughGulch_WA_985'],0.0,2717,365,0.060965099621162845,0.7497924578911668
100,0.622954741534472,year_2019_stations_0_beta_0.2,station_time,2019,['SourdoughGulch_WA_985'],0.2,2717,365,0.06145880207126198,0.7558643642085021
100,0.622954741534472,year_2019_stations_1_beta_0,station_time,2019,['Quinault'],0.0,2730,364,0.04408275855805279,1.0017837848900548
100,0.622954741534472,year_2019_stations_1_beta_0.2,station_time,2019,['Quinault'],0.2,2730,364,0.045989623158088556,1.0451174168763802
100,0.622954741534472,year_2019_stations_2_beta_0,station_time,2019,['Darrington'],0.0,2757,324,0.04602363020062785,0.5511626849990857
100,0.622954741534472,year_2019_stations_2_beta_0.2,station_time,2019,['Darrington'],0.2,2757,324,0.04661192345236776,0.5582078764970695
100,0.622954741534472,year_2019_stations_3_beta_0,station_time,2019,"['Spokane', 'Touchet_WA_824']",0.0,2137,639,0.07415870447835021,0.8463082493483325
100,0.622954741534472,year_2019_stations_3_beta_0.2,station_time,2019,"['Spokane', 'Touchet_WA_824']",0.2,2137,639,0.07542056863001871,0.860708798125796
100,0.622954741534472,year_2020_stations_0_beta_0,station_time,2020,['SourdoughGulch_WA_985'],0.0,4044,366,0.08611772198566979,0.9869183730501677
100,0.622954741534472,year_2020_stations_0_beta_0.2,station_time,2020,['SourdoughGulch_WA_985'],0.2,4044,366,0.08311163307194912,0.9524682701959952
100,0.622954741534472,year_2020_stations_1_beta_0,station_time,2020,['Quinault'],0.0,4058,366,0.023130386172360927,0.39177105400340967
100,0.622954741534472,year_2020_stations_1_beta_0.2,station_time,2020,['Quinault'],0.2,4058,366,0.022115210743372284,0.3745765141090224
100,0.622954741534472,year_2020_stations_2_beta_0,station_time,2020,['Darrington'],0.0,4125,363,0.05140287884635491,0.5789581977341108
100,0.622954741534472,year_2020_stations_2_beta_0.2,station_time,2020,['Darrington'],0.2,4125,363,0.05352354052415342,0.6028435226524269
100,0.622954741534472,year_2020_stations_3_beta_0,station_time,2020,"['Spokane', 'Touchet_WA_824']",0.0,3190,634,0.057151778127675856,0.5493602401324764
100,0.622954741534472,year_2020_stations_3_beta_0.2,station_time,2020,"['Spokane', 'Touchet_WA_824']",0.2,3190,634,0.05919978511382275,0.5690463049682758
100,0.622954741534472,year_2021_stations_0_beta_0,station_time,2021,['SourdoughGulch_WA_985'],0.0,5407,365,0.04459703580991482,0.4064102538168251
100,0.622954741534472,year_2021_stations_0_beta_0.2,station_time,2021,['SourdoughGulch_WA_985'],0.2,5407,365,0.04454612270052558,0.40594628554329054
100,0.622954741534472,year_2021_stations_1_beta_0,station_time,2021,['Quinault'],0.0,5421,351,0.031011507269069462,0.406771791737902
100,0.622954741534472,year_2021_stations_1_beta_0.2,station_time,2021,['Quinault'],0.2,5421,351,0.031173381856631596,0.4088950686056845
100,0.622954741534472,year_2021_stations_2_beta_0,station_time,2021,['Darrington'],0.0,5491,335,0.05973251592373246,0.5823499103586969
100,0.622954741534472,year_2021_stations_2_beta_0.2,station_time,2021,['Darrington'],0.2,5491,335,0.0613568031365672,0.5981855653309206
100,0.622954741534472,year_2021_stations_3_beta_0,station_time,2021,"['Spokane', 'Touchet_WA_824']",0.0,4285,330,0.038294089318048175,0.3748385026753144
100,0.622954741534472,year_2021_stations_3_beta_0.2,station_time,2021,"['Spokane', 'Touchet_WA_824']",0.2,4285,330,0.03768349737779424,0.36886177434187595
100,0.622954741534472,year_2022_stations_0_beta_0,station_time,2022,['SourdoughGulch_WA_985'],0.0,6423,364,0.04617346718265903,0.48118325875927925
100,0.622954741534472,year_2022_stations_0_beta_0.2,station_time,2022,['SourdoughGulch_WA_985'],0.2,6423,364,0.04519590728997942,0.47099590477671754
100,0.622954741534472,year_2022_stations_1_beta_0,station_time,2022,['Quinault'],0.0,6451,362,0.04207507705692847,0.5372740430395615
100,0.622954741534472,year_2022_stations_1_beta_0.2,station_time,2022,['Quinault'],0.2,6451,362,0.046244655943542066,0.5905171185816986
100,0.622954741534472,year_2022_stations_2_beta_0,station_time,2022,['Darrington'],0.0,6537,336,0.0648003759704403,0.5089882260868841
100,0.622954741534472,year_2022_stations_2_beta_0.2,station_time,2022,['Darrington'],0.2,6537,336,0.06603525188742468,0.5186878195384717
100,0.622954741534472,year_2022_stations_3_beta_0,station_time,2022,"['Spokane', 'Touchet_WA_824']",0.0,5336,277,0.04231473517965498,0.38148904383165666
100,0.622954741534472,year_2022_stations_3_beta_0.2,station_time,2022,"['Spokane', 'Touchet_WA_824']",0.2,5336,277,0.039043506938749126,0.35199724319814363
80,0.6237743508489525,year_2019_stations_0_beta_0,station_time,2019,['SourdoughGulch_WA_985'],0.0,2717,365,0.06183339740109807,0.7604714058572105
80,0.6237743508489525,year_2019_stations_0_beta_0.2,station_time,2019,['SourdoughGulch_WA_985'],0.2,2717,365,0.06213551419215706,0.7641870545274487
80,0.6237743508489525,year_2019_stations_1_beta_0,station_time,2019,['Quinault'],0.0,2730,364,0.04541456610292586,1.032049204902078
80,0.6237743508489525,year_2019_stations_1_beta_0.2,station_time,2019,['Quinault'],0.2,2730,364,0.04521258284068421,1.0274591210790247
80,0.6237743508489525,year_2019_stations_2_beta_0,station_time,2019,['Darrington'],0.0,2757,324,0.04363011675716272,0.5224988162357813
80,0.6237743508489525,year_2019_stations_2_beta_0.2,station_time,2019,['Darrington'],0.2,2757,324,0.041562333253916575,0.4977357738013231
80,0.6237743508489525,year_2019_stations_3_beta_0,station_time,2019,"['Spokane', 'Touchet_WA_824']",0.0,2137,639,0.07110353941919094,0.8114423302242718
80,0.6237743508489525,year_2019_stations_3_beta_0.2,station_time,2019,"['Spokane', 'Touchet_WA_824']",0.2,2137,639,0.07176704193137291,0.8190143024353947
80,0.6237743508489525,year_2020_stations_0_beta_0,station_time,2020,['SourdoughGulch_WA_985'],0.0,4044,366,0.08658336463122891,0.9922546879407829
80,0.6237743508489525,year_2020_stations_0_beta_0.2,station_time,2020,['SourdoughGulch_WA_985'],0.2,4044,366,0.08444065311972912,0.9676989831440729
80,0.6237743508489525,year_2020_stations_1_beta_0,station_time,2020,['Quinault'],0.0,4058,366,0.02706872052771874,0.4584766156796799
80,0.6237743508489525,year_2020_stations_1_beta_0.2,station_time,2020,['Quinault'],0.2,4058,366,0.02408570223146719,0.4079517254627415
80,0.6237743508489525,year_2020_stations_2_beta_0,station_time,2020,['Darrington'],0.0,4125,363,0.05051898194652808,0.5690027367250862
80,0.6237743508489525,year_2020_stations_2_beta_0.2,station_time,2020,['Darrington'],0.2,4125,363,0.05181879005609461,0.5836426669664287
80,0.6237743508489525,year_2020_stations_3_beta_0,station_time,2020,"['Spokane', 'Touchet_WA_824']",0.0,3190,634,0.05644490060373042,0.5425655187953486
80,0.6237743508489525,year_2020_stations_3_beta_0.2,station_time,2020,"['Spokane', 'Touchet_WA_824']",0.2,3190,634,0.05896736618486076,0.5668122236709161
80,0.6237743508489525,year_2021_stations_0_beta_0,station_time,2021,['SourdoughGulch_WA_985'],0.0,5407,365,0.04144107201226274,0.3776501350163881
80,0.6237743508489525,year_2021_stations_0_beta_0.2,station_time,2021,['SourdoughGulch_WA_985'],0.2,5407,365,0.04417985965984246,0.40260855126063094
80,0.6237743508489525,year_2021_stations_1_beta_0,station_time,2021,['Quinault'],0.0,5421,351,0.02990426849675265,0.3922483603100397
80,0.6237743508489525,year_2021_stations_1_beta_0.2,station_time,2021,['Quinault'],0.2,5421,351,0.027307639388399547,0.3581888911678526
80,0.6237743508489525,year_2021_stations_2_beta_0,station_time,2021,['Darrington'],0.0,5491,335,0.06201423444355161,0.6045950569916805
80,0.6237743508489525,year_2021_stations_2_beta_0.2,station_time,2021,['Darrington'],0.2,5491,335,0.062158135799010826,0.6059979937365376
80,0.6237743508489525,year_2021_stations_3_beta_0,station_time,2021,"['Spokane', 'Touchet_WA_824']",0.0,4285,330,0.04074812692658222,0.39885964533918433
80,0.6237743508489525,year_2021_stations_3_beta_0.2,station_time,2021,"['Spokane', 'Touchet_WA_824']",0.2,4285,330,0.042038604484697886,0.4114913773958647
80,0.6237743508489525,year_2022_stations_0_beta_0,station_time,2022,['SourdoughGulch_WA_985'],0.0,6423,364,0.044589834159864214,0.4646798912392979
80,0.6237743508489525,year_2022_stations_0_beta_0.2,station_time,2022,['SourdoughGulch_WA_985'],0.2,6423,364,0.045109070980589756,0.470090965622691
80,0.6237743508489525,year_2022_stations_1_beta_0,station_time,2022,['Quinault'],0.0,6451,362,0.03910783816932799,0.4993841437139273
80,0.6237743508489525,year_2022_stations_1_beta_0.2,station_time,2022,['Quinault'],0.2,6451,362,0.04454656463054521,0.5688334890080733
80,0.6237743508489525,year_2022_stations_2_beta_0,station_time,2022,['Darrington'],0.0,6537,336,0.07122022398297716,0.5594142769039213
80,0.6237743508489525,year_2022_stations_2_beta_0.2,station_time,2022,['Darrington'],0.2,6537,336,0.07030676743074837,0.5522393396730253
80,0.6237743508489525,year_2022_stations_3_beta_0,station_time,2022,"['Spokane', 'Touchet_WA_824']",0.0,5336,277,0.046272111695714276,0.41716682313911596
80,0.6237743508489525,year_2022_stations_3_beta_0.2,station_time,2022,"['Spokane', 'Touchet_WA_824']",0.2,5336,277,0.04571028805365474,0.4121016948073106
65,0.6148565762505008,year_2019_stations_0_beta_0,station_time,2019,['SourdoughGulch_WA_985'],0.0,2717,365,0.0633616198162894,0.7792665796207408
65,0.6148565762505008,year_2019_stations_0_beta_0.2,station_time,2019,['SourdoughGulch_WA_985'],0.2,2717,365,0.06339935874865205,0.7797307200392787
65,0.6148565762505008,year_2019_stations_1_beta_0,station_time,2019,['Quinault'],0.0,2730,364,0.04246504743714407,0.9650211860289037
65,0.6148565762505008,year_2019_stations_1_beta_0.2,station_time,2019,['Quinault'],0.2,2730,364,0.04058180015109537,0.9222242591619675
65,0.6148565762505008,year_2019_stations_2_beta_0,station_time,2019,['Darrington'],0.0,2757,324,0.04609690344172825,0.552040179367249
65,0.6148565762505008,year_2019_stations_2_beta_0.2,station_time,2019,['Darrington'],0.2,2757,324,0.04406037872420881,0.5276514810728735
65,0.6148565762505008,year_2019_stations_3_beta_0,station_time,2019,"['Spokane', 'Touchet_WA_824']",0.0,2137,639,0.07176576602116166,0.8189997415912591
65,0.6148565762505008,year_2019_stations_3_beta_0.2,station_time,2019,"['Spokane', 'Touchet_WA_824']",0.2,2137,639,0.07193838895130725,0.8209697356848256
65,0.6148565762505008,year_2020_stations_0_beta_0,station_time,2020,['SourdoughGulch_WA_985'],0.0,4044,366,0.0852165233539679,0.9765905396276549
65,0.6148565762505008,year_2020_stations_0_beta_0.2,station_time,2020,['SourdoughGulch_WA_985'],0.2,4044,366,0.08320946696405022,0.9535894571409734
65,0.6148565762505008,year_2020_stations_1_beta_0,station_time,2020,['Quinault'],0.0,4058,366,0.02975705334209407,0.5040102687865304
65,0.6148565762505008,year_2020_stations_1_beta_0.2,station_time,2020,['Quinault'],0.2,4058,366,0.027771815959826786,0.47038529876215673
65,0.6148565762505008,year_2020_stations_2_beta_0,station_time,2020,['Darrington'],0.0,4125,363,0.04858590348054648,0.5472301891584689
65,0.6148565762505008,year_2020_stations_2_beta_0.2,station_time,2020,['Darrington'],0.2,4125,363,0.047732879747334984,0.5376224571736372
65,0.6148565762505008,year_2020_stations_3_beta_0,station_time,2020,"['Spokane', 'Touchet_WA_824']",0.0,3190,634,0.05831539205598352,0.5605452504334427
65,0.6148565762505008,year_2020_stations_3_beta_0.2,station_time,2020,"['Spokane', 'Touchet_WA_824']",0.2,3190,634,0.06142265444722352,0.5904131997664067
65,0.6148565762505008,year_2021_stations_0_beta_0,station_time,2021,['SourdoughGulch_WA_985'],0.0,5407,365,0.043283454977998174,0.3944396663189566
65,0.6148565762505008,year_2021_stations_0_beta_0.2,station_time,2021,['SourdoughGulch_WA_985'],0.2,5407,365,0.04499572252587434,0.4100434632103176
65,0.6148565762505008,year_2021_stations_1_beta_0,station_time,2021,['Quinault'],0.0,5421,351,0.028778765451485774,0.37748536003541905
65,0.6148565762505008,year_2021_stations_1_beta_0.2,station_time,2021,['Quinault'],0.2,5421,351,0.029157029879967097,0.38244697953972245
65,0.6148565762505008,year_2021_stations_2_beta_0,station_time,2021,['Darrington'],0.0,5491,335,0.05381287861295115,0.524637620762674
65,0.6148565762505008,year_2021_stations_2_beta_0.2,station_time,2021,['Darrington'],0.2,5491,335,0.05181137460578437,0.5051243680370668
65,0.6148565762505008,year_2021_stations_3_beta_0,station_time,2021,"['Spokane', 'Touchet_WA_824']",0.0,4285,330,0.04406132540217899,0.4312906125661163
65,0.6148565762505008,year_2021_stations_3_beta_0.2,station_time,2021,"['Spokane', 'Touchet_WA_824']",0.2,4285,330,0.04509103385822641,0.44136982799414876
65,0.6148565762505008,year_2022_stations_0_beta_0,station_time,2022,['SourdoughGulch_WA_985'],0.0,6423,364,0.04432999506277825,0.4619720542255801
65,0.6148565762505008,year_2022_stations_0_beta_0.2,station_time,2022,['SourdoughGulch_WA_985'],0.2,6423,364,0.04378752312435544,0.456318841871326
65,0.6148565762505008,year_2022_stations_1_beta_0,station_time,2022,['Quinault'],0.0,6451,362,0.03912631870675511,0.4996201293319116
65,0.6148565762505008,year_2022_stations_1_beta_0.2,station_time,2022,['Quinault'],0.2,6451,362,0.042389982823126615,0.5412952048773124
65,0.6148565762505008,year_2022_stations_2_beta_0,station_time,2022,['Darrington'],0.0,6537,336,0.06470351862617624,0.5082274396392416
65,0.6148565762505008,year_2022_stations_2_beta_0.2,station_time,2022,['Darrington'],0.2,6537,336,0.06482410937046405,0.5091746450851722
65,0.6148565762505008,year_2022_stations_3_beta_0,station_time,2022,"['Spokane', 'Touchet_WA_824']",0.0,5336,277,0.0475831754325693,0.42898673526314735
65,0.6148565762505008,year_2022_stations_3_beta_0.2,station_time,2022,"['Spokane', 'Touchet_WA_824']",0.2,5336,277,0.049874800427235244,0.4496469101247915
50,0.607117830311699,year_2019_stations_0_beta_0,station_time,2019,['SourdoughGulch_WA_985'],0.0,2717,365,0.06079510186353776,0.747701703716766
50,0.607117830311699,year_2019_stations_0_beta_0.2,station_time,2019,['SourdoughGulch_WA_985'],0.2,2717,365,0.06038045951480826,0.74260213514833
50,0.607117830311699,year_2019_stations_1_beta_0,station_time,2019,['Quinault'],0.0,2730,364,0.03931078903389731,0.8933404422395935
50,0.607117830311699,year_2019_stations_1_beta_0.2,station_time,2019,['Quinault'],0.2,2730,364,0.04076573938012564,0.9264042910627626
50,0.607117830311699,year_2019_stations_2_beta_0,station_time,2019,['Darrington'],0.0,2757,324,0.048702074862621424,0.583238789058902
50,0.607117830311699,year_2019_stations_2_beta_0.2,station_time,2019,['Darrington'],0.2,2757,324,0.048471566790696044,0.5804783060791258
50,0.607117830311699,year_2019_stations_3_beta_0,station_time,2019,"['Spokane', 'Touchet_WA_824']",0.0,2137,639,0.06630458633245338,0.7566760878241323
50,0.607117830311699,year_2019_stations_3_beta_0.2,station_time,2019,"['Spokane', 'Touchet_WA_824']",0.2,2137,639,0.06748341681702909,0.77012904618819
50,0.607117830311699,year_2020_stations_0_beta_0,station_time,2020,['SourdoughGulch_WA_985'],0.0,4044,366,0.08168807561571774,0.9361541483607579
50,0.607117830311699,year_2020_stations_0_beta_0.2,station_time,2020,['SourdoughGulch_WA_985'],0.2,4044,366,0.08104316282427951,0.9287633782821977
50,0.607117830311699,year_2020_stations_1_beta_0,station_time,2020,['Quinault'],0.0,4058,366,0.0263236985743822,0.44585780189337537
50,0.607117830311699,year_2020_stations_1_beta_0.2,station_time,2020,['Quinault'],0.2,4058,366,0.025091042531469498,0.4249796828011557
50,0.607117830311699,year_2020_stations_2_beta_0,station_time,2020,['Darrington'],0.0,4125,363,0.04554871523704403,0.5130218904969611
50,0.607117830311699,year_2020_stations_2_beta_0.2,station_time,2020,['Darrington'],0.2,4125,363,0.04737373298128046,0.5335773342337631
50,0.607117830311699,year_2020_stations_3_beta_0,station_time,2020,"['Spokane', 'Touchet_WA_824']",0.0,3190,634,0.0604168445547913,0.5807450497606483
50,0.607117830311699,year_2020_stations_3_beta_0.2,station_time,2020,"['Spokane', 'Touchet_WA_824']",0.2,3190,634,0.06376210492807334,0.6129007079427329
50,0.607117830311699,year_2021_stations_0_beta_0,station_time,2021,['SourdoughGulch_WA_985'],0.0,5407,365,0.046547014719304315,0.4241803008414808
50,0.607117830311699,year_2021_stations_0_beta_0.2,station_time,2021,['SourdoughGulch_WA_985'],0.2,5407,365,0.04776521165280739,0.435281660291783
50,0.607117830311699,year_2021_stations_1_beta_0,station_time,2021,['Quinault'],0.0,5421,351,0.028515129028966076,0.3740272933563232
50,0.607117830311699,year_2021_stations_1_beta_0.2,station_time,2021,['Quinault'],0.2,5421,351,0.029134520153139915,0.38215172391626695
50,0.607117830311699,year_2021_stations_2_beta_0,station_time,2021,['Darrington'],0.0,5491,335,0.0523161703045707,0.510045770147653
50,0.607117830311699,year_2021_stations_2_beta_0.2,station_time,2021,['Darrington'],0.2,5491,335,0.04960311919864552,0.48359543495079976
50,0.607117830311699,year_2021_stations_3_beta_0,station_time,2021,"['Spokane', 'Touchet_WA_824']",0.0,4285,330,0.0428009145706608,0.4189531861576142
50,0.607117830311699,year_2021_stations_3_beta_0.2,station_time,2021,"['Spokane', 'Touchet_WA_824']",0.2,4285,330,0.044686271555371346,0.43740784591692783
50,0.607117830311699,year_2022_stations_0_beta_0,station_time,2022,['SourdoughGulch_WA_985'],0.0,6423,364,0.0451551672938028,0.47057134484396307
50,0.607117830311699,year_2022_stations_0_beta_0.2,station_time,2022,['SourdoughGulch_WA_985'],0.2,6423,364,0.04688789362548716,0.4886284445960697
50,0.607117830311699,year_2022_stations_1_beta_0,station_time,2022,['Quinault'],0.0,6451,362,0.04107237065067809,0.5244700706513732
50,0.607117830311699,year_2022_stations_1_beta_0.2,station_time,2022,['Quinault'],0.2,6451,362,0.04429666063997867,0.5656423617000533
50,0.607117830311699,year_2022_stations_2_beta_0,station_time,2022,['Darrington'],0.0,6537,336,0.067236809051753,0.5281257038169893
50,0.607117830311699,year_2022_stations_2_beta_0.2,station_time,2022,['Darrington'],0.2,6537,336,0.06767794919025256,0.5315907321164092
50,0.607117830311699,year_2022_stations_3_beta_0,station_time,2022,"['Spokane', 'Touchet_WA_824']",0.0,5336,277,0.05155272751496672,0.46477428354684436
50,0.607117830311699,year_2022_stations_3_beta_0.2,station_time,2022,"['Spokane', 'Touchet_WA_824']",0.2,5336,277,0.05073565549982571,0.4574079601969675
40,0.6049106690740651,year_2019_stations_0_beta_0,station_time,2019,['SourdoughGulch_WA_985'],0.0,2717,365,0.060533158596733416,0.7444801378197903
40,0.6049106690740651,year_2019_stations_0_beta_0.2,station_time,2019,['SourdoughGulch_WA_985'],0.2,2717,365,0.057497246336648315,0.7071423145475232
40,0.6049106690740651,year_2019_stations_1_beta_0,station_time,2019,['Quinault'],0.0,2730,364,0.03941212571405202,0.8956433254146536
40,0.6049106690740651,year_2019_stations_1_beta_0.2,station_time,2019,['Quinault'],0.2,2730,364,0.040424106838513205,0.9186406675561388
40,0.6049106690740651,year_2019_stations_2_beta_0,station_time,2019,['Darrington'],0.0,2757,324,0.04868413574963012,0.5830239565991485
40,0.6049106690740651,year_2019_stations_2_beta_0.2,station_time,2019,['Darrington'],0.2,2757,324,0.047611553880815054,0.5701790962497929
40,0.6049106690740651,year_2019_stations_3_beta_0,station_time,2019,"['Spokane', 'Touchet_WA_824']",0.0,2137,639,0.0669170178397043,0.7636652314505369
40,0.6049106690740651,year_2019_stations_3_beta_0.2,station_time,2019,"['Spokane', 'Touchet_WA_824']",0.2,2137,639,0.06672067243070277,0.761424513512858
40,0.6049106690740651,year_2020_stations_0_beta_0,station_time,2020,['SourdoughGulch_WA_985'],0.0,4044,366,0.08205942258807447,0.9404098246762137
40,0.6049106690740651,year_2020_stations_0_beta_0.2,station_time,2020,['SourdoughGulch_WA_985'],0.2,4044,366,0.0805735269130575,0.9233813001368156
40,0.6049106690740651,year_2020_stations_1_beta_0,station_time,2020,['Quinault'],0.0,4058,366,0.027395759455669067,0.46401583947596664
40,0.6049106690740651,year_2020_stations_1_beta_0.2,station_time,2020,['Quinault'],0.2,4058,366,0.026169981788120408,0.44325422290757527
40,0.6049106690740651,year_2020_stations_2_beta_0,station_time,2020,['Darrington'],0.0,4125,363,0.04727317047565799,0.5324446839168647
40,0.6049106690740651,year_2020_stations_2_beta_0.2,station_time,2020,['Darrington'],0.2,4125,363,0.047538431002471855,0.5354323523117264
40,0.6049106690740651,year_2020_stations_3_beta_0,station_time,2020,"['Spokane', 'Touchet_WA_824']",0.0,3190,634,0.06257609392215911,0.6015004101330435
40,0.6049106690740651,year_2020_stations_3_beta_0.2,station_time,2020,"['Spokane', 'Touchet_WA_824']",0.2,3190,634,0.06381574414697147,0.6134163043972923
40,0.6049106690740651,year_2021_stations_0_beta_0,station_time,2021,['SourdoughGulch_WA_985'],0.0,5407,365,0.047594238177945315,0.4337235887282197
40,0.6049106690740651,year_2021_stations_0_beta_0.2,station_time,2021,['SourdoughGulch_WA_985'],0.2,5407,365,0.04844607234823663,0.44148630513012393
40,0.6049106690740651,year_2021_stations_1_beta_0,station_time,2021,['Quinault'],0.0,5421,351,0.030217136437831985,0.39635218705622055
40,0.6049106690740651,year_2021_stations_1_beta_0.2,station_time,2021,['Quinault'],0.2,5421,351,0.029214521050630354,0.3832010798256872
40,0.6049106690740651,year_2021_stations_2_beta_0,station_time,2021,['Darrington'],0.0,5491,335,0.05175032186550851,0.5045291468702203
40,0.6049106690740651,year_2021_stations_2_beta_0.2,station_time,2021,['Darrington'],0.2,5491,335,0.052841566732795144,0.5151680148438239
40,0.6049106690740651,year_2021_stations_3_beta_0,station_time,2021,"['Spokane', 'Touchet_WA_824']",0.0,4285,330,0.042302158870750846,0.41407115754473073
40,0.6049106690740651,year_2021_stations_3_beta_0.2,station_time,2021,"['Spokane', 'Touchet_WA_824']",0.2,4285,330,0.04305434643784647,0.421433882873943
40,0.6049106690740651,year_2022_stations_0_beta_0,station_time,2022,['SourdoughGulch_WA_985'],0.0,6423,364,0.04453579106297941,0.4641166969405116
40,0.6049106690740651,year_2022_stations_0_beta_0.2,station_time,2022,['SourdoughGulch_WA_985'],0.2,6423,364,0.04552057281791715,0.47437931144448775
40,0.6049106690740651,year_2022_stations_1_beta_0,station_time,2022,['Quinault'],0.0,6451,362,0.04077291925742245,0.5206462520869863
40,0.6049106690740651,year_2022_stations_1_beta_0.2,station_time,2022,['Quinault'],0.2,6451,362,0.04267078480364094,0.5448808813850541
40,0.6049106690740651,year_2022_stations_2_beta_0,station_time,2022,['Darrington'],0.0,6537,336,0.06387813081427013,0.5017442569119149
40,0.6049106690740651,year_2022_stations_2_beta_0.2,station_time,2022,['Darrington'],0.2,6537,336,0.06777432919232701,0.532347769179103
40,0.6049106690740651,year_2022_stations_3_beta_0,station_time,2022,"['Spokane', 'Touchet_WA_824']",0.0,5336,277,0.04914035566375011,0.44302551383388844
40,0.6049106690740651,year_2022_stations_3_beta_0.2,station_time,2022,"['Spokane', 'Touchet_WA_824']",0.2,5336,277,0.04684218038597467,0.42230628480991395
