date,station_id,station_name,precip_in,air_temp_obs_f,air_temp_avg_f,air_temp_max_f,air_temp_min_f,soil_moisture_2in,soil_moisture_4in,soil_moisture_8in,soil_moisture_20in,soil_moisture_40in,soil_temp_2in_f,soil_temp_4in_f,soil_temp_8in_f,soil_temp_20in_f,soil_temp_40in_f,rel_humidity,solar_rad_wm2,soil_temp_2in_c,soil_temp_4in_c,soil_temp_8in_c,soil_temp_20in_c,soil_temp_40in_c,air_temp_obs_c,air_temp_avg_c,air_temp_max_c,air_temp_min_c,latitude,longitude,elevation_ft,state,network,county
2025-09-25 13:00:00-07:00,2021,Lind #1,0.0,79.3,79.9,81.3,79.3,0.0,0.1,5.4,5.4,10.1,71.0,67.0,67.0,69.0,68.0,22.0,555.4,21.666666666666668,19.444444444444443,19.444444444444443,20.555555555555557,20.0,26.27777777777778,26.611111111111114,27.38888888888889,26.27777777777778,47.0,-118.57,1650,WA,SCAN,Adams
2025-09-25 14:00:00-07:00,2021,Lind #1,0.0,81.3,81.7,82.4,81.0,0.0,0.0,5.3,5.4,10.1,75.0,68.0,67.0,69.0,68.0,16.0,456.6,23.88888888888889,20.0,19.444444444444443,20.555555555555557,20.0,27.38888888888889,27.61111111111111,28.000000000000004,27.22222222222222,47.0,-118.57,1650,WA,SCAN,Adams
2025-09-25 15:00:00-07:00,2021,Lind #1,0.0,81.0,81.5,81.9,79.9,0.0,0.2,5.4,5.2,10.1,78.0,70.0,67.0,69.0,68.0,14.0,311.7,25.555555555555557,21.11111111111111,19.444444444444443,20.555555555555557,20.0,27.22222222222222,27.5,27.722222222222225,26.611111111111114,47.0,-118.57,1650,WA,SCAN,Adams
2025-09-25 16:00:00-07:00,2021,Lind #1,0.0,79.9,78.6,79.9,74.3,0.0,0.2,5.4,5.4,10.1,80.0,71.0,68.0,69.0,68.0,9.0,112.4,26.666666666666668,21.666666666666668,20.0,20.555555555555557,20.0,26.611111111111114,25.888888888888886,26.611111111111114,23.5,47.0,-118.57,1650,WA,SCAN,Adams
2025-09-25 17:00:00-07:00,2021,Lind #1,0.0,74.3,72.0,74.3,66.2,0.0,0.2,5.4,5.4,10.1,80.0,72.0,68.0,69.0,68.0,15.0,15.42,26.666666666666668,22.22222222222222,20.0,20.555555555555557,20.0,23.5,22.22222222222222,23.5,19.0,47.0,-118.57,1650,WA,SCAN,Adams
2025-09-25 18:00:00-07:00,2021,Lind #1,0.0,66.2,66.2,67.6,65.3,0.0,0.4,5.5,5.2,9.9,79.0,73.0,68.0,69.0,68.0,24.0,0.03,26.11111111111111,22.77777777777778,20.0,20.555555555555557,20.0,19.0,19.0,19.777777777777775,18.5,47.0,-118.57,1650,WA,SCAN,Adams
2025-09-25 19:00:00-07:00,2021,Lind #1,0.0,65.7,64.6,65.7,64.0,0.0,0.4,5.6,5.2,10.1,78.0,73.0,69.0,69.0,68.0,25.0,0.0,25.555555555555557,22.77777777777778,20.555555555555557,20.555555555555557,20.0,18.72222222222222,18.111111111111107,18.72222222222222,17.77777777777778,47.0,-118.57,1650,WA,SCAN,Adams
2025-09-25 20:00:00-07:00,2021,Lind #1,0.0,64.6,64.2,64.8,62.6,0.0,0.3,5.7,5.4,10.1,76.0,73.0,69.0,69.0,68.0,23.0,0.01,24.444444444444443,22.77777777777778,20.555555555555557,20.555555555555557,20.0,18.111111111111107,17.88888888888889,18.22222222222222,17.0,47.0,-118.57,1650,WA,SCAN,Adams
2025-09-25 21:00:00-07:00,2021,Lind #1,0.0,62.6,60.4,62.6,58.6,0.0,0.4,5.5,5.4,10.1,74.0,73.0,69.0,69.0,68.0,27.0,0.0,23.333333333333332,22.77777777777778,20.555555555555557,20.555555555555557,20.0,17.0,15.777777777777779,17.0,14.777777777777779,47.0,-118.57,1650,WA,SCAN,Adams
2025-09-25 22:00:00-07:00,2021,Lind #1,0.0,58.6,56.1,58.6,54.3,0.0,0.4,5.4,5.2,9.9,73.0,72.0,69.0,69.0,68.0,32.0,0.0,22.77777777777778,22.22222222222222,20.555555555555557,20.555555555555557,20.0,14.777777777777779,13.38888888888889,14.777777777777779,12.388888888888888,47.0,-118.57,1650,WA,SCAN,Adams
2025-09-25 23:00:00-07:00,2021,Lind #1,0.0,54.9,54.3,54.9,52.7,0.0,0.1,5.6,5.4,9.9,72.0,72.0,69.0,69.0,68.0,36.0,0.01,22.22222222222222,22.22222222222222,20.555555555555557,20.555555555555557,20.0,12.722222222222221,12.388888888888888,12.722222222222221,11.500000000000002,47.0,-118.57,1650,WA,SCAN,Adams
2025-09-26 00:00:00-07:00,2021,Lind #1,0.0,52.7,51.8,52.7,48.0,0.0,0.2,5.6,5.2,9.9,70.0,71.0,69.0,69.0,68.0,37.0,0.0,21.11111111111111,21.666666666666668,20.555555555555557,20.555555555555557,20.0,11.500000000000002,10.999999999999998,11.500000000000002,8.88888888888889,47.0,-118.57,1650,WA,SCAN,Adams
2025-09-26 01:00:00-07:00,2021,Lind #1,0.0,48.0,47.3,48.0,45.3,0.0,0.3,5.6,5.2,10.1,69.0,70.0,69.0,69.0,68.0,46.0,0.0,20.555555555555557,21.11111111111111,20.555555555555557,20.555555555555557,20.0,8.88888888888889,8.499999999999998,8.88888888888889,7.3888888888888875,47.0,-118.57,1650,WA,SCAN,Adams
2025-09-26 02:00:00-07:00,2021,Lind #1,0.0,45.3,45.1,45.7,43.7,0.0,0.2,5.6,5.4,9.9,67.0,69.0,69.0,69.0,68.0,53.0,0.0,19.444444444444443,20.555555555555557,20.555555555555557,20.555555555555557,20.0,7.3888888888888875,7.277777777777778,7.6111111111111125,6.500000000000002,47.0,-118.57,1650,WA,SCAN,Adams
2025-09-26 03:00:00-07:00,2021,Lind #1,0.0,45.5,44.4,45.5,43.9,1.7,0.1,5.4,5.4,10.1,66.0,69.0,69.0,69.0,68.0,63.0,0.0,18.88888888888889,20.555555555555557,20.555555555555557,20.555555555555557,20.0,7.5,6.888888888888888,7.5,6.611111111111111,47.0,-118.57,1650,WA,SCAN,Adams
2025-09-26 04:00:00-07:00,2021,Lind #1,0.0,43.9,44.2,44.6,43.9,1.4,0.1,5.5,5.4,10.1,64.0,68.0,69.0,69.0,68.0,67.0,0.0,17.77777777777778,20.0,20.555555555555557,20.555555555555557,20.0,6.611111111111111,6.7777777777777795,7.000000000000001,6.611111111111111,47.0,-118.57,1650,WA,SCAN,Adams
2025-09-26 05:00:00-07:00,2021,Lind #1,0.0,43.9,43.9,44.6,42.4,1.0,0.1,5.5,5.4,9.9,63.0,67.0,69.0,69.0,68.0,69.0,2.91,17.22222222222222,19.444444444444443,20.555555555555557,20.555555555555557,20.0,6.611111111111111,6.611111111111111,7.000000000000001,5.777777777777777,47.0,-118.57,1650,WA,SCAN,Adams
2025-09-26 06:00:00-07:00,2021,Lind #1,0.0,43.5,44.4,47.1,43.5,0.6,0.2,5.4,5.4,10.1,62.0,66.0,69.0,69.0,68.0,74.0,67.86,16.666666666666668,18.88888888888889,20.555555555555557,20.555555555555557,20.0,6.388888888888889,6.888888888888888,8.38888888888889,6.388888888888889,47.0,-118.57,1650,WA,SCAN,Adams
2025-09-26 07:00:00-07:00,2021,Lind #1,0.0,47.1,49.3,52.3,47.1,0.1,0.1,5.4,5.4,10.1,60.0,65.0,68.0,69.0,68.0,69.0,198.6,15.555555555555555,18.333333333333332,20.0,20.555555555555557,20.0,8.38888888888889,9.611111111111109,11.277777777777777,8.38888888888889,47.0,-118.57,1650,WA,SCAN,Adams
2025-09-26 08:00:00-07:00,2021,Lind #1,0.0,52.3,54.9,58.5,52.3,0.0,0.0,5.5,5.3,10.1,60.0,64.0,68.0,69.0,68.0,57.0,342.7,15.555555555555555,17.77777777777778,20.0,20.555555555555557,20.0,11.277777777777777,12.722222222222221,14.722222222222221,11.277777777777777,47.0,-118.57,1650,WA,SCAN,Adams
2025-09-26 09:00:00-07:00,2021,Lind #1,0.0,58.5,60.8,63.5,58.5,0.0,0.0,5.4,5.2,10.0,59.0,64.0,68.0,69.0,68.0,44.0,489.5,15.0,17.77777777777778,20.0,20.555555555555557,20.0,14.722222222222221,16.0,17.5,14.722222222222221,47.0,-118.57,1650,WA,SCAN,Adams
2025-09-26 10:00:00-07:00,2021,Lind #1,0.0,63.5,64.0,65.8,63.5,0.0,0.0,5.3,5.2,9.9,60.0,63.0,68.0,69.0,68.0,35.0,576.8,15.555555555555555,17.22222222222222,20.0,20.555555555555557,20.0,17.5,17.77777777777778,18.77777777777778,17.5,47.0,-118.57,1650,WA,SCAN,Adams
2025-09-26 11:00:00-07:00,2021,Lind #1,0.0,65.8,65.8,67.8,65.1,0.0,0.0,5.4,5.4,10.3,62.0,64.0,67.0,68.0,68.0,30.0,622.7,16.666666666666668,17.77777777777778,19.444444444444443,20.0,20.0,18.77777777777778,18.77777777777778,19.88888888888889,18.388888888888886,47.0,-118.57,1650,WA,SCAN,Adams
2025-09-26 12:00:00-07:00,2021,Lind #1,0.0,67.8,67.8,68.4,67.3,0.1,0.0,5.4,5.4,10.0,64.0,64.0,67.0,68.0,68.0,28.0,607.9,17.77777777777778,17.77777777777778,19.444444444444443,20.0,20.0,19.88888888888889,19.88888888888889,20.222222222222225,19.61111111111111,47.0,-118.57,1650,WA,SCAN,Adams
2025-09-26 13:00:00-07:00,2021,Lind #1,0.0,67.8,68.5,68.9,67.8,0.8,0.0,5.4,5.4,10.3,67.0,65.0,67.0,68.0,68.0,26.0,537.8,19.444444444444443,18.333333333333332,19.444444444444443,20.0,20.0,19.88888888888889,20.27777777777778,20.500000000000004,19.88888888888889,47.0,-118.57,1650,WA,SCAN,Adams
2025-09-26 14:00:00-07:00,2021,Lind #1,0.0,68.7,69.1,69.6,68.7,0.0,0.0,5.3,5.3,10.2,71.0,66.0,67.0,68.0,68.0,25.0,420.2,21.666666666666668,18.88888888888889,19.444444444444443,20.0,20.0,20.38888888888889,20.611111111111107,20.888888888888886,20.38888888888889,47.0,-118.57,1650,WA,SCAN,Adams
2025-09-26 15:00:00-07:00,2021,Lind #1,0.0,69.4,69.1,69.4,68.0,0.0,0.0,5.3,5.4,10.1,74.0,67.0,67.0,68.0,68.0,23.0,266.5,23.333333333333332,19.444444444444443,19.444444444444443,20.0,20.0,20.777777777777782,20.611111111111107,20.777777777777782,20.0,47.0,-118.57,1650,WA,SCAN,Adams
2025-09-26 16:00:00-07:00,2021,Lind #1,0.0,68.0,67.5,68.0,65.7,0.0,0.1,5.5,5.2,10.1,75.0,69.0,67.0,68.0,68.0,26.0,117.6,23.88888888888889,20.555555555555557,19.444444444444443,20.0,20.0,20.0,19.72222222222222,20.0,18.72222222222222,47.0,-118.57,1650,WA,SCAN,Adams
2025-09-26 17:00:00-07:00,2021,Lind #1,0.0,65.7,63.7,65.7,61.0,0.0,0.2,5.4,5.3,9.9,75.0,70.0,67.0,68.0,68.0,28.0,17.33,23.88888888888889,21.11111111111111,19.444444444444443,20.0,20.0,18.72222222222222,17.61111111111111,18.72222222222222,16.11111111111111,47.0,-118.57,1650,WA,SCAN,Adams
2025-09-26 18:00:00-07:00,2021,Lind #1,0.0,61.0,59.7,61.0,57.9,0.0,0.2,5.2,5.4,10.1,75.0,70.0,67.0,68.0,68.0,32.0,0.04,23.88888888888889,21.11111111111111,19.444444444444443,20.0,20.0,16.11111111111111,15.38888888888889,16.11111111111111,14.38888888888889,47.0,-118.57,1650,WA,SCAN,Adams
2025-09-26 19:00:00-07:00,2021,Lind #1,0.0,57.9,57.2,59.2,55.2,0.0,0.2,5.3,5.3,10.1,73.0,70.0,68.0,68.0,68.0,35.0,0.0,22.77777777777778,21.11111111111111,20.0,20.0,20.0,14.38888888888889,14.000000000000002,15.11111111111111,12.888888888888891,47.0,-118.57,1650,WA,SCAN,Adams
2025-09-26 20:00:00-07:00,2021,Lind #1,0.0,56.7,54.3,56.7,53.4,0.0,0.4,5.5,5.3,10.0,72.0,70.0,68.0,68.0,68.0,36.0,0.0,22.22222222222222,21.11111111111111,20.0,20.0,20.0,13.722222222222223,12.388888888888888,13.722222222222223,11.88888888888889,47.0,-118.57,1650,WA,SCAN,Adams
2025-09-26 21:00:00-07:00,2021,Lind #1,0.0,54.7,54.3,55.0,54.0,0.0,0.3,5.4,5.3,10.0,70.0,70.0,68.0,68.0,68.0,39.0,0.0,21.11111111111111,21.11111111111111,20.0,20.0,20.0,12.611111111111112,12.388888888888888,12.777777777777779,12.222222222222221,47.0,-118.57,1650,WA,SCAN,Adams
2025-09-26 22:00:00-07:00,2021,Lind #1,0.0,55.0,54.3,55.0,52.3,1.7,0.1,5.3,5.3,10.0,68.0,69.0,68.0,68.0,68.0,38.0,0.0,20.0,20.555555555555557,20.0,20.0,20.0,12.777777777777779,12.388888888888888,12.777777777777779,11.277777777777777,47.0,-118.57,1650,WA,SCAN,Adams
2025-09-26 23:00:00-07:00,2021,Lind #1,0.0,52.3,52.5,52.9,52.3,1.4,0.1,5.5,5.3,10.0,67.0,68.0,68.0,68.0,68.0,42.0,0.0,19.444444444444443,20.0,20.0,20.0,20.0,11.277777777777777,11.38888888888889,11.61111111111111,11.277777777777777,47.0,-118.57,1650,WA,SCAN,Adams
2025-09-27 00:00:00-07:00,2021,Lind #1,0.0,52.5,51.8,52.5,51.1,1.2,0.1,5.3,5.3,10.2,66.0,68.0,68.0,68.0,68.0,41.0,0.0,18.88888888888889,20.0,20.0,20.0,20.0,11.38888888888889,10.999999999999998,11.38888888888889,10.61111111111111,47.0,-118.57,1650,WA,SCAN,Adams
2025-09-27 01:00:00-07:00,2021,Lind #1,0.0,51.3,50.7,51.4,50.0,1.0,0.0,5.4,5.3,9.9,64.0,67.0,68.0,68.0,68.0,42.0,0.0,17.77777777777778,19.444444444444443,20.0,20.0,20.0,10.722222222222221,10.388888888888891,10.777777777777779,10.0,47.0,-118.57,1650,WA,SCAN,Adams
2025-09-27 02:00:00-07:00,2021,Lind #1,0.0,50.0,49.5,50.0,49.1,0.7,0.0,5.4,5.3,10.1,63.0,66.0,68.0,68.0,68.0,44.0,0.0,17.22222222222222,18.88888888888889,20.0,20.0,20.0,10.0,9.722222222222221,10.0,9.5,47.0,-118.57,1650,WA,SCAN,Adams
2025-09-27 03:00:00-07:00,2021,Lind #1,0.0,49.6,50.0,50.5,49.6,0.4,0.0,5.5,5.3,9.9,62.0,66.0,68.0,68.0,68.0,44.0,0.0,16.666666666666668,18.88888888888889,20.0,20.0,20.0,9.777777777777779,10.0,10.277777777777779,9.777777777777779,47.0,-118.57,1650,WA,SCAN,Adams
2025-09-27 04:00:00-07:00,2021,Lind #1,0.0,50.5,51.1,51.6,50.5,0.1,0.1,5.3,5.3,10.1,62.0,65.0,67.0,68.0,68.0,43.0,0.0,16.666666666666668,18.333333333333332,19.444444444444443,20.0,20.0,10.277777777777779,10.61111111111111,10.88888888888889,10.277777777777779,47.0,-118.57,1650,WA,SCAN,Adams
2025-09-27 05:00:00-07:00,2021,Lind #1,0.0,51.6,52.0,52.7,51.4,0.0,0.0,5.4,5.3,9.9,61.0,64.0,67.0,68.0,68.0,41.0,2.3,16.11111111111111,17.77777777777778,19.444444444444443,20.0,20.0,10.88888888888889,11.11111111111111,11.500000000000002,10.777777777777779,47.0,-118.57,1650,WA,SCAN,Adams
2025-09-27 06:00:00-07:00,2021,Lind #1,0.0,52.2,53.4,54.0,52.2,0.0,0.0,5.3,5.3,9.8,61.0,64.0,67.0,68.0,68.0,41.0,38.98,16.11111111111111,17.77777777777778,19.444444444444443,20.0,20.0,11.222222222222223,11.88888888888889,12.222222222222221,11.222222222222223,47.0,-118.57,1650,WA,SCAN,Adams
2025-09-27 07:00:00-07:00,2021,Lind #1,0.0,53.8,55.4,59.2,53.8,0.0,0.0,5.4,5.4,10.2,60.0,64.0,67.0,68.0,68.0,39.0,186.9,15.555555555555555,17.77777777777778,19.444444444444443,20.0,20.0,12.111111111111109,13.0,15.11111111111111,12.111111111111109,47.0,-118.57,1650,WA,SCAN,Adams
2025-09-27 08:00:00-07:00,2021,Lind #1,0.0,59.2,61.9,65.1,59.2,0.0,0.0,5.3,5.4,10.0,60.0,63.0,67.0,68.0,68.0,33.0,363.9,15.555555555555555,17.22222222222222,19.444444444444443,20.0,20.0,15.11111111111111,16.61111111111111,18.388888888888886,15.11111111111111,47.0,-118.57,1650,WA,SCAN,Adams
2025-09-27 09:00:00-07:00,2021,Lind #1,0.0,65.1,67.6,72.0,65.1,0.0,0.0,5.2,5.1,10.1,60.0,63.0,67.0,68.0,68.0,27.0,498.4,15.555555555555555,17.22222222222222,19.444444444444443,20.0,20.0,18.388888888888886,19.777777777777775,22.22222222222222,18.388888888888886,47.0,-118.57,1650,WA,SCAN,Adams
2025-09-27 10:00:00-07:00,2021,Lind #1,0.0,72.0,74.1,75.9,72.0,0.0,0.0,5.4,5.3,10.2,61.0,63.0,66.0,68.0,68.0,20.0,579.2,16.11111111111111,17.22222222222222,18.88888888888889,20.0,20.0,22.22222222222222,23.388888888888886,24.388888888888893,22.22222222222222,47.0,-118.57,1650,WA,SCAN,Adams
2025-09-27 11:00:00-07:00,2021,Lind #1,0.0,75.6,76.8,77.7,75.6,0.0,0.0,5.3,5.4,10.1,63.0,63.0,66.0,68.0,68.0,17.0,607.4,17.22222222222222,17.22222222222222,18.88888888888889,20.0,20.0,24.222222222222218,24.88888888888889,25.38888888888889,24.222222222222218,47.0,-118.57,1650,WA,SCAN,Adams
2025-09-27 12:00:00-07:00,2021,Lind #1,0.0,77.0,77.9,79.9,77.0,0.3,0.0,5.3,5.4,10.1,65.0,64.0,66.0,68.0,68.0,16.0,591.3,18.333333333333332,17.77777777777778,18.88888888888889,20.0,20.0,25.0,25.500000000000004,26.611111111111114,25.0,47.0,-118.57,1650,WA,SCAN,Adams
2025-09-27 13:00:00-07:00,2021,Lind #1,0.0,79.9,80.1,81.0,79.0,1.1,0.1,5.3,5.4,10.0,69.0,65.0,66.0,68.0,68.0,16.0,536.2,20.555555555555557,18.333333333333332,18.88888888888889,20.0,20.0,26.611111111111114,26.722222222222218,27.22222222222222,26.11111111111111,47.0,-118.57,1650,WA,SCAN,Adams
2025-09-27 14:00:00-07:00,2021,Lind #1,0.0,81.0,81.1,81.3,81.0,0.0,0.2,5.3,5.4,10.0,73.0,66.0,66.0,68.0,68.0,16.0,432.2,22.77777777777778,18.88888888888889,18.88888888888889,20.0,20.0,27.22222222222222,27.277777777777775,27.38888888888889,27.22222222222222,47.0,-118.57,1650,WA,SCAN,Adams
2025-09-27 15:00:00-07:00,2021,Lind #1,0.0,81.3,81.5,81.5,80.8,0.0,0.1,5.3,5.4,10.0,76.0,68.0,66.0,68.0,68.0,17.0,291.6,24.444444444444443,20.0,18.88888888888889,20.0,20.0,27.38888888888889,27.5,27.5,27.11111111111111,47.0,-118.57,1650,WA,SCAN,Adams
2025-09-27 16:00:00-07:00,2021,Lind #1,0.0,80.8,80.6,81.5,77.9,0.0,0.1,5.2,5.1,9.9,78.0,69.0,66.0,68.0,68.0,18.0,125.5,25.555555555555557,20.555555555555557,18.88888888888889,20.0,20.0,27.11111111111111,26.999999999999996,27.5,25.500000000000004,47.0,-118.57,1650,WA,SCAN,Adams
2025-09-27 17:00:00-07:00,2021,Lind #1,0.0,77.9,75.0,77.9,69.8,0.0,0.1,5.3,5.4,9.9,78.0,71.0,67.0,68.0,68.0,19.0,10.17,25.555555555555557,21.666666666666668,19.444444444444443,20.0,20.0,25.500000000000004,23.88888888888889,25.500000000000004,21.0,47.0,-118.57,1650,WA,SCAN,Adams
2025-09-27 18:00:00-07:00,2021,Lind #1,0.0,69.8,68.7,69.8,67.3,0.0,0.2,5.4,5.4,10.0,78.0,71.0,67.0,68.0,68.0,23.0,0.02,25.555555555555557,21.666666666666668,19.444444444444443,20.0,20.0,21.0,20.38888888888889,21.0,19.61111111111111,47.0,-118.57,1650,WA,SCAN,Adams
2025-09-27 19:00:00-07:00,2021,Lind #1,0.0,68.4,67.6,68.9,65.1,0.0,0.1,5.3,5.4,10.2,76.0,72.0,67.0,68.0,68.0,24.0,0.0,24.444444444444443,22.22222222222222,19.444444444444443,20.0,20.0,20.222222222222225,19.777777777777775,20.500000000000004,18.388888888888886,47.0,-118.57,1650,WA,SCAN,Adams
2025-09-27 20:00:00-07:00,2021,Lind #1,0.0,67.3,67.3,68.0,63.3,0.0,0.2,5.4,5.4,10.0,75.0,72.0,68.0,68.0,68.0,26.0,0.0,23.88888888888889,22.22222222222222,20.0,20.0,20.0,19.61111111111111,19.61111111111111,20.0,17.38888888888889,47.0,-118.57,1650,WA,SCAN,Adams
2025-09-27 21:00:00-07:00,2021,Lind #1,0.0,63.3,63.5,64.4,60.3,0.0,0.3,5.3,5.4,10.0,74.0,71.0,68.0,68.0,68.0,28.0,0.0,23.333333333333332,21.666666666666668,20.0,20.0,20.0,17.38888888888889,17.5,18.000000000000004,15.722222222222221,47.0,-118.57,1650,WA,SCAN,Adams
2025-09-27 22:00:00-07:00,2021,Lind #1,0.0,60.3,60.6,62.6,60.1,0.0,0.2,5.5,5.4,9.9,72.0,71.0,68.0,68.0,68.0,33.0,0.0,22.22222222222222,21.666666666666668,20.0,20.0,20.0,15.722222222222221,15.88888888888889,17.0,15.61111111111111,47.0,-118.57,1650,WA,SCAN,Adams
2025-09-27 23:00:00-07:00,2021,Lind #1,0.0,62.6,60.8,62.6,57.2,0.0,0.2,5.4,5.4,9.9,71.0,71.0,68.0,68.0,68.0,33.0,0.0,21.666666666666668,21.666666666666668,20.0,20.0,20.0,17.0,16.0,17.0,14.000000000000002,47.0,-118.57,1650,WA,SCAN,Adams
2025-09-28 00:00:00-07:00,2021,Lind #1,0.0,57.2,56.1,57.2,55.4,0.0,0.0,5.4,5.3,10.0,70.0,70.0,68.0,68.0,68.0,39.0,0.0,21.11111111111111,21.11111111111111,20.0,20.0,20.0,14.000000000000002,13.38888888888889,14.000000000000002,13.0,47.0,-118.57,1650,WA,SCAN,Adams
2025-09-28 01:00:00-07:00,2021,Lind #1,0.0,55.4,56.1,57.9,54.7,0.0,0.1,5.3,5.3,10.0,69.0,69.0,68.0,68.0,68.0,44.0,0.0,20.555555555555557,20.555555555555557,20.0,20.0,20.0,13.0,13.38888888888889,14.38888888888889,12.611111111111112,47.0,-118.57,1650,WA,SCAN,Adams
2025-09-28 02:00:00-07:00,2021,Lind #1,0.0,57.9,57.4,58.1,56.5,1.7,0.1,5.3,5.3,10.0,68.0,69.0,68.0,68.0,68.0,41.0,0.0,20.0,20.555555555555557,20.0,20.0,20.0,14.38888888888889,14.11111111111111,14.5,13.61111111111111,47.0,-118.57,1650,WA,SCAN,Adams
2025-09-28 03:00:00-07:00,2021,Lind #1,0.0,56.5,56.7,56.8,55.8,1.4,0.1,5.3,5.3,9.9,67.0,68.0,68.0,68.0,68.0,44.0,0.0,19.444444444444443,20.0,20.0,20.0,20.0,13.61111111111111,13.722222222222223,13.777777777777777,13.222222222222221,47.0,-118.57,1650,WA,SCAN,Adams
2025-09-28 04:00:00-07:00,2021,Lind #1,0.0,55.8,55.4,55.9,54.1,1.2,0.0,5.3,5.3,10.0,66.0,68.0,68.0,68.0,68.0,45.0,0.0,18.88888888888889,20.0,20.0,20.0,20.0,13.222222222222221,13.0,13.277777777777779,12.277777777777779,47.0,-118.57,1650,WA,SCAN,Adams
2025-09-28 05:00:00-07:00,2021,Lind #1,0.0,54.1,53.1,54.1,52.3,1.0,0.2,5.5,5.1,9.9,65.0,67.0,68.0,68.0,68.0,48.0,2.13,18.333333333333332,19.444444444444443,20.0,20.0,20.0,12.277777777777779,11.722222222222221,12.277777777777779,11.277777777777777,47.0,-118.57,1650,WA,SCAN,Adams
2025-09-28 06:00:00-07:00,2021,Lind #1,0.0,53.2,52.9,55.6,51.6,0.8,0.1,5.3,5.1,10.2,64.0,66.0,68.0,68.0,68.0,50.0,59.55,17.77777777777778,18.88888888888889,20.0,20.0,20.0,11.777777777777779,11.61111111111111,13.11111111111111,10.88888888888889,47.0,-118.57,1650,WA,SCAN,Adams
2025-09-28 07:00:00-07:00,2021,Lind #1,0.0,55.6,57.9,61.9,55.6,0.6,0.1,5.3,5.4,10.0,63.0,66.0,68.0,68.0,68.0,47.0,197.9,17.22222222222222,18.88888888888889,20.0,20.0,20.0,13.11111111111111,14.38888888888889,16.61111111111111,13.11111111111111,47.0,-118.57,1650,WA,SCAN,Adams
2025-09-28 08:00:00-07:00,2021,Lind #1,0.0,61.9,64.4,67.8,61.9,0.3,0.0,5.2,5.4,10.0,63.0,65.0,67.0,68.0,68.0,39.0,353.1,17.22222222222222,18.333333333333332,19.444444444444443,20.0,20.0,16.61111111111111,18.000000000000004,19.88888888888889,16.61111111111111,47.0,-118.57,1650,WA,SCAN,Adams
2025-09-28 09:00:00-07:00,2021,Lind #1,0.0,67.8,70.2,73.0,67.8,0.2,0.1,5.4,5.4,10.0,63.0,65.0,67.0,68.0,68.0,31.0,483.9,17.22222222222222,18.333333333333332,19.444444444444443,20.0,20.0,19.88888888888889,21.22222222222222,22.77777777777778,19.88888888888889,47.0,-118.57,1650,WA,SCAN,Adams
2025-09-28 10:00:00-07:00,2021,Lind #1,0.0,73.0,74.1,75.6,73.0,0.2,0.0,5.3,5.4,10.0,64.0,65.0,67.0,68.0,68.0,25.0,569.2,17.77777777777778,18.333333333333332,19.444444444444443,20.0,20.0,22.77777777777778,23.388888888888886,24.222222222222218,22.77777777777778,47.0,-118.57,1650,WA,SCAN,Adams
2025-09-28 11:00:00-07:00,2021,Lind #1,0.0,75.6,77.4,79.2,75.6,0.4,0.0,5.3,5.4,10.1,65.0,65.0,67.0,68.0,68.0,23.0,606.3,18.333333333333332,18.333333333333332,19.444444444444443,20.0,20.0,24.222222222222218,25.222222222222225,26.22222222222222,24.222222222222218,47.0,-118.57,1650,WA,SCAN,Adams
2025-09-28 12:00:00-07:00,2021,Lind #1,0.0,79.2,79.7,81.9,79.2,0.9,0.1,5.4,5.4,10.2,67.0,66.0,67.0,68.0,68.0,21.0,593.0,19.444444444444443,18.88888888888889,19.444444444444443,20.0,20.0,26.22222222222222,26.5,27.722222222222225,26.22222222222222,47.0,-118.57,1650,WA,SCAN,Adams
2025-09-28 13:00:00-07:00,2021,Lind #1,0.0,81.9,81.3,81.9,80.8,0.0,0.0,5.4,5.2,10.2,71.0,67.0,67.0,68.0,68.0,19.0,540.7,21.666666666666668,19.444444444444443,19.444444444444443,20.0,20.0,27.722222222222225,27.38888888888889,27.722222222222225,27.11111111111111,47.0,-118.57,1650,WA,SCAN,Adams
2025-09-28 14:00:00-07:00,2021,Lind #1,0.0,81.7,82.0,83.5,81.1,0.0,0.1,5.5,5.2,10.0,75.0,68.0,67.0,68.0,68.0,18.0,428.7,23.88888888888889,20.0,19.444444444444443,20.0,20.0,27.61111111111111,27.77777777777778,28.61111111111111,27.277777777777775,47.0,-118.57,1650,WA,SCAN,Adams
2025-09-28 15:00:00-07:00,2021,Lind #1,0.0,81.3,81.5,81.9,81.3,0.0,0.0,5.4,5.2,10.2,78.0,69.0,67.0,68.0,68.0,18.0,284.3,25.555555555555557,20.555555555555557,19.444444444444443,20.0,20.0,27.38888888888889,27.5,27.722222222222225,27.38888888888889,47.0,-118.57,1650,WA,SCAN,Adams
2025-09-28 16:00:00-07:00,2021,Lind #1,0.0,81.5,80.6,81.5,78.8,0.0,0.3,5.3,5.2,10.2,79.0,71.0,67.0,68.0,68.0,18.0,132.4,26.11111111111111,21.666666666666668,19.444444444444443,20.0,20.0,27.5,26.999999999999996,27.5,26.0,47.0,-118.57,1650,WA,SCAN,Adams
2025-09-28 17:00:00-07:00,2021,Lind #1,0.0,78.8,76.6,78.8,74.7,0.0,0.2,5.4,5.2,10.0,80.0,72.0,67.0,68.0,68.0,20.0,12.36,26.666666666666668,22.22222222222222,19.444444444444443,20.0,20.0,26.0,24.777777777777775,26.0,23.72222222222222,47.0,-118.57,1650,WA,SCAN,Adams
2025-09-28 18:00:00-07:00,2021,Lind #1,0.0,75.2,72.0,75.2,70.2,0.0,0.3,5.4,5.2,10.0,79.0,73.0,68.0,68.0,68.0,23.0,0.01,26.11111111111111,22.77777777777778,20.0,20.0,20.0,24.0,22.22222222222222,24.0,21.22222222222222,47.0,-118.57,1650,WA,SCAN,Adams
2025-09-28 19:00:00-07:00,2021,Lind #1,0.0,70.2,68.0,70.2,65.3,0.0,0.4,5.3,5.5,10.0,78.0,73.0,68.0,68.0,68.0,27.0,0.0,25.555555555555557,22.77777777777778,20.0,20.0,20.0,21.22222222222222,20.0,21.22222222222222,18.5,47.0,-118.57,1650,WA,SCAN,Adams
2025-09-28 20:00:00-07:00,2021,Lind #1,0.0,65.3,64.2,65.5,62.8,0.0,0.2,5.4,5.4,10.1,76.0,73.0,68.0,68.0,68.0,33.0,0.0,24.444444444444443,22.77777777777778,20.0,20.0,20.0,18.5,17.88888888888889,18.61111111111111,17.11111111111111,47.0,-118.57,1650,WA,SCAN,Adams
2025-09-28 21:00:00-07:00,2021,Lind #1,0.0,63.7,61.9,63.7,59.2,0.0,0.4,5.4,5.4,10.0,74.0,72.0,69.0,68.0,68.0,36.0,0.0,23.333333333333332,22.22222222222222,20.555555555555557,20.0,20.0,17.61111111111111,16.61111111111111,17.61111111111111,15.11111111111111,47.0,-118.57,1650,WA,SCAN,Adams
2025-09-28 22:00:00-07:00,2021,Lind #1,0.0,63.1,59.5,63.1,57.7,0.0,0.2,5.5,5.4,9.9,72.0,72.0,69.0,68.0,68.0,35.0,0.0,22.22222222222222,22.22222222222222,20.555555555555557,20.0,20.0,17.27777777777778,15.277777777777779,17.27777777777778,14.277777777777779,47.0,-118.57,1650,WA,SCAN,Adams
2025-09-28 23:00:00-07:00,2021,Lind #1,0.0,61.2,60.3,61.2,59.0,0.0,0.2,5.5,5.4,10.0,71.0,71.0,69.0,68.0,68.0,38.0,0.0,21.666666666666668,21.666666666666668,20.555555555555557,20.0,20.0,16.22222222222222,15.722222222222221,16.22222222222222,15.0,47.0,-118.57,1650,WA,SCAN,Adams
2025-09-29 00:00:00-07:00,2021,Lind #1,0.0,61.0,61.2,62.8,59.9,0.0,0.1,5.4,5.4,10.0,70.0,70.0,69.0,68.0,68.0,38.0,0.0,21.11111111111111,21.11111111111111,20.555555555555557,20.0,20.0,16.11111111111111,16.22222222222222,17.11111111111111,15.5,47.0,-118.57,1650,WA,SCAN,Adams
2025-09-29 01:00:00-07:00,2021,Lind #1,0.0,62.8,61.2,63.5,58.1,0.0,0.1,5.4,5.4,10.0,68.0,70.0,69.0,68.0,68.0,34.0,0.0,20.0,21.11111111111111,20.555555555555557,20.0,20.0,17.11111111111111,16.22222222222222,17.5,14.5,47.0,-118.57,1650,WA,SCAN,Adams
2025-09-29 02:00:00-07:00,2021,Lind #1,0.0,59.0,59.2,59.4,58.8,1.6,0.1,5.5,5.4,10.0,67.0,69.0,69.0,68.0,68.0,40.0,0.0,19.444444444444443,20.555555555555557,20.555555555555557,20.0,20.0,15.0,15.11111111111111,15.222222222222221,14.88888888888889,47.0,-118.57,1650,WA,SCAN,Adams
2025-09-29 03:00:00-07:00,2021,Lind #1,0.0,58.8,58.5,59.0,56.8,1.4,0.1,5.5,5.4,10.0,67.0,68.0,69.0,68.0,67.0,40.0,0.0,19.444444444444443,20.0,20.555555555555557,20.0,19.444444444444443,14.88888888888889,14.722222222222221,15.0,13.777777777777777,47.0,-118.57,1650,WA,SCAN,Adams
2025-09-29 04:00:00-07:00,2021,Lind #1,0.0,56.8,57.2,57.4,56.3,1.2,0.1,5.3,5.1,10.0,66.0,68.0,69.0,68.0,67.0,42.0,0.0,18.88888888888889,20.0,20.555555555555557,20.0,19.444444444444443,13.777777777777777,14.000000000000002,14.11111111111111,13.499999999999998,47.0,-118.57,1650,WA,SCAN,Adams
2025-09-29 05:00:00-07:00,2021,Lind #1,0.0,56.3,56.3,56.8,55.8,1.0,0.1,5.4,5.3,9.9,65.0,67.0,68.0,68.0,67.0,42.0,0.7,18.333333333333332,19.444444444444443,20.0,20.0,19.444444444444443,13.499999999999998,13.499999999999998,13.777777777777777,13.222222222222221,47.0,-118.57,1650,WA,SCAN,Adams
2025-09-29 06:00:00-07:00,2021,Lind #1,0.0,56.7,56.1,56.7,55.8,0.9,0.1,5.5,5.4,9.9,65.0,67.0,68.0,68.0,67.0,44.0,25.4,18.333333333333332,19.444444444444443,20.0,20.0,19.444444444444443,13.722222222222223,13.38888888888889,13.722222222222223,13.222222222222221,47.0,-118.57,1650,WA,SCAN,Adams
2025-09-29 07:00:00-07:00,2021,Lind #1,0.0,56.5,58.5,61.5,56.5,0.7,0.0,5.3,5.4,10.0,64.0,66.0,68.0,68.0,67.0,44.0,115.2,17.77777777777778,18.88888888888889,20.0,20.0,19.444444444444443,13.61111111111111,14.722222222222221,16.38888888888889,13.61111111111111,47.0,-118.57,1650,WA,SCAN,Adams
2025-09-29 08:00:00-07:00,2021,Lind #1,0.0,61.5,63.3,65.5,61.5,0.6,0.1,5.4,5.4,10.0,64.0,66.0,68.0,68.0,67.0,39.0,176.2,17.77777777777778,18.88888888888889,20.0,20.0,19.444444444444443,16.38888888888889,17.38888888888889,18.61111111111111,16.38888888888889,47.0,-118.57,1650,WA,SCAN,Adams
2025-09-29 09:00:00-07:00,2021,Lind #1,0.0,65.5,66.7,68.4,65.5,0.5,0.1,5.3,5.4,10.0,64.0,66.0,68.0,68.0,67.0,35.0,189.8,17.77777777777778,18.88888888888889,20.0,20.0,19.444444444444443,18.61111111111111,19.27777777777778,20.222222222222225,18.61111111111111,47.0,-118.57,1650,WA,SCAN,Adams
2025-09-29 10:00:00-07:00,2021,Lind #1,0.0,68.4,70.3,74.3,68.4,0.5,0.1,5.4,5.4,10.0,65.0,66.0,67.0,68.0,67.0,32.0,400.9,18.333333333333332,18.88888888888889,19.444444444444443,20.0,19.444444444444443,20.222222222222225,21.27777777777778,23.5,20.222222222222225,47.0,-118.57,1650,WA,SCAN,Adams
2025-09-29 11:00:00-07:00,2021,Lind #1,0.0,74.3,75.7,78.3,74.3,0.6,0.0,5.4,5.2,10.1,65.0,66.0,67.0,68.0,67.0,25.0,477.3,18.333333333333332,18.88888888888889,19.444444444444443,20.0,19.444444444444443,23.5,24.27777777777778,25.72222222222222,23.5,47.0,-118.57,1650,WA,SCAN,Adams
2025-09-29 12:00:00-07:00,2021,Lind #1,0.0,78.3,78.3,78.6,78.1,0.8,0.0,5.3,5.1,10.0,67.0,66.0,67.0,68.0,67.0,22.0,396.4,19.444444444444443,18.88888888888889,19.444444444444443,20.0,19.444444444444443,25.72222222222222,25.72222222222222,25.888888888888886,25.611111111111107,47.0,-118.57,1650,WA,SCAN,Adams
2025-09-29 13:00:00-07:00,2021,Lind #1,0.0,78.4,77.4,78.4,75.7,1.4,0.0,5.3,5.2,10.0,70.0,67.0,67.0,68.0,67.0,23.0,177.5,21.11111111111111,19.444444444444443,19.444444444444443,20.0,19.444444444444443,25.777777777777782,25.222222222222225,25.777777777777782,24.27777777777778,47.0,-118.57,1650,WA,SCAN,Adams
2025-09-29 14:00:00-07:00,2021,Lind #1,0.0,75.7,74.7,75.7,73.6,0.0,0.1,5.3,5.2,10.1,72.0,67.0,67.0,68.0,67.0,26.0,170.3,22.22222222222222,19.444444444444443,19.444444444444443,20.0,19.444444444444443,24.27777777777778,23.72222222222222,24.27777777777778,23.111111111111107,47.0,-118.57,1650,WA,SCAN,Adams
2025-09-29 15:00:00-07:00,2021,Lind #1,0.0,75.4,75.7,75.9,75.4,0.0,0.1,5.4,5.2,9.9,73.0,68.0,67.0,68.0,67.0,28.0,179.1,22.77777777777778,20.0,19.444444444444443,20.0,19.444444444444443,24.111111111111114,24.27777777777778,24.388888888888893,24.111111111111114,47.0,-118.57,1650,WA,SCAN,Adams
2025-09-29 16:00:00-07:00,2021,Lind #1,0.0,75.4,74.1,75.4,72.3,0.0,0.1,5.4,5.2,10.0,74.0,69.0,67.0,68.0,67.0,28.0,48.5,23.333333333333332,20.555555555555557,19.444444444444443,20.0,19.444444444444443,24.111111111111114,23.388888888888886,24.111111111111114,22.38888888888889,47.0,-118.57,1650,WA,SCAN,Adams
2025-09-29 17:00:00-07:00,2021,Lind #1,0.0,72.3,71.8,73.2,69.6,0.0,0.2,5.3,5.2,9.9,74.0,70.0,67.0,68.0,67.0,32.0,9.6,23.333333333333332,21.11111111111111,19.444444444444443,20.0,19.444444444444443,22.38888888888889,22.11111111111111,22.88888888888889,20.888888888888886,47.0,-118.57,1650,WA,SCAN,Adams
2025-09-29 18:00:00-07:00,2021,Lind #1,0.0,69.6,68.7,69.8,65.1,0.0,0.2,5.5,5.2,9.9,74.0,70.0,68.0,68.0,67.0,34.0,0.0,23.333333333333332,21.11111111111111,20.0,20.0,19.444444444444443,20.888888888888886,20.38888888888889,21.0,18.388888888888886,47.0,-118.57,1650,WA,SCAN,Adams
2025-09-29 19:00:00-07:00,2021,Lind #1,0.0,65.1,64.6,65.3,63.3,0.0,0.4,5.3,5.2,10.1,73.0,70.0,68.0,68.0,67.0,51.0,0.0,22.77777777777778,21.11111111111111,20.0,20.0,19.444444444444443,18.388888888888886,18.111111111111107,18.5,17.38888888888889,47.0,-118.57,1650,WA,SCAN,Adams
2025-09-29 20:00:00-07:00,2021,Lind #1,0.0,63.3,62.8,63.3,61.7,0.0,0.0,5.2,5.5,10.0,72.0,70.0,68.0,68.0,67.0,54.0,0.0,22.22222222222222,21.11111111111111,20.0,20.0,19.444444444444443,17.38888888888889,17.11111111111111,17.38888888888889,16.5,47.0,-118.57,1650,WA,SCAN,Adams
2025-09-29 21:00:00-07:00,2021,Lind #1,0.0,62.2,62.1,62.2,60.4,0.0,0.0,5.4,5.5,10.0,71.0,70.0,68.0,68.0,67.0,53.0,0.0,21.666666666666668,21.11111111111111,20.0,20.0,19.444444444444443,16.77777777777778,16.72222222222222,16.77777777777778,15.777777777777779,47.0,-118.57,1650,WA,SCAN,Adams
2025-09-29 22:00:00-07:00,2021,Lind #1,0.0,60.4,60.3,60.6,58.8,0.0,0.2,5.3,5.5,10.1,71.0,70.0,68.0,68.0,67.0,60.0,0.0,21.666666666666668,21.11111111111111,20.0,20.0,19.444444444444443,15.777777777777779,15.722222222222221,15.88888888888889,14.88888888888889,47.0,-118.57,1650,WA,SCAN,Adams
2025-09-29 23:00:00-07:00,2021,Lind #1,0.0,58.8,57.7,58.8,56.3,1.7,0.1,5.3,5.4,10.1,70.0,70.0,68.0,68.0,67.0,67.0,0.0,21.11111111111111,21.11111111111111,20.0,20.0,19.444444444444443,14.88888888888889,14.277777777777779,14.88888888888889,13.499999999999998,47.0,-118.57,1650,WA,SCAN,Adams
2025-09-30 00:00:00-07:00,2021,Lind #1,0.0,56.3,56.3,56.7,55.6,1.6,0.1,5.3,5.2,10.1,69.0,69.0,68.0,68.0,67.0,75.0,0.01,20.555555555555557,20.555555555555557,20.0,20.0,19.444444444444443,13.499999999999998,13.499999999999998,13.722222222222223,13.11111111111111,47.0,-118.57,1650,WA,SCAN,Adams
2025-09-30 01:00:00-07:00,2021,Lind #1,0.0,55.6,54.7,55.6,53.2,1.4,0.1,5.3,5.4,10.0,68.0,69.0,68.0,68.0,67.0,82.0,0.0,20.0,20.555555555555557,20.0,20.0,19.444444444444443,13.11111111111111,12.611111111111112,13.11111111111111,11.777777777777779,47.0,-118.57,1650,WA,SCAN,Adams
2025-09-30 02:00:00-07:00,2021,Lind #1,0.0,53.2,52.9,53.2,52.5,1.3,0.1,5.3,5.4,10.0,68.0,68.0,68.0,68.0,67.0,85.0,0.0,20.0,20.0,20.0,20.0,19.444444444444443,11.777777777777779,11.61111111111111,11.777777777777779,11.38888888888889,47.0,-118.57,1650,WA,SCAN,Adams
2025-09-30 03:00:00-07:00,2021,Lind #1,0.0,52.5,52.0,52.5,51.4,1.1,0.0,5.3,5.4,10.1,67.0,68.0,68.0,68.0,67.0,83.0,0.0,19.444444444444443,20.0,20.0,20.0,19.444444444444443,11.38888888888889,11.11111111111111,11.38888888888889,10.777777777777779,47.0,-118.57,1650,WA,SCAN,Adams
2025-09-30 04:00:00-07:00,2021,Lind #1,0.0,52.2,50.7,52.2,49.6,1.0,0.1,5.4,5.4,10.0,66.0,68.0,68.0,68.0,67.0,82.0,0.0,18.88888888888889,20.0,20.0,20.0,19.444444444444443,11.222222222222223,10.388888888888891,11.222222222222223,9.777777777777779,47.0,-118.57,1650,WA,SCAN,Adams
2025-09-30 05:00:00-07:00,2021,Lind #1,0.0,49.8,49.6,50.4,49.3,0.8,0.1,5.4,5.3,10.1,65.0,67.0,68.0,68.0,67.0,85.0,0.98,18.333333333333332,19.444444444444443,20.0,20.0,19.444444444444443,9.888888888888888,9.777777777777779,10.222222222222221,9.611111111111109,47.0,-118.57,1650,WA,SCAN,Adams
2025-09-30 06:00:00-07:00,2021,Lind #1,0.0,50.4,50.9,51.4,50.4,0.6,0.1,5.2,5.3,10.0,64.0,67.0,68.0,68.0,67.0,86.0,62.33,17.77777777777778,19.444444444444443,20.0,20.0,19.444444444444443,10.222222222222221,10.5,10.777777777777779,10.222222222222221,47.0,-118.57,1650,WA,SCAN,Adams
2025-09-30 07:00:00-07:00,2021,Lind #1,0.0,51.3,51.3,55.9,50.4,0.4,0.0,5.3,5.3,10.1,63.0,66.0,68.0,68.0,67.0,83.0,141.9,17.22222222222222,18.88888888888889,20.0,20.0,19.444444444444443,10.722222222222221,10.722222222222221,13.277777777777779,10.222222222222221,47.0,-118.57,1650,WA,SCAN,Adams
2025-09-30 08:00:00-07:00,2021,Lind #1,0.0,55.9,57.0,59.7,55.9,0.1,0.0,5.4,5.4,10.0,63.0,66.0,68.0,68.0,67.0,72.0,368.6,17.22222222222222,18.88888888888889,20.0,20.0,19.444444444444443,13.277777777777779,13.88888888888889,15.38888888888889,13.277777777777779,47.0,-118.57,1650,WA,SCAN,Adams
2025-09-30 09:00:00-07:00,2021,Lind #1,0.0,59.7,61.3,63.5,59.7,0.0,0.0,5.3,5.2,10.0,62.0,65.0,67.0,68.0,67.0,58.0,499.8,16.666666666666668,18.333333333333332,19.444444444444443,20.0,19.444444444444443,15.38888888888889,16.27777777777778,17.5,15.38888888888889,47.0,-118.57,1650,WA,SCAN,Adams
2025-09-30 10:00:00-07:00,2021,Lind #1,0.0,63.5,64.6,67.6,63.5,0.0,0.0,5.4,5.2,10.1,63.0,65.0,67.0,68.0,67.0,46.0,586.8,17.22222222222222,18.333333333333332,19.444444444444443,20.0,19.444444444444443,17.5,18.111111111111107,19.777777777777775,17.5,47.0,-118.57,1650,WA,SCAN,Adams
2025-09-30 11:00:00-07:00,2021,Lind #1,0.0,67.6,67.5,68.5,66.7,0.0,0.0,5.3,5.2,9.9,63.0,65.0,67.0,68.0,67.0,40.0,623.0,17.22222222222222,18.333333333333332,19.444444444444443,20.0,19.444444444444443,19.777777777777775,19.72222222222222,20.27777777777778,19.27777777777778,47.0,-118.57,1650,WA,SCAN,Adams
2025-09-30 12:00:00-07:00,2021,Lind #1,0.0,68.4,68.0,70.3,67.5,0.2,0.0,5.4,5.2,10.0,65.0,65.0,67.0,68.0,67.0,38.0,551.4,18.333333333333332,18.333333333333332,19.444444444444443,20.0,19.444444444444443,20.222222222222225,20.0,21.27777777777778,19.72222222222222,47.0,-118.57,1650,WA,SCAN,Adams
2025-09-30 13:00:00-07:00,2021,Lind #1,0.0,70.3,69.6,71.4,68.7,0.9,0.1,5.4,5.2,10.1,68.0,66.0,67.0,68.0,67.0,35.0,544.4,20.0,18.88888888888889,19.444444444444443,20.0,19.444444444444443,21.27777777777778,20.888888888888886,21.888888888888893,20.38888888888889,47.0,-118.57,1650,WA,SCAN,Adams
2025-09-30 14:00:00-07:00,2021,Lind #1,0.0,71.4,71.1,71.4,70.5,1.7,0.1,5.4,5.2,10.1,71.0,67.0,67.0,68.0,67.0,30.0,435.9,21.666666666666668,19.444444444444443,19.444444444444443,20.0,19.444444444444443,21.888888888888893,21.722222222222218,21.888888888888893,21.38888888888889,47.0,-118.57,1650,WA,SCAN,Adams
2025-09-30 15:00:00-07:00,2021,Lind #1,0.0,70.5,70.5,71.4,69.1,0.0,0.1,5.2,5.2,10.1,74.0,68.0,67.0,68.0,67.0,29.0,203.2,23.333333333333332,20.0,19.444444444444443,20.0,19.444444444444443,21.38888888888889,21.38888888888889,21.888888888888893,20.611111111111107,47.0,-118.57,1650,WA,SCAN,Adams
2025-09-30 16:00:00-07:00,2021,Lind #1,0.0,69.1,68.9,69.4,67.8,0.0,0.0,5.4,5.2,10.1,75.0,69.0,67.0,68.0,67.0,32.0,92.6,23.88888888888889,20.555555555555557,19.444444444444443,20.0,19.444444444444443,20.611111111111107,20.500000000000004,20.777777777777782,19.88888888888889,47.0,-118.57,1650,WA,SCAN,Adams
2025-09-30 17:00:00-07:00,2021,Lind #1,0.0,67.8,66.2,67.8,64.8,0.0,0.2,5.3,5.2,10.1,75.0,70.0,67.0,68.0,67.0,34.0,11.46,23.88888888888889,21.11111111111111,19.444444444444443,20.0,19.444444444444443,19.88888888888889,19.0,19.88888888888889,18.22222222222222,47.0,-118.57,1650,WA,SCAN,Adams
2025-09-30 18:00:00-07:00,2021,Lind #1,0.0,64.8,63.9,64.8,62.4,0.0,0.1,5.3,5.2,10.0,74.0,70.0,67.0,68.0,67.0,42.0,0.01,23.333333333333332,21.11111111111111,19.444444444444443,20.0,19.444444444444443,18.22222222222222,17.72222222222222,18.22222222222222,16.88888888888889,47.0,-118.57,1650,WA,SCAN,Adams
2025-09-30 19:00:00-07:00,2021,Lind #1,0.0,62.4,62.6,65.3,61.9,0.0,0.0,5.5,5.2,10.1,73.0,70.0,67.0,68.0,67.0,44.0,0.0,22.77777777777778,21.11111111111111,19.444444444444443,20.0,19.444444444444443,16.88888888888889,17.0,18.5,16.61111111111111,47.0,-118.57,1650,WA,SCAN,Adams
2025-09-30 20:00:00-07:00,2021,Lind #1,0.0,65.3,63.7,65.3,61.7,0.0,0.0,5.4,5.2,10.0,72.0,70.0,68.0,68.0,67.0,40.0,0.0,22.22222222222222,21.11111111111111,20.0,20.0,19.444444444444443,18.5,17.61111111111111,18.5,16.5,47.0,-118.57,1650,WA,SCAN,Adams
2025-09-30 21:00:00-07:00,2021,Lind #1,0.0,61.7,61.0,61.7,58.8,0.0,0.1,5.4,5.2,10.0,71.0,70.0,68.0,68.0,67.0,44.0,0.0,21.666666666666668,21.11111111111111,20.0,20.0,19.444444444444443,16.5,16.11111111111111,16.5,14.88888888888889,47.0,-118.57,1650,WA,SCAN,Adams
2025-09-30 22:00:00-07:00,2021,Lind #1,0.0,58.8,57.7,58.8,53.8,1.7,0.2,5.4,5.2,9.9,70.0,70.0,68.0,68.0,67.0,48.0,0.0,21.11111111111111,21.11111111111111,20.0,20.0,19.444444444444443,14.88888888888889,14.277777777777779,14.88888888888889,12.111111111111109,47.0,-118.57,1650,WA,SCAN,Adams
2025-09-30 23:00:00-07:00,2021,Lind #1,0.0,53.8,54.0,54.3,53.6,1.5,0.0,5.4,5.2,9.9,69.0,69.0,68.0,68.0,67.0,58.0,0.0,20.555555555555557,20.555555555555557,20.0,20.0,19.444444444444443,12.111111111111109,12.222222222222221,12.388888888888888,12.0,47.0,-118.57,1650,WA,SCAN,Adams
2025-10-01 00:00:00-07:00,2021,Lind #1,0.0,54.3,53.8,54.3,53.2,1.3,0.0,5.4,5.2,10.1,68.0,69.0,68.0,68.0,67.0,59.0,0.0,20.0,20.555555555555557,20.0,20.0,19.444444444444443,12.388888888888888,12.111111111111109,12.388888888888888,11.777777777777779,47.0,-118.57,1650,WA,SCAN,Adams
2025-10-01 01:00:00-07:00,2021,Lind #1,0.0,53.8,53.6,54.7,52.2,1.0,0.1,5.2,5.2,10.1,67.0,68.0,68.0,68.0,67.0,60.0,0.0,19.444444444444443,20.0,20.0,20.0,19.444444444444443,12.111111111111109,12.0,12.611111111111112,11.222222222222223,47.0,-118.57,1650,WA,SCAN,Adams
2025-10-01 02:00:00-07:00,2021,Lind #1,0.0,53.8,53.2,53.8,52.3,0.9,0.1,5.3,5.5,10.1,66.0,68.0,68.0,68.0,67.0,61.0,0.0,18.88888888888889,20.0,20.0,20.0,19.444444444444443,12.111111111111109,11.777777777777779,12.111111111111109,11.277777777777777,47.0,-118.57,1650,WA,SCAN,Adams
2025-10-01 03:00:00-07:00,2021,Lind #1,0.0,52.3,51.1,52.3,49.6,0.7,0.0,5.4,5.5,10.1,65.0,67.0,68.0,68.0,67.0,64.0,0.0,18.333333333333332,19.444444444444443,20.0,20.0,19.444444444444443,11.277777777777777,10.61111111111111,11.277777777777777,9.777777777777779,47.0,-118.57,1650,WA,SCAN,Adams
2025-10-01 04:00:00-07:00,2021,Lind #1,0.0,51.1,50.5,51.8,50.2,0.4,0.0,5.4,5.4,9.9,64.0,66.0,68.0,68.0,67.0,68.0,0.0,17.77777777777778,18.88888888888889,20.0,20.0,19.444444444444443,10.61111111111111,10.277777777777779,10.999999999999998,10.111111111111112,47.0,-118.57,1650,WA,SCAN,Adams
2025-10-01 05:00:00-07:00,2021,Lind #1,0.0,51.8,53.1,55.0,51.8,0.2,0.2,5.5,5.5,10.0,63.0,66.0,68.0,68.0,67.0,67.0,0.72,17.22222222222222,18.88888888888889,20.0,20.0,19.444444444444443,10.999999999999998,11.722222222222221,12.777777777777779,10.999999999999998,47.0,-118.57,1650,WA,SCAN,Adams
2025-10-01 06:00:00-07:00,2021,Lind #1,0.0,55.0,55.0,55.4,54.3,0.0,0.0,5.3,5.4,10.0,62.0,65.0,67.0,68.0,67.0,63.0,32.75,16.666666666666668,18.333333333333332,19.444444444444443,20.0,19.444444444444443,12.777777777777779,12.777777777777779,13.0,12.388888888888888,47.0,-118.57,1650,WA,SCAN,Adams
2025-10-01 07:00:00-07:00,2021,Lind #1,0.0,54.3,55.4,57.4,54.3,0.0,0.0,5.4,5.2,10.0,61.0,65.0,67.0,67.0,67.0,66.0,97.0,16.11111111111111,18.333333333333332,19.444444444444443,19.444444444444443,19.444444444444443,12.388888888888888,13.0,14.11111111111111,12.388888888888888,47.0,-118.57,1650,WA,SCAN,Adams
2025-10-01 08:00:00-07:00,2021,Lind #1,0.0,57.4,58.1,59.2,57.4,0.0,0.0,5.4,5.2,10.0,61.0,64.0,67.0,67.0,67.0,61.0,102.0,16.11111111111111,17.77777777777778,19.444444444444443,19.444444444444443,19.444444444444443,14.11111111111111,14.5,15.11111111111111,14.11111111111111,47.0,-118.57,1650,WA,SCAN,Adams
2025-10-01 09:00:00-07:00,2021,Lind #1,0.0,59.2,59.9,60.8,59.2,0.0,0.0,5.3,5.2,10.2,61.0,64.0,67.0,67.0,67.0,58.0,95.8,16.11111111111111,17.77777777777778,19.444444444444443,19.444444444444443,19.444444444444443,15.11111111111111,15.5,16.0,15.11111111111111,47.0,-118.57,1650,WA,SCAN,Adams
2025-10-01 10:00:00-07:00,2021,Lind #1,0.0,60.8,61.7,63.3,60.8,0.0,0.0,5.3,5.2,9.9,62.0,64.0,67.0,67.0,67.0,53.0,191.6,16.666666666666668,17.77777777777778,19.444444444444443,19.444444444444443,19.444444444444443,16.0,16.5,17.38888888888889,16.0,47.0,-118.57,1650,WA,SCAN,Adams
2025-10-01 11:00:00-07:00,2021,Lind #1,0.0,63.3,63.7,64.8,63.3,0.0,0.0,5.1,5.2,9.9,63.0,64.0,66.0,67.0,67.0,45.0,221.4,17.22222222222222,17.77777777777778,18.88888888888889,19.444444444444443,19.444444444444443,17.38888888888889,17.61111111111111,18.22222222222222,17.38888888888889,47.0,-118.57,1650,WA,SCAN,Adams
2025-10-01 12:00:00-07:00,2021,Lind #1,0.0,64.8,65.1,66.0,64.8,0.0,0.0,5.2,5.3,10.0,63.0,64.0,66.0,67.0,67.0,44.0,312.5,17.22222222222222,17.77777777777778,18.88888888888889,19.444444444444443,19.444444444444443,18.22222222222222,18.388888888888886,18.88888888888889,18.22222222222222,47.0,-118.57,1650,WA,SCAN,Adams
2025-10-01 13:00:00-07:00,2021,Lind #1,0.0,66.0,66.2,66.7,66.0,0.0,0.0,5.3,5.3,10.0,64.0,64.0,66.0,67.0,67.0,42.0,279.7,17.77777777777778,17.77777777777778,18.88888888888889,19.444444444444443,19.444444444444443,18.88888888888889,19.0,19.27777777777778,18.88888888888889,47.0,-118.57,1650,WA,SCAN,Adams
2025-10-01 14:00:00-07:00,2021,Lind #1,0.0,66.7,66.4,66.7,66.0,0.1,0.0,5.3,5.3,9.9,66.0,65.0,66.0,67.0,67.0,40.0,194.5,18.88888888888889,18.333333333333332,18.88888888888889,19.444444444444443,19.444444444444443,19.27777777777778,19.111111111111114,19.27777777777778,18.88888888888889,47.0,-118.57,1650,WA,SCAN,Adams
2025-10-01 15:00:00-07:00,2021,Lind #1,0.0,66.4,66.4,66.4,65.8,0.4,0.0,5.2,5.3,10.0,67.0,65.0,66.0,67.0,67.0,40.0,128.4,19.444444444444443,18.333333333333332,18.88888888888889,19.444444444444443,19.444444444444443,19.111111111111114,19.111111111111114,19.111111111111114,18.77777777777778,47.0,-118.57,1650,WA,SCAN,Adams
2025-10-01 16:00:00-07:00,2021,Lind #1,0.0,65.8,63.1,65.8,57.2,0.6,0.1,5.2,5.3,10.1,68.0,66.0,66.0,67.0,67.0,41.0,18.38,20.0,18.88888888888889,18.88888888888889,19.444444444444443,19.444444444444443,18.77777777777778,17.27777777777778,18.77777777777778,14.000000000000002,47.0,-118.57,1650,WA,SCAN,Adams
2025-10-01 17:00:00-07:00,2021,Lind #1,0.01,57.2,55.9,57.2,54.7,0.6,0.1,5.3,5.3,10.0,69.0,66.0,66.0,67.0,67.0,77.0,3.22,20.555555555555557,18.88888888888889,18.88888888888889,19.444444444444443,19.444444444444443,14.000000000000002,13.277777777777779,14.000000000000002,12.611111111111112,47.0,-118.57,1650,WA,SCAN,Adams
2025-10-01 18:00:00-07:00,2021,Lind #1,0.04,54.7,54.5,54.7,53.8,0.7,0.1,5.2,5.3,10.0,68.0,67.0,66.0,67.0,67.0,86.0,0.0,20.0,19.444444444444443,18.88888888888889,19.444444444444443,19.444444444444443,12.611111111111112,12.5,12.611111111111112,12.111111111111109,47.0,-118.57,1650,WA,SCAN,Adams
2025-10-01 19:00:00-07:00,2021,Lind #1,0.1,53.8,54.3,54.7,53.6,0.6,0.0,5.3,5.3,10.0,68.0,67.0,66.0,67.0,67.0,93.0,0.0,20.0,19.444444444444443,18.88888888888889,19.444444444444443,19.444444444444443,12.111111111111109,12.388888888888888,12.611111111111112,12.0,47.0,-118.57,1650,WA,SCAN,Adams
2025-10-01 20:00:00-07:00,2021,Lind #1,0.0,53.6,53.2,53.6,52.2,0.4,0.0,5.1,5.3,10.0,67.0,67.0,66.0,67.0,67.0,93.0,0.0,19.444444444444443,19.444444444444443,18.88888888888889,19.444444444444443,19.444444444444443,12.0,11.777777777777779,12.0,11.222222222222223,47.0,-118.57,1650,WA,SCAN,Adams
2025-10-01 21:00:00-07:00,2021,Lind #1,0.0,52.2,51.3,52.2,50.0,0.3,0.1,5.1,5.3,10.1,66.0,66.0,67.0,67.0,67.0,95.0,0.0,18.88888888888889,18.88888888888889,19.444444444444443,19.444444444444443,19.444444444444443,11.222222222222223,10.722222222222221,11.222222222222223,10.0,47.0,-118.57,1650,WA,SCAN,Adams
2025-10-01 22:00:00-07:00,2021,Lind #1,0.0,50.9,50.7,50.9,50.4,0.1,0.1,5.3,5.3,9.9,65.0,66.0,67.0,67.0,67.0,96.0,0.0,18.333333333333332,18.88888888888889,19.444444444444443,19.444444444444443,19.444444444444443,10.5,10.388888888888891,10.5,10.222222222222221,47.0,-118.57,1650,WA,SCAN,Adams
2025-10-01 23:00:00-07:00,2021,Lind #1,0.0,50.4,51.3,53.1,50.4,0.0,0.0,5.3,5.3,10.0,64.0,66.0,67.0,67.0,67.0,94.0,0.0,17.77777777777778,18.88888888888889,19.444444444444443,19.444444444444443,19.444444444444443,10.222222222222221,10.722222222222221,11.722222222222221,10.222222222222221,47.0,-118.57,1650,WA,SCAN,Adams
2025-10-02 00:00:00-07:00,2021,Lind #1,0.0,52.9,52.7,53.1,51.6,0.0,0.0,5.1,5.3,9.9,63.0,65.0,66.0,67.0,67.0,91.0,0.0,17.22222222222222,18.333333333333332,18.88888888888889,19.444444444444443,19.444444444444443,11.61111111111111,11.500000000000002,11.722222222222221,10.88888888888889,47.0,-118.57,1650,WA,SCAN,Adams
2025-10-02 01:00:00-07:00,2021,Lind #1,0.0,51.6,52.3,52.9,51.6,0.0,0.0,5.1,5.3,10.0,62.0,65.0,66.0,67.0,67.0,94.0,0.0,16.666666666666668,18.333333333333332,18.88888888888889,19.444444444444443,19.444444444444443,10.88888888888889,11.277777777777777,11.61111111111111,10.88888888888889,47.0,-118.57,1650,WA,SCAN,Adams
2025-10-02 02:00:00-07:00,2021,Lind #1,0.0,52.3,51.6,52.3,50.2,0.0,0.0,5.2,5.2,10.1,61.0,64.0,66.0,67.0,67.0,92.0,0.0,16.11111111111111,17.77777777777778,18.88888888888889,19.444444444444443,19.444444444444443,11.277777777777777,10.88888888888889,11.277777777777777,10.111111111111112,47.0,-118.57,1650,WA,SCAN,Adams
2025-10-02 03:00:00-07:00,2021,Lind #1,0.0,50.2,49.6,50.2,49.1,0.0,0.0,5.3,5.3,10.1,61.0,64.0,66.0,67.0,67.0,95.0,0.0,16.11111111111111,17.77777777777778,18.88888888888889,19.444444444444443,19.444444444444443,10.111111111111112,9.777777777777779,10.111111111111112,9.5,47.0,-118.57,1650,WA,SCAN,Adams
2025-10-02 04:00:00-07:00,2021,Lind #1,0.0,49.1,48.9,49.5,48.4,0.0,0.0,5.4,5.2,10.1,60.0,63.0,66.0,67.0,67.0,95.0,0.0,15.555555555555555,17.22222222222222,18.88888888888889,19.444444444444443,19.444444444444443,9.5,9.38888888888889,9.722222222222221,9.11111111111111,47.0,-118.57,1650,WA,SCAN,Adams
2025-10-02 05:00:00-07:00,2021,Lind #1,0.0,49.1,48.6,49.1,47.8,0.0,0.0,5.2,5.2,9.9,59.0,63.0,66.0,67.0,67.0,95.0,0.72,15.0,17.22222222222222,18.88888888888889,19.444444444444443,19.444444444444443,9.5,9.222222222222221,9.5,8.777777777777777,47.0,-118.57,1650,WA,SCAN,Adams
2025-10-02 06:00:00-07:00,2021,Lind #1,0.0,48.7,49.3,49.8,48.7,0.0,0.0,5.3,5.2,9.9,59.0,62.0,66.0,67.0,67.0,92.0,33.29,15.0,16.666666666666668,18.88888888888889,19.444444444444443,19.444444444444443,9.277777777777779,9.611111111111109,9.888888888888888,9.277777777777779,47.0,-118.57,1650,WA,SCAN,Adams
2025-10-02 07:00:00-07:00,2021,Lind #1,0.0,49.3,50.2,51.6,49.3,0.0,0.0,5.1,5.2,10.0,58.0,62.0,65.0,67.0,67.0,95.0,97.4,14.444444444444445,16.666666666666668,18.333333333333332,19.444444444444443,19.444444444444443,9.611111111111109,10.111111111111112,10.88888888888889,9.611111111111109,47.0,-118.57,1650,WA,SCAN,Adams
2025-10-02 08:00:00-07:00,2021,Lind #1,0.0,51.6,52.0,53.6,51.6,0.0,0.0,5.3,5.2,9.8,58.0,61.0,65.0,67.0,67.0,93.0,120.5,14.444444444444445,16.11111111111111,18.333333333333332,19.444444444444443,19.444444444444443,10.88888888888889,11.11111111111111,12.0,10.88888888888889,47.0,-118.57,1650,WA,SCAN,Adams
2025-10-02 09:00:00-07:00,2021,Lind #1,0.0,53.6,55.4,57.6,53.6,0.0,0.0,5.2,5.4,10.1,58.0,61.0,65.0,67.0,67.0,88.0,351.0,14.444444444444445,16.11111111111111,18.333333333333332,19.444444444444443,19.444444444444443,12.0,13.0,14.222222222222221,12.0,47.0,-118.57,1650,WA,SCAN,Adams
2025-10-02 10:00:00-07:00,2021,Lind #1,0.0,57.6,59.0,60.3,57.6,0.0,0.0,5.2,5.2,10.1,58.0,61.0,65.0,67.0,67.0,72.0,438.9,14.444444444444445,16.11111111111111,18.333333333333332,19.444444444444443,19.444444444444443,14.222222222222221,15.0,15.722222222222221,14.222222222222221,47.0,-118.57,1650,WA,SCAN,Adams
2025-10-02 11:00:00-07:00,2021,Lind #1,0.0,60.3,61.3,64.2,60.3,0.0,0.0,5.1,5.2,10.0,60.0,61.0,65.0,67.0,67.0,60.0,499.4,15.555555555555555,16.11111111111111,18.333333333333332,19.444444444444443,19.444444444444443,15.722222222222221,16.27777777777778,17.88888888888889,15.722222222222221,47.0,-118.57,1650,WA,SCAN,Adams
2025-10-02 12:00:00-07:00,2021,Lind #1,0.0,64.2,63.3,64.2,62.2,0.0,0.0,5.1,5.2,9.9,62.0,61.0,65.0,67.0,67.0,48.0,391.2,16.666666666666668,16.11111111111111,18.333333333333332,19.444444444444443,19.444444444444443,17.88888888888889,17.38888888888889,17.88888888888889,16.77777777777778,47.0,-118.57,1650,WA,SCAN,Adams
2025-10-02 13:00:00-07:00,2021,Lind #1,0.0,63.1,63.3,63.9,63.0,0.0,0.0,5.3,5.2,10.0,64.0,62.0,64.0,66.0,67.0,50.0,324.1,17.77777777777778,16.666666666666668,17.77777777777778,18.88888888888889,19.444444444444443,17.27777777777778,17.38888888888889,17.72222222222222,17.22222222222222,47.0,-118.57,1650,WA,SCAN,Adams
2025-10-02 14:00:00-07:00,2021,Lind #1,0.0,63.0,63.0,63.1,62.6,0.0,0.0,5.1,5.2,10.1,66.0,63.0,64.0,66.0,67.0,49.0,194.1,18.88888888888889,17.22222222222222,17.77777777777778,18.88888888888889,19.444444444444443,17.22222222222222,17.22222222222222,17.27777777777778,17.0,47.0,-118.57,1650,WA,SCAN,Adams
2025-10-02 15:00:00-07:00,2021,Lind #1,0.0,62.6,62.6,62.6,62.1,0.1,0.0,5.1,5.3,10.1,67.0,64.0,64.0,66.0,67.0,49.0,117.0,19.444444444444443,17.77777777777778,17.77777777777778,18.88888888888889,19.444444444444443,17.0,17.0,17.0,16.72222222222222,47.0,-118.57,1650,WA,SCAN,Adams
2025-10-02 16:00:00-07:00,2021,Lind #1,0.0,62.1,61.9,62.2,61.7,0.2,0.0,5.3,5.3,10.0,67.0,65.0,65.0,66.0,67.0,49.0,89.2,19.444444444444443,18.333333333333332,18.333333333333332,18.88888888888889,19.444444444444443,16.72222222222222,16.61111111111111,16.77777777777778,16.5,47.0,-118.57,1650,WA,SCAN,Adams
2025-10-02 17:00:00-07:00,2021,Lind #1,0.0,62.2,60.3,62.2,56.7,0.1,0.0,5.2,5.3,10.0,67.0,65.0,65.0,66.0,67.0,51.0,26.94,19.444444444444443,18.333333333333332,18.333333333333332,18.88888888888889,19.444444444444443,16.77777777777778,15.722222222222221,16.77777777777778,13.722222222222223,47.0,-118.57,1650,WA,SCAN,Adams
2025-10-02 18:00:00-07:00,2021,Lind #1,0.0,56.7,55.4,56.7,53.4,0.1,0.1,5.1,5.3,9.9,66.0,65.0,65.0,66.0,67.0,65.0,0.01,18.88888888888889,18.333333333333332,18.333333333333332,18.88888888888889,19.444444444444443,13.722222222222223,13.0,13.722222222222223,11.88888888888889,47.0,-118.57,1650,WA,SCAN,Adams
2025-10-02 19:00:00-07:00,2021,Lind #1,0.0,55.8,53.8,55.8,50.2,0.0,0.2,5.2,5.3,10.0,65.0,65.0,65.0,66.0,67.0,62.0,0.0,18.333333333333332,18.333333333333332,18.333333333333332,18.88888888888889,19.444444444444443,13.222222222222221,12.111111111111109,13.222222222222221,10.111111111111112,47.0,-118.57,1650,WA,SCAN,Adams
2025-10-02 20:00:00-07:00,2021,Lind #1,0.0,50.2,50.9,52.7,47.5,0.0,0.1,5.2,5.2,10.0,64.0,65.0,65.0,66.0,67.0,74.0,0.0,17.77777777777778,18.333333333333332,18.333333333333332,18.88888888888889,19.444444444444443,10.111111111111112,10.5,11.500000000000002,8.61111111111111,47.0,-118.57,1650,WA,SCAN,Adams
2025-10-02 21:00:00-07:00,2021,Lind #1,0.0,47.5,48.7,49.6,47.5,0.0,0.0,5.2,5.2,10.0,63.0,65.0,65.0,66.0,67.0,80.0,0.0,17.22222222222222,18.333333333333332,18.333333333333332,18.88888888888889,19.444444444444443,8.61111111111111,9.277777777777779,9.777777777777779,8.61111111111111,47.0,-118.57,1650,WA,SCAN,Adams
2025-10-02 22:00:00-07:00,2021,Lind #1,0.0,48.7,48.2,49.6,45.7,0.0,0.0,5.2,5.2,10.0,61.0,64.0,65.0,66.0,67.0,75.0,0.0,16.11111111111111,17.77777777777778,18.333333333333332,18.88888888888889,19.444444444444443,9.277777777777779,9.000000000000002,9.777777777777779,7.6111111111111125,47.0,-118.57,1650,WA,SCAN,Adams
2025-10-02 23:00:00-07:00,2021,Lind #1,0.0,48.2,46.0,48.2,43.5,0.0,0.0,5.2,5.2,10.0,60.0,63.0,65.0,66.0,67.0,73.0,0.0,15.555555555555555,17.22222222222222,18.333333333333332,18.88888888888889,19.444444444444443,9.000000000000002,7.777777777777778,9.000000000000002,6.388888888888889,47.0,-118.57,1650,WA,SCAN,Adams
2025-10-03 00:00:00-07:00,2021,Lind #1,0.0,43.5,43.7,44.1,43.5,0.0,0.0,5.2,5.2,10.0,59.0,63.0,65.0,66.0,67.0,85.0,0.0,15.0,17.22222222222222,18.333333333333332,18.88888888888889,19.444444444444443,6.388888888888889,6.500000000000002,6.722222222222223,6.388888888888889,47.0,-118.57,1650,WA,SCAN,Adams
2025-10-03 01:00:00-07:00,2021,Lind #1,0.0,44.1,45.1,45.9,44.1,0.0,0.0,5.2,5.2,10.0,58.0,62.0,65.0,66.0,67.0,81.0,0.0,14.444444444444445,16.666666666666668,18.333333333333332,18.88888888888889,19.444444444444443,6.722222222222223,7.277777777777778,7.722222222222222,6.722222222222223,47.0,-118.57,1650,WA,SCAN,Adams
2025-10-03 02:00:00-07:00,2021,Lind #1,0.0,45.3,44.1,45.3,42.3,0.0,0.0,5.3,5.2,10.1,56.0,61.0,65.0,66.0,67.0,78.0,0.0,13.333333333333334,16.11111111111111,18.333333333333332,18.88888888888889,19.444444444444443,7.3888888888888875,6.722222222222223,7.3888888888888875,5.7222222222222205,47.0,-118.57,1650,WA,SCAN,Adams
2025-10-03 03:00:00-07:00,2021,Lind #1,0.0,43.3,43.5,45.7,42.3,0.0,0.0,5.1,5.2,9.9,56.0,60.0,65.0,66.0,67.0,81.0,0.0,13.333333333333334,15.555555555555555,18.333333333333332,18.88888888888889,19.444444444444443,6.277777777777776,6.388888888888889,7.6111111111111125,5.7222222222222205,47.0,-118.57,1650,WA,SCAN,Adams
2025-10-03 04:00:00-07:00,2021,Lind #1,0.0,42.3,41.5,42.3,40.1,0.0,0.0,5.2,5.2,9.9,55.0,60.0,64.0,66.0,67.0,83.0,0.0,12.777777777777779,15.555555555555555,17.77777777777778,18.88888888888889,19.444444444444443,5.7222222222222205,5.277777777777778,5.7222222222222205,4.500000000000001,47.0,-118.57,1650,WA,SCAN,Adams
2025-10-03 05:00:00-07:00,2021,Lind #1,0.0,41.9,43.0,44.1,41.9,0.0,0.0,5.1,5.2,10.0,54.0,59.0,64.0,66.0,67.0,83.0,0.64,12.222222222222221,15.0,17.77777777777778,18.88888888888889,19.444444444444443,5.499999999999999,6.111111111111111,6.722222222222223,5.499999999999999,47.0,-118.57,1650,WA,SCAN,Adams
2025-10-03 06:00:00-07:00,2021,Lind #1,0.0,42.8,42.8,43.3,42.6,0.0,0.0,5.1,5.2,10.2,53.0,58.0,64.0,66.0,67.0,80.0,45.39,11.666666666666666,14.444444444444445,17.77777777777778,18.88888888888889,19.444444444444443,5.999999999999998,5.999999999999998,6.277777777777776,5.888888888888889,47.0,-118.57,1650,WA,SCAN,Adams
2025-10-03 07:00:00-07:00,2021,Lind #1,0.0,43.3,44.8,47.1,43.3,0.0,0.0,5.0,5.2,10.0,52.0,58.0,64.0,66.0,67.0,83.0,196.6,11.11111111111111,14.444444444444445,17.77777777777778,18.88888888888889,19.444444444444443,6.277777777777776,7.11111111111111,8.38888888888889,6.277777777777776,47.0,-118.57,1650,WA,SCAN,Adams
2025-10-03 08:00:00-07:00,2021,Lind #1,0.0,47.1,50.4,55.2,47.1,0.0,0.0,5.0,5.2,10.0,51.0,57.0,63.0,66.0,67.0,76.0,338.4,10.555555555555555,13.88888888888889,17.22222222222222,18.88888888888889,19.444444444444443,8.38888888888889,10.222222222222221,12.888888888888891,8.38888888888889,47.0,-118.57,1650,WA,SCAN,Adams
2025-10-03 09:00:00-07:00,2021,Lind #1,0.0,55.2,56.5,58.8,55.2,0.0,0.0,4.9,5.2,10.0,52.0,57.0,63.0,66.0,67.0,64.0,479.1,11.11111111111111,13.88888888888889,17.22222222222222,18.88888888888889,19.444444444444443,12.888888888888891,13.61111111111111,14.88888888888889,12.888888888888891,47.0,-118.57,1650,WA,SCAN,Adams
2025-10-03 10:00:00-07:00,2021,Lind #1,0.0,58.8,60.1,61.9,58.8,0.0,0.0,5.2,5.3,10.1,53.0,57.0,63.0,65.0,67.0,57.0,567.2,11.666666666666666,13.88888888888889,17.22222222222222,18.333333333333332,19.444444444444443,14.88888888888889,15.61111111111111,16.61111111111111,14.88888888888889,47.0,-118.57,1650,WA,SCAN,Adams
2025-10-03 11:00:00-07:00,2021,Lind #1,0.0,61.9,62.2,62.8,61.9,0.0,0.0,5.0,5.2,9.9,54.0,57.0,63.0,65.0,67.0,50.0,606.6,12.222222222222221,13.88888888888889,17.22222222222222,18.333333333333332,19.444444444444443,16.61111111111111,16.77777777777778,17.11111111111111,16.61111111111111,47.0,-118.57,1650,WA,SCAN,Adams
2025-10-03 12:00:00-07:00,2021,Lind #1,0.0,62.8,64.2,65.7,62.8,0.0,0.0,5.1,5.2,9.9,57.0,58.0,62.0,65.0,67.0,48.0,592.9,13.88888888888889,14.444444444444445,16.666666666666668,18.333333333333332,19.444444444444443,17.11111111111111,17.88888888888889,18.72222222222222,17.11111111111111,47.0,-118.57,1650,WA,SCAN,Adams
2025-10-03 13:00:00-07:00,2021,Lind #1,0.0,65.3,66.0,67.3,65.3,0.0,0.0,4.9,5.2,10.1,62.0,59.0,62.0,65.0,67.0,39.0,529.4,16.666666666666668,15.0,16.666666666666668,18.333333333333332,19.444444444444443,18.5,18.88888888888889,19.61111111111111,18.5,47.0,-118.57,1650,WA,SCAN,Adams
2025-10-03 14:00:00-07:00,2021,Lind #1,0.0,66.4,66.9,67.5,66.4,0.0,0.1,4.9,5.3,10.2,65.0,60.0,62.0,65.0,67.0,32.0,418.6,18.333333333333332,15.555555555555555,16.666666666666668,18.333333333333332,19.444444444444443,19.111111111111114,19.388888888888893,19.72222222222222,19.111111111111114,47.0,-118.57,1650,WA,SCAN,Adams
2025-10-03 15:00:00-07:00,2021,Lind #1,0.0,66.7,66.7,67.3,65.7,0.1,0.0,4.9,5.3,9.9,69.0,62.0,62.0,65.0,67.0,36.0,269.6,20.555555555555557,16.666666666666668,16.666666666666668,18.333333333333332,19.444444444444443,19.27777777777778,19.27777777777778,19.61111111111111,18.72222222222222,47.0,-118.57,1650,WA,SCAN,Adams
2025-10-03 16:00:00-07:00,2021,Lind #1,0.0,65.7,64.9,65.7,62.6,0.5,0.1,4.9,5.3,10.0,70.0,63.0,62.0,65.0,67.0,38.0,118.0,21.11111111111111,17.22222222222222,16.666666666666668,18.333333333333332,19.444444444444443,18.72222222222222,18.277777777777782,18.72222222222222,17.0,47.0,-118.57,1650,WA,SCAN,Adams
2025-10-03 17:00:00-07:00,2021,Lind #1,0.0,62.6,59.5,62.6,55.9,0.6,0.0,5.1,5.3,10.1,70.0,64.0,63.0,65.0,67.0,46.0,11.92,21.11111111111111,17.77777777777778,17.22222222222222,18.333333333333332,19.444444444444443,17.0,15.277777777777779,17.0,13.277777777777779,47.0,-118.57,1650,WA,SCAN,Adams
2025-10-03 18:00:00-07:00,2021,Lind #1,0.0,55.9,55.9,56.1,55.4,0.5,0.1,5.0,5.1,10.0,68.0,65.0,63.0,65.0,67.0,63.0,0.0,20.0,18.333333333333332,17.22222222222222,18.333333333333332,19.444444444444443,13.277777777777779,13.277777777777779,13.38888888888889,13.0,47.0,-118.57,1650,WA,SCAN,Adams
2025-10-03 19:00:00-07:00,2021,Lind #1,0.0,55.4,55.0,55.4,53.6,0.2,0.0,5.1,5.1,10.0,67.0,65.0,63.0,65.0,67.0,66.0,0.0,19.444444444444443,18.333333333333332,17.22222222222222,18.333333333333332,19.444444444444443,13.0,12.777777777777779,13.0,12.0,47.0,-118.57,1650,WA,SCAN,Adams
2025-10-03 20:00:00-07:00,2021,Lind #1,0.0,53.6,53.2,54.3,52.3,0.0,0.0,5.0,5.1,10.0,65.0,65.0,64.0,65.0,67.0,69.0,0.0,18.333333333333332,18.333333333333332,17.77777777777778,18.333333333333332,19.444444444444443,12.0,11.777777777777779,12.388888888888888,11.277777777777777,47.0,-118.57,1650,WA,SCAN,Adams
2025-10-03 21:00:00-07:00,2021,Lind #1,0.0,52.9,52.0,52.9,51.4,0.0,0.1,5.2,5.1,9.9,63.0,64.0,64.0,65.0,67.0,71.0,0.0,17.22222222222222,17.77777777777778,17.77777777777778,18.333333333333332,19.444444444444443,11.61111111111111,11.11111111111111,11.61111111111111,10.777777777777779,47.0,-118.57,1650,WA,SCAN,Adams
2025-10-03 22:00:00-07:00,2021,Lind #1,0.0,52.3,52.9,53.4,52.3,0.0,0.1,5.0,5.1,9.9,62.0,63.0,64.0,65.0,67.0,67.0,0.0,16.666666666666668,17.22222222222222,17.77777777777778,18.333333333333332,19.444444444444443,11.277777777777777,11.61111111111111,11.88888888888889,11.277777777777777,47.0,-118.57,1650,WA,SCAN,Adams
2025-10-03 23:00:00-07:00,2021,Lind #1,0.0,52.3,51.8,52.3,51.3,0.0,0.0,5.0,5.1,10.0,61.0,63.0,64.0,65.0,67.0,64.0,0.0,16.11111111111111,17.22222222222222,17.77777777777778,18.333333333333332,19.444444444444443,11.277777777777777,10.999999999999998,11.277777777777777,10.722222222222221,47.0,-118.57,1650,WA,SCAN,Adams
2025-10-04 00:00:00-07:00,2021,Lind #1,0.0,51.3,51.4,51.8,50.9,0.0,0.1,5.0,5.1,10.0,60.0,62.0,64.0,65.0,67.0,68.0,0.0,15.555555555555555,16.666666666666668,17.77777777777778,18.333333333333332,19.444444444444443,10.722222222222221,10.777777777777779,10.999999999999998,10.5,47.0,-118.57,1650,WA,SCAN,Adams
2025-10-04 01:00:00-07:00,2021,Lind #1,0.0,50.9,50.7,50.9,49.1,0.0,0.1,5.2,5.1,10.0,59.0,62.0,64.0,65.0,67.0,69.0,0.0,15.0,16.666666666666668,17.77777777777778,18.333333333333332,19.444444444444443,10.5,10.388888888888891,10.5,9.5,47.0,-118.57,1650,WA,SCAN,Adams
2025-10-04 02:00:00-07:00,2021,Lind #1,0.0,49.1,47.8,49.1,46.2,0.0,0.0,5.2,5.1,10.0,58.0,61.0,64.0,65.0,67.0,76.0,0.0,14.444444444444445,16.11111111111111,17.77777777777778,18.333333333333332,19.444444444444443,9.5,8.777777777777777,9.5,7.88888888888889,47.0,-118.57,1650,WA,SCAN,Adams
2025-10-04 03:00:00-07:00,2021,Lind #1,0.0,46.2,46.0,46.4,45.7,0.0,0.1,5.0,5.1,9.9,58.0,61.0,64.0,65.0,67.0,82.0,0.0,14.444444444444445,16.11111111111111,17.77777777777778,18.333333333333332,19.444444444444443,7.88888888888889,7.777777777777778,8.0,7.6111111111111125,47.0,-118.57,1650,WA,SCAN,Adams
2025-10-04 04:00:00-07:00,2021,Lind #1,0.0,46.0,45.9,46.4,44.8,0.0,0.0,5.1,5.1,10.0,57.0,60.0,63.0,65.0,67.0,78.0,0.0,13.88888888888889,15.555555555555555,17.22222222222222,18.333333333333332,19.444444444444443,7.777777777777778,7.722222222222222,8.0,7.11111111111111,47.0,-118.57,1650,WA,SCAN,Adams
2025-10-04 05:00:00-07:00,2021,Lind #1,0.0,44.8,44.4,45.1,41.0,0.0,0.0,5.1,5.1,10.0,56.0,60.0,63.0,65.0,67.0,79.0,0.59,13.333333333333334,15.555555555555555,17.22222222222222,18.333333333333332,19.444444444444443,7.11111111111111,6.888888888888888,7.277777777777778,5.0,47.0,-118.57,1650,WA,SCAN,Adams
2025-10-04 06:00:00-07:00,2021,Lind #1,0.0,41.0,41.2,42.6,41.0,0.0,0.0,5.0,5.1,10.0,55.0,59.0,63.0,65.0,67.0,86.0,46.33,12.777777777777779,15.0,17.22222222222222,18.333333333333332,19.444444444444443,5.0,5.1111111111111125,5.888888888888889,5.0,47.0,-118.57,1650,WA,SCAN,Adams
2025-10-04 07:00:00-07:00,2021,Lind #1,0.0,42.6,45.7,48.0,42.6,0.0,0.0,5.0,5.1,10.1,54.0,58.0,63.0,65.0,67.0,83.0,194.8,12.222222222222221,14.444444444444445,17.22222222222222,18.333333333333332,19.444444444444443,5.888888888888889,7.6111111111111125,8.88888888888889,5.888888888888889,47.0,-118.57,1650,WA,SCAN,Adams
2025-10-04 08:00:00-07:00,2021,Lind #1,0.0,47.5,50.5,53.8,47.5,0.0,0.0,5.2,5.1,10.0,53.0,58.0,63.0,65.0,67.0,78.0,340.5,11.666666666666666,14.444444444444445,17.22222222222222,18.333333333333332,19.444444444444443,8.61111111111111,10.277777777777779,12.111111111111109,8.61111111111111,47.0,-118.57,1650,WA,SCAN,Adams
2025-10-04 09:00:00-07:00,2021,Lind #1,0.0,53.8,56.5,60.4,53.8,0.0,0.0,5.1,5.1,10.1,53.0,57.0,62.0,65.0,67.0,65.0,478.4,11.666666666666666,13.88888888888889,16.666666666666668,18.333333333333332,19.444444444444443,12.111111111111109,13.61111111111111,15.777777777777779,12.111111111111109,47.0,-118.57,1650,WA,SCAN,Adams
2025-10-04 10:00:00-07:00,2021,Lind #1,0.0,60.4,62.2,63.9,60.4,0.0,0.0,5.0,5.2,9.8,54.0,57.0,62.0,65.0,67.0,52.0,566.4,12.222222222222221,13.88888888888889,16.666666666666668,18.333333333333332,19.444444444444443,15.777777777777779,16.77777777777778,17.72222222222222,15.777777777777779,47.0,-118.57,1650,WA,SCAN,Adams
2025-10-04 11:00:00-07:00,2021,Lind #1,0.0,63.7,64.6,66.4,63.7,0.0,0.0,5.0,5.0,9.9,55.0,57.0,62.0,65.0,67.0,38.0,607.6,12.777777777777779,13.88888888888889,16.666666666666668,18.333333333333332,19.444444444444443,17.61111111111111,18.111111111111107,19.111111111111114,17.61111111111111,47.0,-118.57,1650,WA,SCAN,Adams
2025-10-04 12:00:00-07:00,2021,Lind #1,0.0,66.4,66.7,68.7,66.4,0.0,0.0,4.9,5.1,10.1,58.0,58.0,62.0,65.0,67.0,32.0,592.6,14.444444444444445,14.444444444444445,16.666666666666668,18.333333333333332,19.444444444444443,19.111111111111114,19.27777777777778,20.38888888888889,19.111111111111114,47.0,-118.57,1650,WA,SCAN,Adams
2025-10-04 13:00:00-07:00,2021,Lind #1,0.0,68.7,67.5,68.7,66.0,0.0,0.0,4.9,5.1,10.1,63.0,59.0,62.0,64.0,67.0,28.0,376.0,17.22222222222222,15.0,16.666666666666668,17.77777777777778,19.444444444444443,20.38888888888889,19.72222222222222,20.38888888888889,18.88888888888889,47.0,-118.57,1650,WA,SCAN,Adams
2025-10-04 14:00:00-07:00,2021,Lind #1,0.0,67.3,68.0,69.3,67.3,0.0,0.2,4.9,5.1,9.9,67.0,61.0,62.0,64.0,67.0,29.0,377.7,19.444444444444443,16.11111111111111,16.666666666666668,17.77777777777778,19.444444444444443,19.61111111111111,20.0,20.72222222222222,19.61111111111111,47.0,-118.57,1650,WA,SCAN,Adams
2025-10-04 15:00:00-07:00,2021,Lind #1,0.0,67.6,66.9,68.0,65.3,0.4,0.2,4.9,5.1,9.9,69.0,62.0,62.0,64.0,67.0,28.0,113.7,20.555555555555557,16.666666666666668,16.666666666666668,17.77777777777778,19.444444444444443,19.777777777777775,19.388888888888893,20.0,18.5,47.0,-118.57,1650,WA,SCAN,Adams
2025-10-04 16:00:00-07:00,2021,Lind #1,0.0,66.7,65.5,66.7,61.9,0.8,0.1,4.9,5.1,10.0,70.0,64.0,62.0,64.0,67.0,27.0,81.1,21.11111111111111,17.77777777777778,16.666666666666668,17.77777777777778,19.444444444444443,19.27777777777778,18.61111111111111,19.27777777777778,16.61111111111111,47.0,-118.57,1650,WA,SCAN,Adams
2025-10-04 17:00:00-07:00,2021,Lind #1,0.0,61.9,60.1,61.9,58.1,0.8,0.1,5.0,5.2,10.0,70.0,64.0,62.0,64.0,67.0,34.0,8.21,21.11111111111111,17.77777777777778,16.666666666666668,17.77777777777778,19.444444444444443,16.61111111111111,15.61111111111111,16.61111111111111,14.5,47.0,-118.57,1650,WA,SCAN,Adams
2025-10-04 18:00:00-07:00,2021,Lind #1,0.0,58.1,56.7,58.1,54.3,0.6,0.0,5.1,5.0,10.0,68.0,65.0,63.0,64.0,67.0,42.0,0.01,20.0,18.333333333333332,17.22222222222222,17.77777777777778,19.444444444444443,14.5,13.722222222222223,14.5,12.388888888888888,47.0,-118.57,1650,WA,SCAN,Adams
2025-10-04 19:00:00-07:00,2021,Lind #1,0.0,54.3,53.8,54.3,53.1,0.4,0.1,5.0,5.1,10.0,67.0,65.0,63.0,64.0,67.0,49.0,0.0,19.444444444444443,18.333333333333332,17.22222222222222,17.77777777777778,19.444444444444443,12.388888888888888,12.111111111111109,12.388888888888888,11.722222222222221,47.0,-118.57,1650,WA,SCAN,Adams
2025-10-04 20:00:00-07:00,2021,Lind #1,0.0,54.0,52.7,54.7,52.2,0.1,0.1,5.0,5.0,9.9,65.0,64.0,63.0,64.0,67.0,50.0,0.0,18.333333333333332,17.77777777777778,17.22222222222222,17.77777777777778,19.444444444444443,12.222222222222221,11.500000000000002,12.611111111111112,11.222222222222223,47.0,-118.57,1650,WA,SCAN,Adams
2025-10-04 21:00:00-07:00,2021,Lind #1,0.0,54.7,56.3,58.5,54.1,0.0,0.0,5.0,5.0,9.9,63.0,64.0,63.0,64.0,67.0,55.0,0.0,17.22222222222222,17.77777777777778,17.22222222222222,17.77777777777778,19.444444444444443,12.611111111111112,13.499999999999998,14.722222222222221,12.277777777777779,47.0,-118.57,1650,WA,SCAN,Adams
2025-10-04 22:00:00-07:00,2021,Lind #1,0.0,55.4,54.7,55.4,53.2,0.0,0.2,5.1,5.1,10.0,62.0,63.0,63.0,64.0,67.0,51.0,0.01,16.666666666666668,17.22222222222222,17.22222222222222,17.77777777777778,19.444444444444443,13.0,12.611111111111112,13.0,11.777777777777779,47.0,-118.57,1650,WA,SCAN,Adams
2025-10-04 23:00:00-07:00,2021,Lind #1,0.0,54.7,54.1,54.7,53.6,0.0,0.1,5.1,5.0,10.0,61.0,63.0,63.0,64.0,67.0,50.0,0.01,16.11111111111111,17.22222222222222,17.22222222222222,17.77777777777778,19.444444444444443,12.611111111111112,12.277777777777779,12.611111111111112,12.0,47.0,-118.57,1650,WA,SCAN,Adams
2025-10-05 00:00:00-07:00,2021,Lind #1,0.0,54.0,52.9,54.0,51.3,0.0,0.0,5.1,5.0,10.0,60.0,62.0,63.0,64.0,67.0,48.0,0.01,15.555555555555555,16.666666666666668,17.22222222222222,17.77777777777778,19.444444444444443,12.222222222222221,11.61111111111111,12.222222222222221,10.722222222222221,47.0,-118.57,1650,WA,SCAN,Adams
2025-10-05 01:00:00-07:00,2021,Lind #1,0.0,51.3,49.8,51.3,47.5,0.0,0.1,5.1,5.0,10.1,59.0,62.0,63.0,64.0,67.0,50.0,0.01,15.0,16.666666666666668,17.22222222222222,17.77777777777778,19.444444444444443,10.722222222222221,9.888888888888888,10.722222222222221,8.61111111111111,47.0,-118.57,1650,WA,SCAN,Adams
2025-10-05 02:00:00-07:00,2021,Lind #1,0.0,47.5,46.4,47.5,45.7,0.0,0.0,5.0,5.0,10.0,59.0,61.0,63.0,64.0,67.0,54.0,0.01,15.0,16.11111111111111,17.22222222222222,17.77777777777778,19.444444444444443,8.61111111111111,8.0,8.61111111111111,7.6111111111111125,47.0,-118.57,1650,WA,SCAN,Adams
2025-10-05 03:00:00-07:00,2021,Lind #1,0.0,45.7,43.9,45.7,42.1,0.0,0.1,5.0,5.2,10.0,58.0,61.0,63.0,64.0,67.0,57.0,0.0,14.444444444444445,16.11111111111111,17.22222222222222,17.77777777777778,19.444444444444443,7.6111111111111125,6.611111111111111,7.6111111111111125,5.611111111111112,47.0,-118.57,1650,WA,SCAN,Adams
2025-10-05 04:00:00-07:00,2021,Lind #1,0.0,42.1,41.4,42.1,40.3,0.0,0.0,5.0,5.2,10.1,57.0,60.0,63.0,64.0,67.0,64.0,0.0,13.88888888888889,15.555555555555555,17.22222222222222,17.77777777777778,19.444444444444443,5.611111111111112,5.222222222222221,5.611111111111112,4.61111111111111,47.0,-118.57,1650,WA,SCAN,Adams
2025-10-05 05:00:00-07:00,2021,Lind #1,0.0,40.3,40.5,40.6,40.3,0.0,0.0,5.2,5.2,10.0,56.0,60.0,63.0,64.0,67.0,68.0,0.78,13.333333333333334,15.555555555555555,17.22222222222222,17.77777777777778,19.444444444444443,4.61111111111111,4.722222222222222,4.777777777777779,4.61111111111111,47.0,-118.57,1650,WA,SCAN,Adams
2025-10-05 06:00:00-07:00,2021,Lind #1,0.0,40.5,40.6,44.4,39.7,0.0,0.0,4.9,5.2,10.1,54.0,59.0,63.0,64.0,67.0,70.0,63.79,12.222222222222221,15.0,17.22222222222222,17.77777777777778,19.444444444444443,4.722222222222222,4.777777777777779,6.888888888888888,4.2777777777777795,47.0,-118.57,1650,WA,SCAN,Adams
2025-10-05 07:00:00-07:00,2021,Lind #1,0.0,44.4,46.2,49.6,44.4,0.0,0.0,5.1,5.2,10.0,53.0,58.0,62.0,64.0,67.0,64.0,202.3,11.666666666666666,14.444444444444445,16.666666666666668,17.77777777777778,19.444444444444443,6.888888888888888,7.88888888888889,9.777777777777779,6.888888888888888,47.0,-118.57,1650,WA,SCAN,Adams
2025-10-05 08:00:00-07:00,2021,Lind #1,0.0,49.6,52.5,56.3,49.6,0.0,0.0,5.0,5.0,10.0,53.0,58.0,62.0,64.0,67.0,54.0,337.8,11.666666666666666,14.444444444444445,16.666666666666668,17.77777777777778,19.444444444444443,9.777777777777779,11.38888888888889,13.499999999999998,9.777777777777779,47.0,-118.57,1650,WA,SCAN,Adams
2025-10-05 09:00:00-07:00,2021,Lind #1,0.0,56.3,57.4,60.3,56.3,0.0,0.0,5.1,5.1,10.1,53.0,57.0,62.0,64.0,67.0,45.0,480.3,11.666666666666666,13.88888888888889,16.666666666666668,17.77777777777778,19.444444444444443,13.499999999999998,14.11111111111111,15.722222222222221,13.499999999999998,47.0,-118.57,1650,WA,SCAN,Adams
2025-10-05 10:00:00-07:00,2021,Lind #1,0.0,60.3,60.4,61.5,59.7,0.0,0.0,4.9,5.1,10.1,53.0,57.0,62.0,64.0,67.0,40.0,573.6,11.666666666666666,13.88888888888889,16.666666666666668,17.77777777777778,19.444444444444443,15.722222222222221,15.777777777777779,16.38888888888889,15.38888888888889,47.0,-118.57,1650,WA,SCAN,Adams
2025-10-05 11:00:00-07:00,2021,Lind #1,0.0,61.5,62.4,63.3,61.5,0.0,0.1,5.0,5.1,10.1,55.0,57.0,62.0,64.0,67.0,38.0,594.2,12.777777777777779,13.88888888888889,16.666666666666668,17.77777777777778,19.444444444444443,16.38888888888889,16.88888888888889,17.38888888888889,16.38888888888889,47.0,-118.57,1650,WA,SCAN,Adams
2025-10-05 12:00:00-07:00,2021,Lind #1,0.0,62.6,63.5,64.8,62.6,0.0,0.0,4.9,5.1,9.9,58.0,57.0,61.0,64.0,67.0,36.0,596.0,14.444444444444445,13.88888888888889,16.11111111111111,17.77777777777778,19.444444444444443,17.0,17.5,18.22222222222222,17.0,47.0,-118.57,1650,WA,SCAN,Adams
2025-10-05 13:00:00-07:00,2021,Lind #1,0.0,64.4,64.8,66.4,64.4,0.0,0.1,5.0,5.2,9.9,62.0,58.0,61.0,64.0,67.0,33.0,552.2,16.666666666666668,14.444444444444445,16.11111111111111,17.77777777777778,19.444444444444443,18.000000000000004,18.22222222222222,19.111111111111114,18.000000000000004,47.0,-118.57,1650,WA,SCAN,Adams
2025-10-05 14:00:00-07:00,2021,Lind #1,0.0,66.4,65.5,66.4,64.4,0.1,0.2,4.9,5.1,10.1,66.0,60.0,61.0,64.0,67.0,29.0,408.9,18.88888888888889,15.555555555555555,16.11111111111111,17.77777777777778,19.444444444444443,19.111111111111114,18.61111111111111,19.111111111111114,18.000000000000004,47.0,-118.57,1650,WA,SCAN,Adams
2025-10-05 15:00:00-07:00,2021,Lind #1,0.0,65.3,64.8,65.3,63.5,0.5,0.0,4.9,5.1,9.9,69.0,62.0,61.0,64.0,67.0,29.0,259.1,20.555555555555557,16.666666666666668,16.11111111111111,17.77777777777778,19.444444444444443,18.5,18.22222222222222,18.5,17.5,47.0,-118.57,1650,WA,SCAN,Adams
2025-10-05 16:00:00-07:00,2021,Lind #1,0.0,65.1,64.0,65.1,61.9,0.9,0.1,4.8,5.1,10.0,70.0,63.0,61.0,64.0,67.0,28.0,118.6,21.11111111111111,17.22222222222222,16.11111111111111,17.77777777777778,19.444444444444443,18.388888888888886,17.77777777777778,18.388888888888886,16.61111111111111,47.0,-118.57,1650,WA,SCAN,Adams
2025-10-05 17:00:00-07:00,2021,Lind #1,0.0,61.9,57.9,61.9,52.5,0.9,0.3,4.9,5.1,10.1,70.0,64.0,62.0,64.0,67.0,30.0,13.42,21.11111111111111,17.77777777777778,16.666666666666668,17.77777777777778,19.444444444444443,16.61111111111111,14.38888888888889,16.61111111111111,11.38888888888889,47.0,-118.57,1650,WA,SCAN,Adams
2025-10-05 18:00:00-07:00,2021,Lind #1,0.0,52.5,50.9,52.5,48.7,0.8,0.2,5.1,5.2,10.0,69.0,64.0,62.0,64.0,67.0,42.0,0.0,20.555555555555557,17.77777777777778,16.666666666666668,17.77777777777778,19.444444444444443,11.38888888888889,10.5,11.38888888888889,9.277777777777779,47.0,-118.57,1650,WA,SCAN,Adams
2025-10-05 19:00:00-07:00,2021,Lind #1,0.0,50.7,48.9,50.7,47.7,0.6,0.3,4.9,5.2,9.9,67.0,64.0,62.0,64.0,67.0,44.0,0.0,19.444444444444443,17.77777777777778,16.666666666666668,17.77777777777778,19.444444444444443,10.388888888888891,9.38888888888889,10.388888888888891,8.722222222222223,47.0,-118.57,1650,WA,SCAN,Adams
2025-10-05 20:00:00-07:00,2021,Lind #1,0.0,47.7,47.5,48.7,46.2,0.3,0.3,5.1,5.2,10.1,65.0,64.0,62.0,64.0,67.0,49.0,0.0,18.333333333333332,17.77777777777778,16.666666666666668,17.77777777777778,19.444444444444443,8.722222222222223,8.61111111111111,9.277777777777779,7.88888888888889,47.0,-118.57,1650,WA,SCAN,Adams
2025-10-05 21:00:00-07:00,2021,Lind #1,0.0,46.4,46.8,49.1,45.7,0.0,0.0,5.0,5.2,9.9,62.0,63.0,63.0,64.0,67.0,51.0,0.0,16.666666666666668,17.22222222222222,17.22222222222222,17.77777777777778,19.444444444444443,8.0,8.222222222222221,9.5,7.6111111111111125,47.0,-118.57,1650,WA,SCAN,Adams
2025-10-05 22:00:00-07:00,2021,Lind #1,0.0,46.6,45.5,46.6,43.3,0.0,0.1,5.1,5.2,9.9,61.0,63.0,63.0,64.0,67.0,52.0,0.0,16.11111111111111,17.22222222222222,17.22222222222222,17.77777777777778,19.444444444444443,8.11111111111111,7.5,8.11111111111111,6.277777777777776,47.0,-118.57,1650,WA,SCAN,Adams
2025-10-05 23:00:00-07:00,2021,Lind #1,0.0,43.3,41.7,43.3,40.3,0.0,0.2,5.2,5.1,9.9,59.0,62.0,63.0,64.0,67.0,59.0,0.0,15.0,16.666666666666668,17.22222222222222,17.77777777777778,19.444444444444443,6.277777777777776,5.38888888888889,6.277777777777776,4.61111111111111,47.0,-118.57,1650,WA,SCAN,Adams
2025-10-06 00:00:00-07:00,2021,Lind #1,0.0,42.1,41.2,43.0,39.6,0.0,0.2,5.1,5.1,10.0,57.0,61.0,63.0,64.0,67.0,59.0,0.0,13.88888888888889,16.11111111111111,17.22222222222222,17.77777777777778,19.444444444444443,5.611111111111112,5.1111111111111125,6.111111111111111,4.222222222222223,47.0,-118.57,1650,WA,SCAN,Adams
2025-10-06 01:00:00-07:00,2021,Lind #1,0.0,41.4,41.5,42.4,37.9,0.0,0.0,5.2,5.1,9.9,56.0,60.0,63.0,64.0,66.0,59.0,0.0,13.333333333333334,15.555555555555555,17.22222222222222,17.77777777777778,18.88888888888889,5.222222222222221,5.277777777777778,5.777777777777777,3.277777777777777,47.0,-118.57,1650,WA,SCAN,Adams
2025-10-06 02:00:00-07:00,2021,Lind #1,0.0,37.9,40.1,42.8,37.2,0.0,0.1,5.0,5.1,9.9,54.0,59.0,62.0,64.0,66.0,66.0,0.0,12.222222222222221,15.0,16.666666666666668,17.77777777777778,18.88888888888889,3.277777777777777,4.500000000000001,5.999999999999998,2.8888888888888906,47.0,-118.57,1650,WA,SCAN,Adams
2025-10-06 03:00:00-07:00,2021,Lind #1,0.0,37.2,36.5,38.3,32.7,0.0,0.0,5.1,5.1,10.0,53.0,58.0,62.0,64.0,66.0,69.0,0.0,11.666666666666666,14.444444444444445,16.666666666666668,17.77777777777778,18.88888888888889,2.8888888888888906,2.5,3.4999999999999982,0.38888888888889045,47.0,-118.57,1650,WA,SCAN,Adams
2025-10-06 04:00:00-07:00,2021,Lind #1,0.0,32.7,36.1,37.8,32.7,0.0,0.0,5.0,5.1,10.0,52.0,57.0,62.0,64.0,66.0,76.0,0.0,11.11111111111111,13.88888888888889,16.666666666666668,17.77777777777778,18.88888888888889,0.38888888888889045,2.2777777777777786,3.2222222222222205,0.38888888888889045,47.0,-118.57,1650,WA,SCAN,Adams
2025-10-06 05:00:00-07:00,2021,Lind #1,0.0,35.4,34.7,36.7,34.3,0.0,0.0,5.0,5.1,10.0,51.0,56.0,62.0,64.0,66.0,71.0,0.75,10.555555555555555,13.333333333333334,16.666666666666668,17.77777777777778,18.88888888888889,1.8888888888888882,1.5000000000000016,2.6111111111111125,1.2777777777777761,47.0,-118.57,1650,WA,SCAN,Adams
2025-10-06 06:00:00-07:00,2021,Lind #1,0.0,36.7,36.0,37.6,34.3,0.0,0.0,4.8,5.1,10.0,50.0,56.0,62.0,64.0,66.0,71.0,61.36,10.0,13.333333333333334,16.666666666666668,17.77777777777778,18.88888888888889,2.6111111111111125,2.2222222222222223,3.111111111111112,1.2777777777777761,47.0,-118.57,1650,WA,SCAN,Adams
2025-10-06 07:00:00-07:00,2021,Lind #1,0.0,37.6,39.9,44.4,37.6,0.0,0.0,5.0,5.1,10.1,49.0,55.0,61.0,64.0,66.0,70.0,193.1,9.444444444444445,12.777777777777779,16.11111111111111,17.77777777777778,18.88888888888889,3.111111111111112,4.388888888888888,6.888888888888888,3.111111111111112,47.0,-118.57,1650,WA,SCAN,Adams
2025-10-06 08:00:00-07:00,2021,Lind #1,0.0,44.4,47.3,52.3,44.4,0.0,0.0,4.9,5.2,9.9,48.0,54.0,61.0,64.0,66.0,62.0,338.3,8.88888888888889,12.222222222222221,16.11111111111111,17.77777777777778,18.88888888888889,6.888888888888888,8.499999999999998,11.277777777777777,6.888888888888888,47.0,-118.57,1650,WA,SCAN,Adams
2025-10-06 09:00:00-07:00,2021,Lind #1,0.0,52.3,54.9,58.8,52.3,0.0,0.0,4.9,5.0,9.9,48.0,54.0,61.0,64.0,66.0,49.0,476.7,8.88888888888889,12.222222222222221,16.11111111111111,17.77777777777778,18.88888888888889,11.277777777777777,12.722222222222221,14.88888888888889,11.277777777777777,47.0,-118.57,1650,WA,SCAN,Adams
2025-10-06 10:00:00-07:00,2021,Lind #1,0.0,58.8,59.7,61.9,58.8,0.0,0.0,4.8,5.0,9.9,49.0,54.0,60.0,64.0,66.0,34.0,556.9,9.444444444444445,12.222222222222221,15.555555555555555,17.77777777777778,18.88888888888889,14.88888888888889,15.38888888888889,16.61111111111111,14.88888888888889,47.0,-118.57,1650,WA,SCAN,Adams
2025-10-06 11:00:00-07:00,2021,Lind #1,0.0,61.9,62.6,63.9,61.7,0.0,0.0,4.9,5.1,10.1,51.0,54.0,60.0,63.0,66.0,26.0,576.2,10.555555555555555,12.222222222222221,15.555555555555555,17.22222222222222,18.88888888888889,16.61111111111111,17.0,17.72222222222222,16.5,47.0,-118.57,1650,WA,SCAN,Adams
2025-10-06 12:00:00-07:00,2021,Lind #1,0.0,63.5,64.2,65.1,63.5,0.0,0.0,4.9,5.2,10.2,54.0,54.0,60.0,63.0,66.0,29.0,578.3,12.222222222222221,12.222222222222221,15.555555555555555,17.22222222222222,18.88888888888889,17.5,17.88888888888889,18.388888888888886,17.5,47.0,-118.57,1650,WA,SCAN,Adams
2025-10-06 13:00:00-07:00,2021,Lind #1,0.0,64.9,66.0,66.9,64.9,0.0,0.1,4.9,5.1,10.0,58.0,55.0,60.0,63.0,66.0,24.0,512.1,14.444444444444445,12.777777777777779,15.555555555555555,17.22222222222222,18.88888888888889,18.277777777777782,18.88888888888889,19.388888888888893,18.277777777777782,47.0,-118.57,1650,WA,SCAN,Adams
2025-10-06 14:00:00-07:00,2021,Lind #1,0.0,66.4,66.7,67.3,66.2,0.0,0.0,5.0,5.2,10.0,62.0,57.0,60.0,63.0,66.0,22.0,403.0,16.666666666666668,13.88888888888889,15.555555555555555,17.22222222222222,18.88888888888889,19.111111111111114,19.27777777777778,19.61111111111111,19.0,47.0,-118.57,1650,WA,SCAN,Adams
2025-10-06 15:00:00-07:00,2021,Lind #1,0.0,66.2,67.1,68.0,66.2,0.0,0.0,5.0,5.3,10.0,65.0,59.0,60.0,63.0,66.0,22.0,259.6,18.333333333333332,15.0,15.555555555555555,17.22222222222222,18.88888888888889,19.0,19.499999999999996,20.0,19.0,47.0,-118.57,1650,WA,SCAN,Adams
2025-10-06 16:00:00-07:00,2021,Lind #1,0.0,67.1,66.0,67.1,63.9,0.3,0.1,4.9,5.3,10.0,67.0,60.0,60.0,63.0,66.0,21.0,112.1,19.444444444444443,15.555555555555555,15.555555555555555,17.22222222222222,18.88888888888889,19.499999999999996,18.88888888888889,19.499999999999996,17.72222222222222,47.0,-118.57,1650,WA,SCAN,Adams
2025-10-06 17:00:00-07:00,2021,Lind #1,0.0,63.9,62.4,63.9,58.6,0.3,0.1,5.0,5.3,10.0,67.0,61.0,60.0,63.0,66.0,25.0,11.4,19.444444444444443,16.11111111111111,15.555555555555555,17.22222222222222,18.88888888888889,17.72222222222222,16.88888888888889,17.72222222222222,14.777777777777779,47.0,-118.57,1650,WA,SCAN,Adams
2025-10-06 18:00:00-07:00,2021,Lind #1,0.0,58.6,58.1,59.5,52.2,0.3,0.0,4.8,5.2,10.1,66.0,62.0,60.0,63.0,66.0,29.0,0.0,18.88888888888889,16.666666666666668,15.555555555555555,17.22222222222222,18.88888888888889,14.777777777777779,14.5,15.277777777777779,11.222222222222223,47.0,-118.57,1650,WA,SCAN,Adams
2025-10-06 19:00:00-07:00,2021,Lind #1,0.0,52.2,53.6,56.8,47.8,0.1,0.3,4.9,5.1,9.9,65.0,62.0,60.0,63.0,66.0,38.0,0.0,18.333333333333332,16.666666666666668,15.555555555555555,17.22222222222222,18.88888888888889,11.222222222222223,12.0,13.777777777777777,8.777777777777777,47.0,-118.57,1650,WA,SCAN,Adams
2025-10-06 20:00:00-07:00,2021,Lind #1,0.0,47.8,49.1,49.8,46.8,0.0,0.2,4.9,4.8,10.0,63.0,62.0,61.0,63.0,66.0,45.0,0.0,17.22222222222222,16.666666666666668,16.11111111111111,17.22222222222222,18.88888888888889,8.777777777777777,9.5,9.888888888888888,8.222222222222221,47.0,-118.57,1650,WA,SCAN,Adams
2025-10-06 21:00:00-07:00,2021,Lind #1,0.0,46.8,48.7,50.9,45.7,0.0,0.3,4.9,5.1,10.1,61.0,62.0,61.0,63.0,66.0,46.0,0.0,16.11111111111111,16.666666666666668,16.11111111111111,17.22222222222222,18.88888888888889,8.222222222222221,9.277777777777779,10.5,7.6111111111111125,47.0,-118.57,1650,WA,SCAN,Adams
2025-10-06 22:00:00-07:00,2021,Lind #1,0.0,45.7,46.2,48.6,44.1,0.0,0.1,4.8,5.1,10.1,60.0,61.0,61.0,63.0,66.0,47.0,0.0,15.555555555555555,16.11111111111111,16.11111111111111,17.22222222222222,18.88888888888889,7.6111111111111125,7.88888888888889,9.222222222222221,6.722222222222223,47.0,-118.57,1650,WA,SCAN,Adams
2025-10-06 23:00:00-07:00,2021,Lind #1,0.0,44.1,44.6,45.3,43.9,0.0,0.1,5.0,5.1,10.1,58.0,60.0,61.0,63.0,66.0,49.0,0.0,14.444444444444445,15.555555555555555,16.11111111111111,17.22222222222222,18.88888888888889,6.722222222222223,7.000000000000001,7.3888888888888875,6.611111111111111,47.0,-118.57,1650,WA,SCAN,Adams
2025-10-07 00:00:00-07:00,2021,Lind #1,0.0,45.0,45.0,48.2,44.2,0.0,0.0,5.0,5.2,10.1,57.0,60.0,61.0,63.0,66.0,48.0,0.0,13.88888888888889,15.555555555555555,16.11111111111111,17.22222222222222,18.88888888888889,7.222222222222222,7.222222222222222,9.000000000000002,6.7777777777777795,47.0,-118.57,1650,WA,SCAN,Adams
2025-10-07 01:00:00-07:00,2021,Lind #1,0.0,48.2,47.5,49.1,44.2,0.0,0.1,5.0,5.1,9.8,56.0,59.0,61.0,63.0,66.0,43.0,0.0,13.333333333333334,15.0,16.11111111111111,17.22222222222222,18.88888888888889,9.000000000000002,8.61111111111111,9.5,6.7777777777777795,47.0,-118.57,1650,WA,SCAN,Adams
2025-10-07 02:00:00-07:00,2021,Lind #1,0.0,44.4,43.3,44.4,42.8,0.0,0.2,5.0,5.1,9.9,54.0,58.0,61.0,63.0,66.0,50.0,0.0,12.222222222222221,14.444444444444445,16.11111111111111,17.22222222222222,18.88888888888889,6.888888888888888,6.277777777777776,6.888888888888888,5.999999999999998,47.0,-118.57,1650,WA,SCAN,Adams
2025-10-07 03:00:00-07:00,2021,Lind #1,0.0,44.2,45.9,47.1,44.2,0.0,0.2,4.9,5.1,10.1,54.0,57.0,61.0,63.0,66.0,53.0,0.0,12.222222222222221,13.88888888888889,16.11111111111111,17.22222222222222,18.88888888888889,6.7777777777777795,7.722222222222222,8.38888888888889,6.7777777777777795,47.0,-118.57,1650,WA,SCAN,Adams
2025-10-07 04:00:00-07:00,2021,Lind #1,0.0,45.7,45.1,45.7,44.2,0.0,0.1,4.9,5.1,10.1,53.0,57.0,61.0,63.0,66.0,51.0,0.0,11.666666666666666,13.88888888888889,16.11111111111111,17.22222222222222,18.88888888888889,7.6111111111111125,7.277777777777778,7.6111111111111125,6.7777777777777795,47.0,-118.57,1650,WA,SCAN,Adams
2025-10-07 05:00:00-07:00,2021,Lind #1,0.0,44.2,44.1,44.8,43.3,0.0,0.0,5.0,5.2,10.1,52.0,56.0,61.0,63.0,66.0,56.0,0.61,11.11111111111111,13.333333333333334,16.11111111111111,17.22222222222222,18.88888888888889,6.7777777777777795,6.722222222222223,7.11111111111111,6.277777777777776,47.0,-118.57,1650,WA,SCAN,Adams
2025-10-07 06:00:00-07:00,2021,Lind #1,0.0,44.2,44.4,46.4,44.2,0.0,0.1,4.8,5.1,9.9,51.0,56.0,60.0,63.0,66.0,56.0,57.49,10.555555555555555,13.333333333333334,15.555555555555555,17.22222222222222,18.88888888888889,6.7777777777777795,6.888888888888888,8.0,6.7777777777777795,47.0,-118.57,1650,WA,SCAN,Adams
2025-10-07 07:00:00-07:00,2021,Lind #1,0.0,46.4,48.9,51.8,46.4,0.0,0.0,5.0,5.1,10.1,51.0,55.0,60.0,63.0,66.0,55.0,181.9,10.555555555555555,12.777777777777779,15.555555555555555,17.22222222222222,18.88888888888889,8.0,9.38888888888889,10.999999999999998,8.0,47.0,-118.57,1650,WA,SCAN,Adams
2025-10-07 08:00:00-07:00,2021,Lind #1,0.0,51.8,54.0,56.7,51.8,0.0,0.0,4.9,5.2,10.2,51.0,55.0,60.0,63.0,66.0,50.0,331.9,10.555555555555555,12.777777777777779,15.555555555555555,17.22222222222222,18.88888888888889,10.999999999999998,12.222222222222221,13.722222222222223,10.999999999999998,47.0,-118.57,1650,WA,SCAN,Adams
2025-10-07 09:00:00-07:00,2021,Lind #1,0.0,56.7,59.0,62.2,56.7,0.0,0.0,4.9,4.9,10.0,51.0,54.0,60.0,63.0,66.0,43.0,470.8,10.555555555555555,12.222222222222221,15.555555555555555,17.22222222222222,18.88888888888889,13.722222222222223,15.0,16.77777777777778,13.722222222222223,47.0,-118.57,1650,WA,SCAN,Adams
2025-10-07 10:00:00-07:00,2021,Lind #1,0.0,62.2,64.0,65.8,62.2,0.0,0.0,4.9,5.2,10.0,52.0,54.0,60.0,63.0,66.0,36.0,553.0,11.11111111111111,12.222222222222221,15.555555555555555,17.22222222222222,18.88888888888889,16.77777777777778,17.77777777777778,18.77777777777778,16.77777777777778,47.0,-118.57,1650,WA,SCAN,Adams
2025-10-07 11:00:00-07:00,2021,Lind #1,0.0,65.8,67.6,70.3,65.8,0.0,0.3,5.0,5.2,10.0,53.0,55.0,59.0,63.0,66.0,31.0,587.2,11.666666666666666,12.777777777777779,15.0,17.22222222222222,18.88888888888889,18.77777777777778,19.777777777777775,21.27777777777778,18.77777777777778,47.0,-118.57,1650,WA,SCAN,Adams
2025-10-07 12:00:00-07:00,2021,Lind #1,0.0,70.3,70.0,70.5,69.6,0.0,0.0,4.7,5.2,10.1,56.0,55.0,59.0,62.0,66.0,26.0,566.6,13.333333333333334,12.777777777777779,15.0,16.666666666666668,18.88888888888889,21.27777777777778,21.11111111111111,21.38888888888889,20.888888888888886,47.0,-118.57,1650,WA,SCAN,Adams
2025-10-07 13:00:00-07:00,2021,Lind #1,0.0,70.5,70.7,71.1,70.5,0.0,0.2,4.7,5.2,10.1,60.0,56.0,59.0,62.0,66.0,25.0,508.7,15.555555555555555,13.333333333333334,15.0,16.666666666666668,18.88888888888889,21.38888888888889,21.5,21.722222222222218,21.38888888888889,47.0,-118.57,1650,WA,SCAN,Adams
2025-10-07 14:00:00-07:00,2021,Lind #1,0.0,70.7,71.2,71.8,70.7,0.0,0.0,4.7,4.9,10.0,64.0,58.0,59.0,62.0,66.0,23.0,399.3,17.77777777777778,14.444444444444445,15.0,16.666666666666668,18.88888888888889,21.5,21.77777777777778,22.11111111111111,21.5,47.0,-118.57,1650,WA,SCAN,Adams
2025-10-07 15:00:00-07:00,2021,Lind #1,0.0,71.8,71.2,71.8,70.5,0.3,0.0,5.0,5.3,9.8,66.0,59.0,59.0,62.0,66.0,24.0,256.1,18.88888888888889,15.0,15.0,16.666666666666668,18.88888888888889,22.11111111111111,21.77777777777778,22.11111111111111,21.38888888888889,47.0,-118.57,1650,WA,SCAN,Adams
2025-10-07 16:00:00-07:00,2021,Lind #1,0.0,70.5,69.4,70.5,66.6,0.6,0.2,4.9,4.9,10.1,68.0,61.0,59.0,62.0,66.0,22.0,107.0,20.0,16.11111111111111,15.0,16.666666666666668,18.88888888888889,21.38888888888889,20.777777777777782,21.38888888888889,19.222222222222218,47.0,-118.57,1650,WA,SCAN,Adams
2025-10-07 17:00:00-07:00,2021,Lind #1,0.0,66.6,63.9,66.6,60.4,0.7,0.4,4.8,5.3,10.0,68.0,62.0,60.0,62.0,66.0,26.0,9.99,20.0,16.666666666666668,15.555555555555555,16.666666666666668,18.88888888888889,19.222222222222218,17.72222222222222,19.222222222222218,15.777777777777779,47.0,-118.57,1650,WA,SCAN,Adams
2025-10-07 18:00:00-07:00,2021,Lind #1,0.0,60.4,60.8,61.2,59.9,0.6,0.4,4.8,5.2,10.0,67.0,63.0,60.0,62.0,66.0,31.0,0.0,19.444444444444443,17.22222222222222,15.555555555555555,16.666666666666668,18.88888888888889,15.777777777777779,16.0,16.22222222222222,15.5,47.0,-118.57,1650,WA,SCAN,Adams
2025-10-07 19:00:00-07:00,2021,Lind #1,0.0,59.9,57.6,59.9,52.2,0.4,0.3,4.9,5.2,10.0,66.0,63.0,60.0,62.0,66.0,32.0,0.0,18.88888888888889,17.22222222222222,15.555555555555555,16.666666666666668,18.88888888888889,15.5,14.222222222222221,15.5,11.222222222222223,47.0,-118.57,1650,WA,SCAN,Adams
2025-10-07 20:00:00-07:00,2021,Lind #1,0.0,52.2,53.8,56.3,51.6,0.3,0.3,4.9,5.0,10.0,64.0,63.0,61.0,62.0,66.0,41.0,0.0,17.77777777777778,17.22222222222222,16.11111111111111,16.666666666666668,18.88888888888889,11.222222222222223,12.111111111111109,13.499999999999998,10.88888888888889,47.0,-118.57,1650,WA,SCAN,Adams
2025-10-07 21:00:00-07:00,2021,Lind #1,0.0,52.3,53.1,58.5,47.1,0.0,0.3,4.8,5.0,10.0,62.0,62.0,61.0,62.0,66.0,38.0,0.0,16.666666666666668,16.666666666666668,16.11111111111111,16.666666666666668,18.88888888888889,11.277777777777777,11.722222222222221,14.722222222222221,8.38888888888889,47.0,-118.57,1650,WA,SCAN,Adams
2025-10-07 22:00:00-07:00,2021,Lind #1,0.0,47.1,48.2,51.1,47.1,0.0,0.2,5.0,5.0,10.0,60.0,62.0,61.0,62.0,66.0,49.0,0.0,15.555555555555555,16.666666666666668,16.11111111111111,16.666666666666668,18.88888888888889,8.38888888888889,9.000000000000002,10.61111111111111,8.38888888888889,47.0,-118.57,1650,WA,SCAN,Adams
2025-10-07 23:00:00-07:00,2021,Lind #1,0.0,51.1,50.7,51.4,49.3,0.0,0.2,4.9,5.0,10.0,59.0,61.0,61.0,62.0,66.0,43.0,0.0,15.0,16.11111111111111,16.11111111111111,16.666666666666668,18.88888888888889,10.61111111111111,10.388888888888891,10.777777777777779,9.611111111111109,47.0,-118.57,1650,WA,SCAN,Adams
2025-10-08 00:00:00-07:00,2021,Lind #1,0.0,49.3,48.6,49.3,46.6,0.0,0.1,5.0,5.0,10.2,58.0,60.0,61.0,62.0,66.0,46.0,0.0,14.444444444444445,15.555555555555555,16.11111111111111,16.666666666666668,18.88888888888889,9.611111111111109,9.222222222222221,9.611111111111109,8.11111111111111,47.0,-118.57,1650,WA,SCAN,Adams
2025-10-08 01:00:00-07:00,2021,Lind #1,0.0,46.6,46.4,46.9,45.3,0.0,0.3,4.9,5.0,9.9,57.0,59.0,61.0,62.0,66.0,51.0,0.0,13.88888888888889,15.0,16.11111111111111,16.666666666666668,18.88888888888889,8.11111111111111,8.0,8.277777777777779,7.3888888888888875,47.0,-118.57,1650,WA,SCAN,Adams
2025-10-08 02:00:00-07:00,2021,Lind #1,0.0,46.8,45.3,46.8,43.7,0.0,0.1,5.0,5.0,10.0,56.0,59.0,61.0,62.0,66.0,53.0,0.0,13.333333333333334,15.0,16.11111111111111,16.666666666666668,18.88888888888889,8.222222222222221,7.3888888888888875,8.222222222222221,6.500000000000002,47.0,-118.57,1650,WA,SCAN,Adams
2025-10-08 03:00:00-07:00,2021,Lind #1,0.0,46.8,45.9,46.8,44.4,0.0,0.3,5.0,5.0,9.9,55.0,58.0,61.0,62.0,66.0,56.0,0.0,12.777777777777779,14.444444444444445,16.11111111111111,16.666666666666668,18.88888888888889,8.222222222222221,7.722222222222222,8.222222222222221,6.888888888888888,47.0,-118.57,1650,WA,SCAN,Adams
2025-10-08 04:00:00-07:00,2021,Lind #1,0.0,45.7,46.6,47.3,45.7,0.0,0.0,4.8,5.0,10.3,54.0,57.0,61.0,62.0,66.0,60.0,0.0,12.222222222222221,13.88888888888889,16.11111111111111,16.666666666666668,18.88888888888889,7.6111111111111125,8.11111111111111,8.499999999999998,7.6111111111111125,47.0,-118.57,1650,WA,SCAN,Adams
2025-10-08 05:00:00-07:00,2021,Lind #1,0.0,46.0,45.5,46.0,45.0,0.0,0.1,4.9,5.0,9.9,53.0,57.0,61.0,62.0,66.0,61.0,0.5,11.666666666666666,13.88888888888889,16.11111111111111,16.666666666666668,18.88888888888889,7.777777777777778,7.5,7.777777777777778,7.222222222222222,47.0,-118.57,1650,WA,SCAN,Adams
2025-10-08 06:00:00-07:00,2021,Lind #1,0.0,45.7,46.6,49.8,44.6,0.0,0.1,4.9,5.0,9.9,52.0,56.0,60.0,62.0,66.0,61.0,51.98,11.11111111111111,13.333333333333334,15.555555555555555,16.666666666666668,18.88888888888889,7.6111111111111125,8.11111111111111,9.888888888888888,7.000000000000001,47.0,-118.57,1650,WA,SCAN,Adams
2025-10-08 07:00:00-07:00,2021,Lind #1,0.0,49.8,51.6,56.3,49.8,0.0,0.2,5.0,5.0,10.2,52.0,56.0,60.0,62.0,66.0,52.0,173.2,11.11111111111111,13.333333333333334,15.555555555555555,16.666666666666668,18.88888888888889,9.888888888888888,10.88888888888889,13.499999999999998,9.888888888888888,47.0,-118.57,1650,WA,SCAN,Adams
2025-10-08 08:00:00-07:00,2021,Lind #1,0.0,56.3,58.5,63.1,56.3,0.0,0.1,5.0,5.0,10.0,51.0,55.0,60.0,62.0,66.0,43.0,325.0,10.555555555555555,12.777777777777779,15.555555555555555,16.666666666666668,18.88888888888889,13.499999999999998,14.722222222222221,17.27777777777778,13.499999999999998,47.0,-118.57,1650,WA,SCAN,Adams
2025-10-08 09:00:00-07:00,2021,Lind #1,0.0,63.1,65.7,69.6,63.1,0.0,0.2,4.8,5.3,9.8,52.0,55.0,60.0,62.0,66.0,34.0,463.7,11.11111111111111,12.777777777777779,15.555555555555555,16.666666666666668,18.88888888888889,17.27777777777778,18.72222222222222,20.888888888888886,17.27777777777778,47.0,-118.57,1650,WA,SCAN,Adams
2025-10-08 10:00:00-07:00,2021,Lind #1,0.0,69.6,70.3,71.2,69.6,0.0,0.0,4.9,4.9,10.0,53.0,55.0,60.0,62.0,66.0,26.0,545.9,11.666666666666666,12.777777777777779,15.555555555555555,16.666666666666668,18.88888888888889,20.888888888888886,21.27777777777778,21.77777777777778,20.888888888888886,47.0,-118.57,1650,WA,SCAN,Adams
2025-10-08 11:00:00-07:00,2021,Lind #1,0.0,71.2,72.3,74.1,71.2,0.0,0.1,4.7,5.0,9.9,54.0,55.0,59.0,62.0,66.0,24.0,581.7,12.222222222222221,12.777777777777779,15.0,16.666666666666668,18.88888888888889,21.77777777777778,22.38888888888889,23.388888888888886,21.77777777777778,47.0,-118.57,1650,WA,SCAN,Adams
2025-10-08 12:00:00-07:00,2021,Lind #1,0.0,74.1,73.8,74.8,73.0,0.0,0.1,4.9,5.0,9.9,57.0,56.0,59.0,62.0,66.0,23.0,565.9,13.88888888888889,13.333333333333334,15.0,16.666666666666668,18.88888888888889,23.388888888888886,23.22222222222222,23.77777777777778,22.77777777777778,47.0,-118.57,1650,WA,SCAN,Adams
2025-10-08 13:00:00-07:00,2021,Lind #1,0.0,74.8,75.2,75.6,74.8,0.0,0.1,4.9,5.0,10.2,61.0,57.0,59.0,62.0,66.0,23.0,501.7,16.11111111111111,13.88888888888889,15.0,16.666666666666668,18.88888888888889,23.77777777777778,24.0,24.222222222222218,23.77777777777778,47.0,-118.57,1650,WA,SCAN,Adams
2025-10-08 14:00:00-07:00,2021,Lind #1,0.0,74.8,75.0,75.4,74.8,0.1,0.2,4.9,5.0,9.9,65.0,58.0,59.0,62.0,66.0,22.0,390.8,18.333333333333332,14.444444444444445,15.0,16.666666666666668,18.88888888888889,23.77777777777778,23.88888888888889,24.111111111111114,23.77777777777778,47.0,-118.57,1650,WA,SCAN,Adams
2025-10-08 15:00:00-07:00,2021,Lind #1,0.0,75.2,75.0,75.2,74.5,0.6,0.3,4.9,5.1,9.9,68.0,60.0,59.0,62.0,66.0,22.0,245.6,20.0,15.555555555555555,15.0,16.666666666666668,18.88888888888889,24.0,23.88888888888889,24.0,23.61111111111111,47.0,-118.57,1650,WA,SCAN,Adams
2025-10-08 16:00:00-07:00,2021,Lind #1,0.0,75.2,73.6,75.2,69.1,1.1,0.3,4.9,5.1,9.9,69.0,62.0,60.0,62.0,66.0,23.0,91.4,20.555555555555557,16.666666666666668,15.555555555555555,16.666666666666668,18.88888888888889,24.0,23.111111111111107,24.0,20.611111111111107,47.0,-118.57,1650,WA,SCAN,Adams
2025-10-08 17:00:00-07:00,2021,Lind #1,0.0,69.1,65.8,69.1,62.6,1.1,0.3,4.8,5.0,9.9,69.0,63.0,60.0,62.0,66.0,28.0,3.33,20.555555555555557,17.22222222222222,15.555555555555555,16.666666666666668,18.88888888888889,20.611111111111107,18.77777777777778,20.611111111111107,17.0,47.0,-118.57,1650,WA,SCAN,Adams
2025-10-08 18:00:00-07:00,2021,Lind #1,0.0,62.6,61.9,62.8,60.6,1.1,0.5,4.9,5.0,10.0,69.0,64.0,60.0,62.0,66.0,35.0,0.0,20.555555555555557,17.77777777777778,15.555555555555555,16.666666666666668,18.88888888888889,17.0,16.61111111111111,17.11111111111111,15.88888888888889,47.0,-118.57,1650,WA,SCAN,Adams
2025-10-08 19:00:00-07:00,2021,Lind #1,0.0,61.5,61.0,62.6,58.5,0.9,0.5,4.9,5.0,10.1,67.0,64.0,60.0,62.0,66.0,37.0,0.0,19.444444444444443,17.77777777777778,15.555555555555555,16.666666666666668,18.88888888888889,16.38888888888889,16.11111111111111,17.0,14.722222222222221,47.0,-118.57,1650,WA,SCAN,Adams
2025-10-08 20:00:00-07:00,2021,Lind #1,0.0,58.5,58.3,59.0,57.2,0.8,0.2,5.0,5.0,9.8,66.0,64.0,61.0,62.0,66.0,41.0,0.0,18.88888888888889,17.77777777777778,16.11111111111111,16.666666666666668,18.88888888888889,14.722222222222221,14.61111111111111,15.0,14.000000000000002,47.0,-118.57,1650,WA,SCAN,Adams
2025-10-08 21:00:00-07:00,2021,Lind #1,0.0,57.2,57.9,58.5,57.2,0.6,0.3,4.8,5.0,10.0,64.0,63.0,61.0,62.0,66.0,43.0,0.0,17.77777777777778,17.22222222222222,16.11111111111111,16.666666666666668,18.88888888888889,14.000000000000002,14.38888888888889,14.722222222222221,14.000000000000002,47.0,-118.57,1650,WA,SCAN,Adams
2025-10-08 22:00:00-07:00,2021,Lind #1,0.0,58.3,59.9,61.3,57.2,0.4,0.3,4.9,5.1,10.0,63.0,63.0,61.0,62.0,66.0,41.0,0.0,17.22222222222222,17.22222222222222,16.11111111111111,16.666666666666668,18.88888888888889,14.61111111111111,15.5,16.27777777777778,14.000000000000002,47.0,-118.57,1650,WA,SCAN,Adams
2025-10-08 23:00:00-07:00,2021,Lind #1,0.0,57.2,54.5,57.2,51.6,0.3,0.4,4.9,5.1,10.0,62.0,62.0,61.0,62.0,66.0,41.0,0.0,16.666666666666668,16.666666666666668,16.11111111111111,16.666666666666668,18.88888888888889,14.000000000000002,12.5,14.000000000000002,10.88888888888889,47.0,-118.57,1650,WA,SCAN,Adams
2025-10-09 00:00:00-07:00,2021,Lind #1,0.0,51.6,52.0,52.7,51.1,0.1,0.3,5.1,5.3,10.0,61.0,62.0,62.0,62.0,66.0,49.0,0.0,16.11111111111111,16.666666666666668,16.666666666666668,16.666666666666668,18.88888888888889,10.88888888888889,11.11111111111111,11.500000000000002,10.61111111111111,47.0,-118.57,1650,WA,SCAN,Adams
2025-10-09 01:00:00-07:00,2021,Lind #1,0.0,52.3,52.5,53.4,51.4,0.0,0.2,5.1,5.0,10.1,60.0,62.0,62.0,62.0,66.0,49.0,0.0,15.555555555555555,16.666666666666668,16.666666666666668,16.666666666666668,18.88888888888889,11.277777777777777,11.38888888888889,11.88888888888889,10.777777777777779,47.0,-118.57,1650,WA,SCAN,Adams
2025-10-09 02:00:00-07:00,2021,Lind #1,0.0,51.4,51.6,52.5,51.4,0.0,0.3,5.1,4.9,9.8,59.0,61.0,62.0,62.0,66.0,50.0,0.0,15.0,16.11111111111111,16.666666666666668,16.666666666666668,18.88888888888889,10.777777777777779,10.88888888888889,11.38888888888889,10.777777777777779,47.0,-118.57,1650,WA,SCAN,Adams
2025-10-09 03:00:00-07:00,2021,Lind #1,0.0,52.5,51.8,53.6,51.4,0.0,0.2,5.1,5.3,10.0,58.0,60.0,62.0,62.0,66.0,49.0,0.0,14.444444444444445,15.555555555555555,16.666666666666668,16.666666666666668,18.88888888888889,11.38888888888889,10.999999999999998,12.0,10.777777777777779,47.0,-118.57,1650,WA,SCAN,Adams
2025-10-09 04:00:00-07:00,2021,Lind #1,0.0,53.6,53.4,54.3,52.2,0.0,0.3,5.1,5.0,10.0,57.0,60.0,61.0,62.0,66.0,47.0,0.0,13.88888888888889,15.555555555555555,16.11111111111111,16.666666666666668,18.88888888888889,12.0,11.88888888888889,12.388888888888888,11.222222222222223,47.0,-118.57,1650,WA,SCAN,Adams
2025-10-09 05:00:00-07:00,2021,Lind #1,0.0,52.3,52.5,54.0,50.2,0.0,0.3,5.1,5.0,10.0,57.0,59.0,61.0,62.0,66.0,51.0,0.25,13.88888888888889,15.0,16.11111111111111,16.666666666666668,18.88888888888889,11.277777777777777,11.38888888888889,12.222222222222221,10.111111111111112,47.0,-118.57,1650,WA,SCAN,Adams
2025-10-09 06:00:00-07:00,2021,Lind #1,0.0,50.2,51.4,53.8,49.6,0.0,0.3,4.9,5.1,9.8,56.0,59.0,61.0,62.0,66.0,56.0,14.34,13.333333333333334,15.0,16.11111111111111,16.666666666666668,18.88888888888889,10.111111111111112,10.777777777777779,12.111111111111109,9.777777777777779,47.0,-118.57,1650,WA,SCAN,Adams
2025-10-09 07:00:00-07:00,2021,Lind #1,0.0,53.8,53.8,57.0,53.2,0.0,0.1,4.9,5.1,9.8,56.0,58.0,61.0,62.0,66.0,52.0,86.0,13.333333333333334,14.444444444444445,16.11111111111111,16.666666666666668,18.88888888888889,12.111111111111109,12.111111111111109,13.88888888888889,11.777777777777779,47.0,-118.57,1650,WA,SCAN,Adams
2025-10-09 08:00:00-07:00,2021,Lind #1,0.0,57.0,56.8,61.2,55.9,0.0,0.2,5.0,5.3,10.0,56.0,58.0,61.0,62.0,66.0,47.0,249.1,13.333333333333334,14.444444444444445,16.11111111111111,16.666666666666668,18.88888888888889,13.88888888888889,13.777777777777777,16.22222222222222,13.277777777777779,47.0,-118.57,1650,WA,SCAN,Adams
2025-10-09 09:00:00-07:00,2021,Lind #1,0.0,61.2,63.1,64.9,61.2,0.0,0.2,4.9,5.0,9.9,56.0,58.0,61.0,62.0,66.0,44.0,490.3,13.333333333333334,14.444444444444445,16.11111111111111,16.666666666666668,18.88888888888889,16.22222222222222,17.27777777777778,18.277777777777782,16.22222222222222,47.0,-118.57,1650,WA,SCAN,Adams
2025-10-09 10:00:00-07:00,2021,Lind #1,0.0,64.9,66.0,66.9,64.9,0.0,0.0,5.0,5.1,9.9,57.0,58.0,61.0,62.0,66.0,39.0,535.8,13.88888888888889,14.444444444444445,16.11111111111111,16.666666666666668,18.88888888888889,18.277777777777782,18.88888888888889,19.388888888888893,18.277777777777782,47.0,-118.57,1650,WA,SCAN,Adams
2025-10-09 11:00:00-07:00,2021,Lind #1,0.0,66.9,66.0,66.9,64.9,0.0,0.2,4.8,5.0,9.9,58.0,58.0,60.0,62.0,66.0,37.0,535.8,14.444444444444445,14.444444444444445,15.555555555555555,16.666666666666668,18.88888888888889,19.388888888888893,18.88888888888889,19.388888888888893,18.277777777777782,47.0,-118.57,1650,WA,SCAN,Adams
