date,LST,NDVI,Rain_sat
2022-01-01,,0.42493880971025866,0.07202082872390747
2022-01-02,,,0.1887499988079071
2022-01-03,,,0.37958332896232605
2022-01-04,,,0.13104166090488434
2022-01-05,,,0.04791666567325592
2022-01-06,,,1.8110415935516357
2022-01-07,,,1.5983333587646484
2022-01-08,,,0.25041666626930237
2022-01-09,275.1057504215851,,0.14124999940395355
2022-01-10,,,0.047708332538604736
2022-01-11,,,1.096666693687439
2022-01-12,,,1.5733332633972168
2022-01-13,,,0.17416666448116302
2022-01-14,,,0.00958333257585764
2022-01-15,,,0.07333333045244217
2022-01-16,,,0.0
2022-01-17,,0.5584457374053775,0.003333333181217313
2022-01-18,,,0.026874998584389687
2022-01-19,275.3931108462455,,0.04979166388511658
2022-01-20,,,1.394791603088379
2022-01-21,,,0.08499999344348907
2022-01-22,276.1359609756098,,0.03895833343267441
2022-01-23,278.70516020236084,,0.008541666902601719
2022-01-24,277.90345699831363,,0.18937499821186066
2022-01-25,275.6363495145631,,0.0
2022-01-26,277.1391062394604,,0.018958332017064095
2022-01-27,280.15053962900504,,0.0
2022-01-28,,,0.0
2022-01-29,,,0.07145833224058151
2022-01-30,,,0.13395832479000092
2022-01-31,,,0.5199999809265137
2022-02-01,,,0.021166667342185974
2022-02-02,,0.6924210649960851,0.08645833283662796
2022-02-03,,,0.44979166984558105
2022-02-04,,,0.18187499046325684
2022-02-05,,,0.1274999976158142
2022-02-06,,,0.1602083295583725
2022-02-07,,,0.016458332538604736
2022-02-08,,,0.11041666567325592
2022-02-09,,,0.05062500014901161
2022-02-10,,,0.061666667461395264
2022-02-11,278.3135413153457,,0.0
2022-02-12,283.75455311973013,,0.06437499821186066
2022-02-13,284.02278246205736,,0.0
2022-02-14,,,0.05291666463017464
2022-02-15,,,0.0
2022-02-16,,,0.009374999441206455
2022-02-17,,,0.10479166358709335
2022-02-18,,0.7221903001827202,0.0
2022-02-19,,,0.3100000023841858
2022-02-20,275.5755223880597,,0.11770832538604736
2022-02-21,275.32264755480605,,0.007708333432674408
2022-02-22,270.22350758853287,,0.011874998919665813
2022-02-23,,,0.015416665934026241
2022-02-24,273.6176222596964,,0.0008333332953043282
2022-02-25,274.4779932546374,,0.002916666679084301
2022-02-26,,,0.022708332166075706
2022-02-27,,,0.4622916579246521
2022-02-28,,,5.275000095367432
2022-03-01,,,0.8770833015441895
2022-03-02,,,0.18291665613651276
2022-03-03,,,0.1629166603088379
2022-03-04,276.33568296795954,,0.0
2022-03-05,279.54026981450255,,0.011874999850988388
2022-03-06,281.11758853288364,0.6955699556251635,0.0
2022-03-07,,,0.12791666388511658
2022-03-08,279.97693086003375,,0.023541666567325592
2022-03-09,277.3598313659359,,0.0
2022-03-10,273.3,,0.01249999925494194
2022-03-11,,,0.019583333283662796
2022-03-12,,,0.06791666150093079
2022-03-13,281.94,,0.05979166552424431
2022-03-14,,,0.35479167103767395
2022-03-15,,,1.862708330154419
2022-03-16,,,1.1356250047683716
2022-03-17,,,0.27395832538604736
2022-03-18,,,0.015208332799375057
2022-03-19,,,0.445416659116745
2022-03-20,,,0.18979166448116302
2022-03-21,,,0.7262499928474426
2022-03-22,,0.7025359227355787,0.0456249974668026
2022-03-23,286.45929515418504,,0.0989583283662796
2022-03-24,,,0.0
2022-03-25,,,0.005624999757856131
2022-03-26,,,0.12999999523162842
2022-03-27,,,0.002916666679084301
2022-03-28,,,0.015625
2022-03-29,,,0.0
2022-03-30,281.2902698145025,,0.0
2022-03-31,,,0.38999998569488525
2022-04-01,,,0.0990416631102562
2022-04-02,,,0.0004166666476521641
2022-04-03,,,0.16083332896232605
2022-04-04,,,1.2272915840148926
2022-04-05,,,0.37854164838790894
2022-04-06,279.36613827993256,,0.10354166477918625
2022-04-07,,0.7500407622030806,0.06041666492819786
2022-04-08,271.61666666666673,,0.3412499725818634
2022-04-09,,,0.012500000186264515
2022-04-10,,,0.09729166328907013
2022-04-11,,,0.015416666865348816
2022-04-12,,,0.2239583283662796
2022-04-13,269.5,,0.0208333320915699
2022-04-14,,,0.035624999552965164
2022-04-15,282.5043844856661,,0.0006249999860301614
2022-04-16,,,0.011666666716337204
2022-04-17,283.76053962900505,,0.10270833224058151
2022-04-18,,,0.5839583277702332
2022-04-19,282.16,,0.3035416603088379
2022-04-20,,,0.025624999776482582
2022-04-21,,,0.3177083134651184
2022-04-22,,,0.0043750000186264515
2022-04-23,,0.6851305559906034,0.0
2022-04-24,,,0.016249999403953552
2022-04-25,,,0.023125000298023224
2022-04-26,,,0.021458333358168602
2022-04-27,,,0.09833332896232605
2022-04-28,281.8553962900506,,0.0
2022-04-29,,,0.0043750000186264515
2022-04-30,,,0.3233333230018616
2022-05-01,,,0.003187500173225999
2022-05-02,,,0.08395832777023315
2022-05-03,,,0.026666665449738503
2022-05-04,,,0.2135416716337204
2022-05-05,,,0.4502083361148834
2022-05-06,,,0.09999999403953552
2022-05-07,,,0.0
2022-05-08,,,0.0031250000465661287
2022-05-09,,0.8314202610284523,0.11270833015441895
2022-05-10,,,0.0
2022-05-11,281.41722470904205,,0.004583333153277636
2022-05-12,,,0.25312498211860657
2022-05-13,,,0.5135416388511658
2022-05-14,,,0.11354166269302368
2022-05-15,,,0.690833330154419
2022-05-16,,,0.25083333253860474
2022-05-17,285.1972681281619,,0.01145833358168602
2022-05-18,,,0.49687498807907104
2022-05-19,,,0.0
2022-05-20,288.42,,0.10062500089406967
2022-05-21,288.64127147766317,,0.203125
2022-05-22,292.9607757166947,,0.021041665226221085
2022-05-23,,,0.039374999701976776
2022-05-24,,,0.09729166328907013
2022-05-25,,0.844934194727226,0.18708333373069763
2022-05-26,,,0.09583333134651184
2022-05-27,,,0.2747916579246521
2022-05-28,,,0.07312499731779099
2022-05-29,,,0.13875000178813934
2022-05-30,,,0.17125000059604645
2022-05-31,,,0.0027083333116024733
2022-06-01,,,0.01693749986588955
2022-06-02,,,0.2516666650772095
2022-06-03,,,0.5408332943916321
2022-06-04,,,0.0
2022-06-05,,,0.6643750071525574
2022-06-06,,,0.019999999552965164
2022-06-07,294.30392917369306,,0.0
2022-06-08,,,0.10437499731779099
2022-06-09,,,0.9097916483879089
2022-06-10,285.2420928270042,0.8540013730096586,0.6852083206176758
2022-06-11,,,0.017291666939854622
2022-06-12,,,0.013333332724869251
2022-06-13,,,0.18312498927116394
2022-06-14,,,0.0
2022-06-15,,,0.08541666716337204
2022-06-16,288.25187183811136,,0.05624999850988388
2022-06-17,,,0.0716666653752327
2022-06-18,,,0.0
2022-06-19,,,0.0
2022-06-20,,,0.0
2022-06-21,,,0.016249999403953552
2022-06-22,,,0.0
2022-06-23,291.1992497532083,,0.0
2022-06-24,293.5528836424957,,0.0
2022-06-25,301.0910286677908,,0.0
2022-06-26,302.2264249578414,0.8867242443226316,0.0
2022-06-27,295.22,,0.0
2022-06-28,289.421805907173,,0.01249999925494194
2022-06-29,,,0.05312499776482582
2022-06-30,294.0911635750422,,0.0
2022-07-01,294.3890387858347,,0.001020833384245634
2022-07-02,,,0.0
2022-07-03,,,0.6483333110809326
2022-07-04,290.1382967959528,,0.06020833179354668
2022-07-05,,,0.0
2022-07-06,,,0.16895833611488342
2022-07-07,,,0.14874999225139618
2022-07-08,,,0.0
2022-07-09,,,0.0
2022-07-10,,,0.11833332479000092
2022-07-11,299.74861720067446,,0.0
2022-07-12,298.5900337268128,0.8532101905507702,0.0
2022-07-13,,,0.0
2022-07-14,295.67104553119725,,0.0
2022-07-15,297.0568802698144,,0.0
2022-07-16,293.1558425832492,,0.0
2022-07-17,,,0.0
2022-07-18,,,0.35354167222976685
2022-07-19,295.15276559865094,,0.0
2022-07-20,299.2240640809443,,0.0
2022-07-21,296.903844856661,,0.0
2022-07-22,293.5359534467323,,0.0
2022-07-23,291.70453625632376,,0.018541665747761726
2022-07-24,297.9659021922428,,0.0
2022-07-25,300.42543001686334,,0.0
2022-07-26,304.5441146711636,,0.0
2022-07-27,303.2781787521079,,0.0
2022-07-28,302.56362563237775,0.8435221247716004,0.0
2022-07-29,305.3145362563238,,0.0
2022-07-30,303.6625126475547,,0.0
2022-07-31,304.1956998313659,,0.0
2022-08-01,298.0893760539629,,0.0002083333529299125
2022-08-02,295.90830379746836,,0.0
2022-08-03,297.5075716694773,,0.0
2022-08-04,,,0.0
2022-08-05,294.5373018549747,,0.0
2022-08-06,297.4044013490725,,0.0
2022-08-07,301.926037099494,,0.0
2022-08-08,301.82539629005055,,0.0
2022-08-09,,,0.015416665934026241
2022-08-10,,,0.0
2022-08-11,293.82510961214166,,0.0
2022-08-12,295.6578414839798,,0.0
2022-08-13,,0.8347955259723313,0.0
2022-08-14,296.69738617200676,,0.0
2022-08-15,292.57843170320393,,0.0
2022-08-16,297.6349915682968,,0.0
2022-08-17,302.97006745362563,,0.0
2022-08-18,,,0.020624998956918716
2022-08-19,,,0.2606250047683716
2022-08-20,,,0.02499999850988388
2022-08-21,295.9468128161888,,0.0
2022-08-22,297.88947723440134,,0.002291666576638818
2022-08-23,298.0849747048904,,0.0
2022-08-24,300.86843170320407,,0.0
2022-08-25,300.2946205733558,,0.0
2022-08-26,293.6378246205733,,0.0
2022-08-27,,,0.0
2022-08-28,293.3986392121754,,0.0
2022-08-29,296.83342327150075,0.8247976037588102,0.0
2022-08-30,303.34387858347384,,0.0
2022-08-31,298.36,,0.0
2022-09-01,298.44330522765597,,0.00047916671610437334
2022-09-02,301.27436762225966,,0.0
2022-09-03,,,0.0
2022-09-04,,,0.0
2022-09-05,291.4505066666667,,0.0
2022-09-06,296.5212310286677,,0.0
2022-09-07,294.82124789207415,,0.0
2022-09-08,292.89681281618886,,0.0
2022-09-09,293.5435714285714,,0.0
2022-09-10,300.95106239460364,,0.0
2022-09-11,,,0.015833333134651184
2022-09-12,,,0.11874999850988388
2022-09-13,,,0.3139583170413971
2022-09-14,,0.8157942625946231,0.1302083283662796
2022-09-15,,,0.0
2022-09-16,,,0.015416666865348816
2022-09-17,,,0.0006249999860301614
2022-09-18,294.2034907251264,,0.0
2022-09-19,294.2630860033726,,0.0
2022-09-20,295.9148397976391,,0.0
2022-09-21,295.06642495784143,,0.0
2022-09-22,292.85768971332203,,0.0
2022-09-23,,,0.0
2022-09-24,293.1212141652614,,0.017291666939854622
2022-09-25,297.89091062394607,,0.0
2022-09-26,298.08495784148397,,0.0
2022-09-27,298.22568296795964,,0.0
2022-09-28,,,0.023125000298023224
2022-09-29,290.67116417910444,,0.04416666552424431
2022-09-30,291.88586846543006,0.7810157974419217,0.0
2022-10-01,297.02571669477237,,0.004291667137295008
2022-10-02,298.04237774030355,,0.0
2022-10-03,297.05586846543,,0.0
2022-10-04,289.74588661037404,,0.0
2022-10-05,,,0.0
2022-10-06,293.3166947723441,,0.0
2022-10-07,,,0.0
2022-10-08,294.5117142857143,,0.0
2022-10-09,,,0.18520832061767578
2022-10-10,,,0.04229166731238365
2022-10-11,,,0.0
2022-10-12,,,0.0
2022-10-13,,,0.0
2022-10-14,,,0.0
2022-10-15,,,0.009374999441206455
2022-10-16,,0.41685915669575246,0.0
2022-10-17,,,0.0
2022-10-18,,,0.0
2022-10-19,,,0.2708333134651184
2022-10-20,,,0.0
2022-10-21,,,0.3095833361148834
2022-10-22,,,0.021041667088866234
2022-10-23,,,0.028749998658895493
2022-10-24,,,0.40812498331069946
2022-10-25,,,0.11770833283662796
2022-10-26,,,0.19729165732860565
2022-10-27,,,0.019374998286366463
2022-10-28,,,0.4243749976158142
2022-10-29,,,0.0
2022-10-30,,,1.191249966621399
2022-10-31,,,3.165208339691162
2022-11-01,,0.7083596397807365,0.0937083289027214
2022-11-02,,,0.13208332657814026
2022-11-03,,,0.575416624546051
2022-11-04,,,4.422708034515381
2022-11-05,,,0.32249999046325684
2022-11-06,,,0.24937500059604645
2022-11-07,,,0.010833333246409893
2022-11-08,,,0.22833332419395447
2022-11-09,274.75762225969646,,0.0
2022-11-10,,,0.0
2022-11-11,,,0.6079166531562805
2022-11-12,278.12971332209105,,0.0027083333116024733
2022-11-13,278.4670994940978,,0.03020833432674408
2022-11-14,278.74524451939294,,0.3422916531562805
2022-11-15,280.7646374367622,,0.0
2022-11-16,282.83318718381116,,0.0
2022-11-17,281.67679595278247,0.7161585069172542,0.011874999850988388
2022-11-18,278.812192242833,,0.0
2022-11-19,279.278802698145,,0.0
2022-11-20,279.45556492411464,,0.04479166492819786
2022-11-21,,,0.08958332985639572
2022-11-22,,,0.6762499809265137
2022-11-23,,,0.013124999590218067
2022-11-24,280.5707082630691,,0.02291666530072689
2022-11-25,,,0.4597916603088379
2022-11-26,,,0.0
2022-11-27,,,0.17249999940395355
2022-11-28,267.7525765054294,,0.01770833320915699
2022-11-29,,,0.027291666716337204
2022-11-30,,,0.06979166716337204
2022-12-01,267.06979591836733,,0.08349999785423279
2022-12-02,,,0.00416666641831398
2022-12-03,271.3068128161888,0.5777539336987735,0.2645833194255829
2022-12-04,271.4072849915683,,0.0
2022-12-05,272.6133726812816,,0.056458331644535065
2022-12-06,,,0.4854166507720947
2022-12-07,,,0.03854166343808174
2022-12-08,,,0.16624999046325684
2022-12-09,,,0.09437499940395355
2022-12-10,,,0.7231249809265137
2022-12-11,275.66239460370997,,0.11812499910593033
2022-12-12,274.44997802197804,,0.0
2022-12-13,,,0.4050000011920929
2022-12-14,274.71991568296795,,0.09749999642372131
2022-12-15,,,0.3022916615009308
2022-12-16,273.7597470489039,,0.012291666120290756
2022-12-17,,,0.029374999925494194
2022-12-18,,,0.046875
2022-12-19,,0.48775143304620233,0.0
2022-12-20,,,0.16999998688697815
2022-12-21,,,0.0
2022-12-22,261.23590733590737,,0.005833332892507315
2022-12-23,,,0.8220832943916321
2022-12-24,,,3.8958332538604736
2022-12-25,,,0.8741666674613953
2022-12-26,,,1.9964582920074463
2022-12-27,,,1.8406249284744263
2022-12-28,,,0.2789583206176758
2022-12-29,,,0.1197916641831398
2022-12-30,264.9412244897959,,0.2787500023841858
2022-12-31,,,0.05166666582226753
2023-01-01,274.94359024390246,0.6168132915687814,0.004708333406597376
2023-01-02,,,0.006041666492819786
2023-01-03,,,0.2614583373069763
2023-01-04,,,0.1274999976158142
2023-01-05,,,0.13708333671092987
2023-01-06,,,0.03541666641831398
2023-01-07,,,0.7266666293144226
2023-01-08,,,0.2764583230018616
2023-01-09,,,0.09937499463558197
2023-01-10,275.27940978077567,,0.12479166686534882
2023-01-11,272.770622406639,,0.12333332747220993
2023-01-12,,,2.070833206176758
2023-01-13,,,0.5652083158493042
2023-01-14,273.5,,0.03687499836087227
2023-01-15,,,0.10437499731779099
2023-01-16,,,0.17479166388511658
2023-01-17,,0.5762633881493087,0.0
2023-01-18,,,0.26479166746139526
2023-01-19,,,0.08874999731779099
2023-01-20,,,0.16374999284744263
2023-01-21,,,0.31041666865348816
2023-01-22,,,0.5358332991600037
2023-01-23,,,0.10833333432674408
2023-01-24,,,0.03187499940395355
2023-01-25,277.1343170320405,,0.0
2023-01-26,,,0.04437499865889549
2023-01-27,,,0.4333333373069763
2023-01-28,276.5475548060708,,0.00020833332382608205
2023-01-29,270.02011804384483,,0.0
2023-01-30,,,0.011249999515712261
2023-01-31,,,0.15812499821186066
2023-02-01,,,0.12277083098888397
2023-02-02,,0.5462244896893765,0.054374996572732925
2023-02-03,,,0.20333333313465118
2023-02-04,,,0.12083332985639572
2023-02-05,,,0.4260416626930237
2023-02-06,262.22788273615635,,0.022083332762122154
2023-02-07,,,1.0504167079925537
2023-02-08,,,0.9027082920074463
2023-02-09,,,0.1993749886751175
2023-02-10,,,0.17000000178813934
2023-02-11,276.0012141652614,,0.08062499761581421
2023-02-12,,,0.15562500059604645
2023-02-13,,,0.22041666507720947
2023-02-14,275.34698249227597,,0.0
2023-02-15,274.9002685765443,,0.2929166555404663
2023-02-16,,,0.359375
2023-02-17,,,0.1002083271741867
2023-02-18,,0.45662115374575846,0.3566666543483734
2023-02-19,,,0.23854166269302368
2023-02-20,,,0.6266666650772095
2023-02-21,,,0.31187498569488525
2023-02-22,,,0.0018749999580904841
2023-02-23,,,0.0
2023-02-24,269.61937605396287,,0.0
2023-02-25,,,0.4885416626930237
2023-02-26,,,0.2541666626930237
2023-02-27,,,0.16312499344348907
2023-02-28,,,0.010833333246409893
2023-03-01,,,0.23624999821186066
2023-03-02,,,0.8137499690055847
2023-03-03,,,0.0
2023-03-04,,,0.1470833271741867
2023-03-05,275.9360033726813,,0.027708332985639572
2023-03-06,275.7448372093023,0.7110897676846779,0.022499999031424522
2023-03-07,,,0.13312499225139618
2023-03-08,,,0.08583333343267441
2023-03-09,,,0.1849999874830246
2023-03-10,,,0.17666666209697723
2023-03-11,,,0.10499999672174454
2023-03-12,,,0.3383333384990692
2023-03-13,,,1.4704166650772095
2023-03-14,278.6875427350428,,0.211041659116745
2023-03-15,,,0.08812499791383743
2023-03-16,274.3381234567901,,0.078125
2023-03-17,,,0.0
2023-03-18,284.28922428330526,,0.05583333224058151
2023-03-19,,,0.109375
2023-03-20,,,0.14000000059604645
2023-03-21,284.15499156829685,,0.0
2023-03-22,286.6798482293423,0.676545277995302,0.0
2023-03-23,,,0.0
2023-03-24,,,0.03583333268761635
2023-03-25,,,0.1822916567325592
2023-03-26,,,0.0
2023-03-27,280.48431703204045,,0.00833333283662796
2023-03-28,285.8408600337268,,0.014791666530072689
2023-03-29,288.07215851602024,,0.0
2023-03-30,281.3633924050632,,0.0
2023-03-31,,,0.014791666530072689
2023-04-01,,,0.26514583826065063
2023-04-02,,,0.05666666477918625
2023-04-03,,,0.039791665971279144
2023-04-04,279.83115992970124,,0.00020833332382608205
2023-04-05,280.23227655986506,,0.06291666626930237
2023-04-06,,,0.15208332240581512
2023-04-07,,0.7239707961367792,0.653333306312561
2023-04-08,,,0.01666666567325592
2023-04-09,,,0.6314583420753479
2023-04-10,,,1.2127083539962769
2023-04-11,,,0.32624998688697815
2023-04-12,280.45861720067455,,0.06437499821186066
2023-04-13,,,0.04999999701976776
2023-04-14,284.0941652613828,,0.0637499988079071
2023-04-15,,,0.06479166448116302
2023-04-16,,,0.1614583283662796
2023-04-17,,,0.03437500074505806
2023-04-18,,,0.12708333134651184
2023-04-19,,,0.009166666306555271
2023-04-20,,,0.03583333268761635
2023-04-21,,,0.24541665613651276
2023-04-22,,,0.11104166507720947
2023-04-23,,0.7751589297833467,0.23416665196418762
2023-04-24,,,0.032083332538604736
2023-04-25,,,0.013333332724869251
2023-04-26,,,0.20145833492279053
2023-04-27,,,0.02291666716337204
2023-04-28,295.71183811129845,,0.023333333432674408
2023-04-29,297.37139966273185,,0.10062500089406967
2023-04-30,,,0.0027083333116024733
2023-05-01,,,0.29466667771339417
2023-05-02,289.76763912310287,,0.15166667103767395
2023-05-03,292.6587352445194,,0.0
2023-05-04,,,0.0054166666232049465
2023-05-05,,,0.7402083277702332
2023-05-06,,,0.06208333000540733
2023-05-07,,,0.0037499999161809683
2023-05-08,,,0.025833332911133766
2023-05-09,,0.8440544244322638,0.005624999757856131
2023-05-10,291.5736087689714,,0.02812499925494194
2023-05-11,293.6313827993254,,0.0
2023-05-12,295.3157672849915,,0.0
2023-05-13,301.1457672849916,,0.0
2023-05-14,301.06263069139965,,0.0
2023-05-15,303.4518718381113,,0.00624999962747097
2023-05-16,295.4006408094435,,0.05145833268761635
2023-05-17,296.24833052276557,,0.06437499821186066
2023-05-18,298.5044182124789,,0.058125000447034836
2023-05-19,291.2311475409836,,0.02458333410322666
2023-05-20,296.0606576728499,,0.007499999832361937
2023-05-21,,,0.0
2023-05-22,,,0.051874998956918716
2023-05-23,,,0.024166665971279144
2023-05-24,,,0.06624999642372131
2023-05-25,294.3325463743676,0.8422056799791182,0.0
2023-05-26,294.41438448566606,,0.0
2023-05-27,294.8094940978078,,0.0
2023-05-28,,,0.0
2023-05-29,292.4222934232715,,0.0
2023-05-30,,,0.0
2023-05-31,,,0.0
2023-06-01,291.77853288364247,,0.02631249837577343
2023-06-02,289.1206576728499,,0.0
2023-06-03,294.3737099494098,,0.0
2023-06-04,292.62691399662737,,0.0
2023-06-05,292.28875210792575,,0.0
2023-06-06,300.48927487352455,,0.0
2023-06-07,296.2462731871838,,0.0
2023-06-08,286.64384226491404,,0.0
2023-06-09,,,0.3181249797344208
2023-06-10,,0.8556019107282699,0.11645832657814026
2023-06-11,291.6049747048903,,0.0
2023-06-12,295.5232715008432,,0.0
2023-06-13,,,0.10749999433755875
2023-06-14,,,0.007499999832361937
2023-06-15,,,0.0
2023-06-16,,,0.01354166679084301
2023-06-17,,,0.0
2023-06-18,,,0.0
2023-06-19,,,0.04645833373069763
2023-06-20,,,0.12916666269302368
2023-06-21,,,0.04124999791383743
2023-06-22,293.9217032040472,,0.0
2023-06-23,294.6043338954468,,0.0
2023-06-24,,,0.00687499949708581
2023-06-25,294.85806070826305,,0.02854166552424431
2023-06-26,292.8025126475548,0.8569529365700863,0.46166664361953735
2023-06-27,294.46529510961216,,0.0
2023-06-28,296.45907251264754,,0.0
2023-06-29,293.1466441821248,,0.0008333332953043282
2023-06-30,297.94494097807757,,0.0
2023-07-01,293.97590219224276,,0.00045833337935619056
2023-07-02,297.2177234401349,,0.0
2023-07-03,297.8844013490725,,0.0
2023-07-04,299.81249578414844,,0.0
2023-07-05,,,0.0
2023-07-06,298.5746543001686,,0.0
2023-07-07,291.38387858347386,,0.02187499962747097
2023-07-08,293.1895784148398,,0.14937499165534973
2023-07-09,,,0.0
2023-07-10,,,0.21812500059604645
2023-07-11,,,0.00020833332382608205
2023-07-12,295.42,0.8717701122422349,0.0
2023-07-13,294.08934232715006,,0.0
2023-07-14,299.0061551433389,,0.0
2023-07-15,301.2295952782462,,0.0
2023-07-16,,,0.0
2023-07-17,,,0.0
2023-07-18,296.0560876897133,,0.0
2023-07-19,301.37241146711636,,0.0
2023-07-20,300.7129173693086,,0.0
2023-07-21,296.84018549747054,,0.0
2023-07-22,298.35903878583474,,0.0
2023-07-23,297.13765598650923,,0.0
2023-07-24,,,0.10854166746139526
2023-07-25,,,0.11104166507720947
2023-07-26,,,0.0
2023-07-27,293.9706913996627,,0.06354166567325592
2023-07-28,296.0853119730186,0.8289659827721227,0.002916666679084301
2023-07-29,,,0.0
2023-07-30,291.1721922428331,,0.0
2023-07-31,296.27600337268126,,0.0
2023-08-01,297.06030354131536,,0.0004375000426080078
2023-08-02,298.33981450252946,,0.0
2023-08-03,297.3344856661045,,0.0
2023-08-04,296.23892074198994,,0.0
2023-08-05,,,0.0
2023-08-06,,,0.0
2023-08-07,,,0.0
2023-08-08,,,0.0
2023-08-09,,,0.0
2023-08-10,290.7444444444444,,0.0
2023-08-11,,,0.0
2023-08-12,293.2360539629005,,0.0
2023-08-13,301.8277908937605,0.8229364552336209,0.0
2023-08-14,303.3477234401349,,0.0
2023-08-15,304.2837268128161,,0.0
2023-08-16,302.7357335581787,,0.0
2023-08-17,303.1130691399662,,0.0
2023-08-18,296.5187015177066,,0.0
2023-08-19,296.49245593419516,,0.0
2023-08-20,,,0.0
2023-08-21,,,0.0
2023-08-22,,,0.0
2023-08-23,,,0.0
2023-08-24,292.23623824451414,,0.0
2023-08-25,,,0.0664583295583725
2023-08-26,300.4998145025295,,0.0
2023-08-27,302.5569983136594,,0.0
2023-08-28,,,0.0
2023-08-29,,0.8601838475593845,0.1210416629910469
2023-08-30,,,0.2868749797344208
2023-08-31,,,0.1718749850988388
2023-09-01,295.9452951096122,,0.0
2023-09-02,292.60784482758623,,0.0
2023-09-03,289.8721016166282,,0.06479166448116302
2023-09-04,,,0.0012499999720603228
2023-09-05,290.86983289357954,,0.0
2023-09-06,,,0.0
2023-09-07,291.7117037037037,,0.0
2023-09-08,293.5519055649241,,0.0
2023-09-09,296.98175379426647,,0.0
2023-09-10,299.64596964586843,,0.0
2023-09-11,,,0.0
2023-09-12,,,0.0
2023-09-13,291.48,,0.0
2023-09-14,295.32532883642494,0.8355556095014361,0.0
2023-09-15,299.6833220910624,,0.0
2023-09-16,297.6064418212479,,0.0
2023-09-17,,,0.0
2023-09-18,,,0.0
2023-09-19,,,0.006874999962747097
2023-09-20,,,0.10208333283662796
2023-09-21,289.74234401349065,,0.009374999441206455
2023-09-22,292.27013490725125,,0.0
2023-09-23,,,0.13458333909511566
2023-09-24,,,0.10333333164453506
2023-09-25,,,1.9079166650772095
2023-09-26,,,0.3179166615009308
2023-09-27,,,0.2593750059604645
2023-09-28,,,0.15062500536441803
2023-09-29,,,0.0
2023-09-30,,0.8335059096841558,0.0
2023-10-01,286.7758347386172,,0.007708333432674408
2023-10-02,,,0.007499999832361937
2023-10-03,,,0.0689583346247673
2023-10-04,,,0.0
2023-10-05,291.7687521079258,,0.0
2023-10-06,294.27172006745366,,0.0
2023-10-07,295.88173693086,,0.0
2023-10-08,292.0059190556492,,0.0
2023-10-09,,,0.023124998435378075
2023-10-10,,,0.17270833253860474
2023-10-11,285.86602910602915,,0.019375000149011612
2023-10-12,288.24848229342325,,0.0
2023-10-13,286.13866666666667,,0.0
2023-10-14,,,0.08708333224058151
2023-10-15,,,0.5020833015441895
2023-10-16,,0.7811517984860356,0.8268749713897705
2023-10-17,,,0.9006249904632568
2023-10-18,,,0.6002083420753479
2023-10-19,,,0.0
2023-10-20,,,0.0
2023-10-21,285.61745454545456,,0.00958333257585764
2023-10-22,,,0.125
2023-10-23,280.6,,0.0
2023-10-24,,,0.06562499701976776
2023-10-25,,,0.4729166626930237
2023-10-26,,,0.0
2023-10-27,277.24426644182125,,0.0
2023-10-28,278.28010118043846,,0.0
2023-10-29,281.6773018549747,,0.0
2023-10-30,284.1119224283305,,0.0
2023-10-31,277.42396979503775,,0.0
2023-11-01,,0.7855596919864268,0.0
2023-11-02,270.28000000000003,,5.404375076293945
2023-11-03,,,0.13479165732860565
2023-11-04,,,4.510416507720947
2023-11-05,,,0.0043750000186264515
2023-11-06,,,0.14937499165534973
2023-11-07,276.28923076923076,,0.025833332911133766
2023-11-08,,,0.0
2023-11-09,,,0.008750000037252903
2023-11-10,,,0.07083333283662796
2023-11-11,,,1.1858333349227905
2023-11-12,,,0.3412500023841858
2023-11-13,,,0.25708332657814026
2023-11-14,277.1784485666105,,0.001041666604578495
2023-11-15,,,0.0897916629910469
2023-11-16,276.5266779089376,,0.35083332657814026
2023-11-17,279.8963743676222,0.7999534742886979,0.0
2023-11-18,281.66567103935415,,0.0
2023-11-19,276.0212,,0.04833333194255829
2023-11-20,,,0.0
2023-11-21,,,0.003958333283662796
2023-11-22,,,0.4045833349227905
2023-11-23,277.81682967959523,,0.011666666716337204
2023-11-24,278.37163575042155,,0.0
2023-11-25,278.20119730185496,,0.0
2023-11-26,277.72551433389543,,0.0
2023-11-27,,,0.0
2023-11-28,276.48377740303533,,0.0
2023-11-29,275.30667790893756,,0.003333333181217313
2023-11-30,,,0.05687499791383743
2023-12-01,,,0.06208333000540733
2023-12-02,,,0.5291666388511658
2023-12-03,,0.7751279300443751,0.16770832240581512
2023-12-04,,,0.5239583253860474
2023-12-05,,,6.3277082443237305
2023-12-06,,,0.17895832657814026
2023-12-07,,,0.20937499403953552
2023-12-08,264.62740663900416,,0.046666666865348816
2023-12-09,,,0.9735416173934937
2023-12-10,,,0.9735416769981384
2023-12-11,278.7643844856661,,0.0
2023-12-12,276.6376728499157,,0.0
2023-12-13,,,0.038750000298023224
2023-12-14,,,0.16958332061767578
2023-12-15,,,0.014374999329447746
2023-12-16,279.45242833052276,,0.0
2023-12-17,278.12,,0.0
2023-12-18,,,0.04104166477918625
2023-12-19,,0.7447502166536154,0.06958333402872086
2023-12-20,280.8296964586847,,0.00624999962747097
2023-12-21,,,0.025416666641831398
2023-12-22,,,0.6912499666213989
2023-12-23,,,0.00833333283662796
2023-12-24,,,0.0014583333395421505
2023-12-25,,,0.15604166686534882
2023-12-26,278.45817005545285,,0.005833333358168602
2023-12-27,,,0.29499998688697815
2023-12-28,,,0.050624996423721313
2023-12-29,,,0.024791665375232697
2023-12-30,,,0.0014583333395421505
2023-12-31,,,0.0
2024-01-01,276.1912478920742,0.7430179169929526,0.0
2024-01-02,,,0.25958332419395447
2024-01-03,,,0.15062500536441803
2024-01-04,262.9356170703576,,0.006666666828095913
2024-01-05,,,0.02291666530072689
2024-01-06,,,0.09020832926034927
2024-01-07,,,0.0
2024-01-08,,,0.00416666641831398
2024-01-09,,,0.8812499642372131
2024-01-10,,,0.09125000238418579
2024-01-11,263.86338762214984,,0.00020833332382608205
2024-01-12,256.4833558178752,,0.0
2024-01-13,260.01606936416186,,0.0
2024-01-14,,,0.00020833332382608205
2024-01-15,,,0.0
2024-01-16,,,0.35499998927116394
2024-01-17,,0.2831230383711825,0.19458332657814026
2024-01-18,,,0.17291666567325592
2024-01-19,,,0.5625
2024-01-20,269.3385872855701,,0.0637499988079071
2024-01-21,,,0.2810416519641876
2024-01-22,,,0.47208333015441895
2024-01-23,,,0.06437499821186066
2024-01-24,,,0.4335416555404663
2024-01-25,,,0.14354166388511658
2024-01-26,,,0.04874999821186066
2024-01-27,,,1.9310415983200073
2024-01-28,,,3.439791679382324
2024-01-29,,,0.21395832300186157
2024-01-30,,,0.2849999964237213
2024-01-31,,,1.0808333158493042
2024-02-01,,,0.4652083218097687
2024-02-02,,0.7136083894544508,0.0
2024-02-03,,,0.04895833134651184
2024-02-04,,,0.007708333432674408
2024-02-05,,,0.0037499999161809683
2024-02-06,,,0.03437500074505806
2024-02-07,,,0.0
2024-02-08,,,0.027499999850988388
2024-02-09,272.32,,0.021458333358168602
2024-02-10,,,0.1277083307504654
2024-02-11,,,0.3320833146572113
2024-02-12,,,0.09354166686534882
2024-02-13,277.05269814502526,,0.0
2024-02-14,,,0.0
2024-02-15,,,0.007083333563059568
2024-02-16,277.66072512647554,,0.06062500178813934
2024-02-17,,,0.00833333283662796
2024-02-18,,0.7190089115113553,0.03270833194255829
2024-02-19,,,0.19312499463558197
2024-02-20,,,0.15333333611488342
2024-02-21,277.1130285714286,,0.018333332613110542
2024-02-22,279.14185185185187,,0.05354166403412819
2024-02-23,280.5877740303541,,0.0
2024-02-24,,,0.010833333246409893
2024-02-25,,,0.7760416269302368
2024-02-26,,,0.33791667222976685
2024-02-27,,,0.0
2024-02-28,,,1.6520832777023315
2024-02-29,,,1.0741666555404663
2024-03-01,,,0.19958333671092987
2024-03-02,,,0.1391666680574417
2024-03-03,,,0.05416666716337204
2024-03-04,,,0.01770833320915699
2024-03-05,273.42298769771526,0.6999042077786484,0.0
2024-03-06,,,0.0
2024-03-07,275.50193929173696,,0.0
2024-03-08,,,0.0612499974668026
2024-03-09,,,0.512916624546051
2024-03-10,,,0.30166664719581604
2024-03-11,,,0.15583333373069763
2024-03-12,,,0.3737500011920929
2024-03-13,,,0.13479165732860565
2024-03-14,280.14406408094436,,0.4960416555404663
2024-03-15,281.2525969645868,,0.1666666567325592
2024-03-16,289.73844856661043,,0.0
2024-03-17,290.2553794266441,,0.0
2024-03-18,288.922765598651,,0.0
2024-03-19,288.73568296795946,,0.0
2024-03-20,,,0.011666666716337204
2024-03-21,,0.7470652832158707,0.012291666120290756
2024-03-22,,,0.14041666686534882
2024-03-23,,,0.5362499952316284
2024-03-24,281.9518549747049,,0.09479166567325592
2024-03-25,,,0.036249998956918716
2024-03-26,,,0.027916666120290756
2024-03-27,,,0.581458330154419
2024-03-28,,,0.14124999940395355
2024-03-29,281.8774229691877,,0.2485416680574417
2024-03-30,283.4902023608769,,0.08583332598209381
2024-03-31,285.3712647554806,,0.0
2024-04-01,,,0.09624999761581421
2024-04-02,289.5016863406408,,0.0
2024-04-03,,,0.4495833218097687
2024-04-04,,,0.07374999672174454
2024-04-05,,,0.01979166641831398
2024-04-06,,0.7694082223962416,0.032083332538604736
2024-04-07,277.34000000000003,,0.0
2024-04-08,,,0.07520832866430283
2024-04-09,280.2312244897959,,1.1789582967758179
2024-04-10,283.17365935919054,,0.0
2024-04-11,,,0.265625
2024-04-12,286.4657335581787,,0.10395833104848862
2024-04-13,286.9443338954468,,0.0
2024-04-14,289.3870994940977,,0.0
2024-04-15,,,0.028749998658895493
2024-04-16,,,0.0754166692495346
2024-04-17,282.90518143459917,,0.03374999761581421
2024-04-18,281.3411467116357,,0.040833331644535065
2024-04-19,289.0149072512648,,0.007708333432674408
2024-04-20,290.91853288364257,,0.0
2024-04-21,,,0.19499999284744263
2024-04-22,285.81733558178746,0.7949357295745244,0.05312499776482582
2024-04-23,287.5750758853288,,0.08624999970197678
2024-04-24,,,0.008124999701976776
2024-04-25,,,0.20520833134651184
2024-04-26,,,0.16979166865348816
2024-04-27,,,0.06958332657814026
2024-04-28,,,0.035624999552965164
2024-04-29,,,0.24041666090488434
2024-04-30,,,0.12520833313465118
2024-05-01,,,0.045625001192092896
2024-05-02,287.51492411467115,,0.0
2024-05-03,287.7985666104553,,0.017291665077209473
2024-05-04,,,0.22499999403953552
2024-05-05,,,0.05624999850988388
2024-05-06,,,0.07145833224058151
2024-05-07,,,0.0
2024-05-08,287.00642495784155,0.846062709475333,0.0689583346247673
2024-05-09,294.4221416526138,,0.0
2024-05-10,297.2763743676222,,0.0
2024-05-11,,,0.0
2024-05-12,293.82725126475555,,0.0
2024-05-13,,,0.0
2024-05-14,,,0.00958333257585764
2024-05-15,,,0.0
2024-05-16,,,0.21333332359790802
2024-05-17,,,0.15854166448116302
2024-05-18,,,0.0
2024-05-19,,,0.05145833268761635
2024-05-20,,,0.0
2024-05-21,,,0.700416624546051
2024-05-22,,,0.2227083295583725
2024-05-23,,,0.02645833231508732
2024-05-24,,0.8618720438527808,0.010208332911133766
2024-05-25,,,0.0
2024-05-26,,,0.016458332538604736
2024-05-27,,,0.0
2024-05-28,,,0.21666666865348816
2024-05-29,,,0.0
2024-05-30,,,0.056458331644535065
2024-05-31,285.3372023809524,,0.08500000089406967
2024-06-01,,,0.0572916641831398
2024-06-02,,,0.699791669845581
2024-06-03,,,1.5766665935516357
2024-06-04,,,0.27395832538604736
2024-06-05,,,0.01979166641831398
2024-06-06,281.41158469945356,,0.0
2024-06-07,296.1387521079258,,0.0
2024-06-08,298.026779089376,,0.0
2024-06-09,,0.8615382511093714,0.0
2024-06-10,287.88566610455314,,0.004999999888241291
2024-06-11,,,0.06354166567325592
2024-06-12,,,0.0
2024-06-13,,,0.00020833332382608205
2024-06-14,,,0.02812500111758709
2024-06-15,,,0.07124999910593033
2024-06-16,,,0.00020833332382608205
2024-06-17,,,0.0
2024-06-18,282.24089376053956,,0.0
2024-06-19,295.5285328836424,,0.0
2024-06-20,294.3722259696459,,0.0
2024-06-21,299.6734738617201,,0.0
2024-06-22,,,0.0018749999580904841
2024-06-23,,,0.0
2024-06-24,,,0.002291666576638818
2024-06-25,295.3599662731872,0.8622977290524673,0.0
2024-06-26,,,0.22187499701976776
2024-06-27,,,0.195416659116745
2024-06-28,289.3535413153457,,0.0
2024-06-29,293.48635750421585,,0.02604166604578495
2024-06-30,,,0.1093749925494194
2024-07-01,,,0.012083332985639572
2024-07-02,289.77389544688026,,0.0
2024-07-03,292.98635750421585,,0.0
2024-07-04,296.5402192242833,,0.0
2024-07-05,299.1168465430017,,0.0
2024-07-06,300.6300168634064,,0.0
2024-07-07,300.9256829679596,,0.0
2024-07-08,302.83246205733553,,0.0
2024-07-09,303.03359190556495,,0.0
2024-07-10,299.6004215851602,,0.0
2024-07-11,296.6172006745362,0.847442714695902,0.0
2024-07-12,296.67350758853286,,0.0
2024-07-13,300.205952782462,,0.0
2024-07-14,299.18715008431707,,0.0
2024-07-15,296.3914839797639,,0.0
2024-07-16,299.0677403035413,,0.0
2024-07-17,297.61952782462055,,0.0
2024-07-18,297.5494772344013,,0.10145833343267441
2024-07-19,296.68912310286674,,0.0
2024-07-20,299.6566779089376,,0.0
2024-07-21,,,0.07124999910593033
2024-07-22,,,0.0
2024-07-23,293.9270994940978,,0.0
2024-07-24,293.5152445193929,,0.0
2024-07-25,,,0.0
2024-07-26,293.0240640809443,,0.0
2024-07-27,286.86063492063494,0.8415011067606376,0.0006249999860301614
2024-07-28,292.01219753086417,,0.0
2024-07-29,,,0.18791666626930237
2024-07-30,,,0.007083333563059568
2024-07-31,294.95663384064454,,0.0
2024-08-01,299.60338954468796,,0.0
2024-08-02,,,0.0
2024-08-03,296.92261382799325,,0.0
2024-08-04,298.57193929173684,,0.015625
2024-08-05,297.32460370994943,,0.0
2024-08-06,,,0.0
2024-08-07,295.84504215851604,,0.0
2024-08-08,,,0.0
2024-08-09,295.90009146341464,,0.0
2024-08-10,295.39001686340634,,0.07145833224058151
2024-08-11,293.96475548060704,,0.04791666567325592
2024-08-12,,0.8399679979117728,0.0
2024-08-13,,,0.0
2024-08-14,,,0.0
2024-08-15,,,0.0
2024-08-16,,,0.0
2024-08-17,298.2064755480607,,0.0
2024-08-18,,,0.28145831823349
2024-08-19,291.2906913996627,,0.030416665598750114
2024-08-20,,,0.026666665449738503
2024-08-21,,,0.0364583320915699
2024-08-22,,,0.02604166604578495
2024-08-23,,,1.5641666650772095
2024-08-24,,,0.7258332967758179
2024-08-25,,,0.0
2024-08-26,,,0.07354166358709335
2024-08-27,,,0.21645833551883698
2024-08-28,289.61187183811126,0.8498944192116944,0.0
2024-08-29,295.0290050590219,,0.0
2024-08-30,296.9271838111298,,0.0
2024-08-31,299.8482293423271,,0.0
2024-09-01,300.4160370994941,,0.0
2024-09-02,,,0.08354166150093079
2024-09-03,290.04196078431374,,0.0
2024-09-04,295.34300168634064,,0.0
2024-09-05,301.00824620573354,,0.0
2024-09-06,300.92404721753786,,0.0
2024-09-07,299.1623440134906,,0.0
2024-09-08,,,0.0
2024-09-09,,,0.0
2024-09-10,289.30532212885157,,0.014374999329447746
2024-09-11,,,0.31708332896232605
2024-09-12,,,0.0
2024-09-13,,0.805176966849387,0.015208332799375057
2024-09-14,,,0.33791664242744446
2024-09-15,,,0.0
2024-09-16,289.35888701517706,,0.0
2024-09-17,,,0.0
2024-09-18,,,0.0
2024-09-19,,,0.0
2024-09-20,284.95006745362565,,0.0004166666476521641
2024-09-21,287.53087689713317,,0.0004166666476521641
2024-09-22,,,0.02083333395421505
2024-09-23,,,0.0
2024-09-24,294.9012984822934,,0.0
2024-09-25,,,0.5868749618530273
2024-09-26,,,0.8377082943916321
2024-09-27,,,0.7585416436195374
2024-09-28,287.19458498023715,,0.0006249999860301614
2024-09-29,,0.8118967893500396,0.03749999776482582
2024-09-30,282.0612647554806,,0.0
2024-10-01,,,0.039374999701976776
2024-10-02,281.88,,0.0
2024-10-03,,,0.0
2024-10-04,,,0.5722916722297668
2024-10-05,,,0.0
2024-10-06,288.41453625632374,,0.0
2024-10-07,290.5061382799325,,0.0
2024-10-08,,,0.07333333045244217
2024-10-09,,,0.03729166463017464
2024-10-10,283.8825463743676,,0.0
2024-10-11,,,0.00416666641831398
2024-10-12,291.59593591905565,,0.0
2024-10-13,,,0.0
2024-10-14,,,0.0
2024-10-15,,0.2662774210388934,0.07041666656732559
2024-10-16,,,0.07312499731779099
2024-10-17,,,0.5370833277702332
2024-10-18,,,0.04583333060145378
2024-10-19,,,0.8052083253860474
2024-10-20,,,1.6635416746139526
2024-10-21,,,0.1277083307504654
2024-10-22,282.26615058324495,,0.0
2024-10-23,,,0.0
2024-10-24,280.7,,0.0
2024-10-25,,,0.007708333432674408
2024-10-26,,,0.48249998688697815
2024-10-27,,,3.0529165267944336
2024-10-28,,,0.10958333313465118
2024-10-29,,,0.0
2024-10-30,,,0.12999999523162842
2024-10-31,,0.6423088593056647,0.005833333358168602
2024-11-01,,,0.453125
2024-11-02,,,0.1743749976158142
2024-11-03,,,0.008541666902601719
2024-11-04,,,1.668958306312561
2024-11-05,,,0.10833333432674408
2024-11-06,279.21306913996625,,0.6237499713897705
2024-11-07,281.47756013745703,,0.00416666641831398
2024-11-08,,,0.00020833332382608205
2024-11-09,,,0.18062499165534973
2024-11-10,,,0.03020833246409893
2024-11-11,,,0.7527083158493042
2024-11-12,270.64,,0.16312499344348907
2024-11-13,,,0.6489583253860474
2024-11-14,,,0.4399999976158142
2024-11-15,,,0.022083332762122154
2024-11-16,,0.5776796397807364,0.18979166448116302
2024-11-17,,,2.239166498184204
2024-11-18,,,0.23250000178813934
2024-11-19,,,0.043958332389593124
2024-11-20,,,0.40708333253860474
2024-11-21,,,0.1525000035762787
2024-11-22,,,0.5475000143051147
2024-11-23,274.1315296367112,,0.004583333153277636
2024-11-24,,,0.03999999910593033
2024-11-25,,,0.08749999850988388
2024-11-26,,,0.02708333358168602
2024-11-27,,,0.26374998688697815
2024-11-28,,,0.016249999403953552
2024-11-29,,,0.06666666269302368
2024-11-30,275.12,,0.07625000178813934
2024-12-01,275.60602023608766,,0.16958333551883698
2024-12-02,278.497892074199,0.7642598903680505,0.0
2024-12-03,279.2309443507588,,0.0
2024-12-04,281.4939629005059,,0.0
2024-12-05,,,0.07145833224058151
2024-12-06,,,0.041875001043081284
2024-12-07,,,4.922708034515381
2024-12-08,,,0.24979166686534882
2024-12-09,274.888347386172,,0.031458333134651184
2024-12-10,271.98,,0.003124999813735485
2024-12-11,,,0.01708333194255829
2024-12-12,,,0.0
2024-12-13,,,0.018958333879709244
2024-12-14,,,0.20416666567325592
2024-12-15,,,0.032499998807907104
2024-12-16,,,0.06104166433215141
2024-12-17,,,0.7249999642372131
2024-12-18,,0.6056593526494392,3.431666612625122
2024-12-19,,,0.036249998956918716
2024-12-20,,,0.12187499552965164
2024-12-21,,,0.2841666638851166
2024-12-22,,,0.1472916603088379
2024-12-23,279.14,,0.042916666716337204
2024-12-24,,,0.7185416221618652
2024-12-25,,,0.0677083358168602
2024-12-26,,,0.5139583349227905
2024-12-27,,,0.062291666865348816
2024-12-28,,,0.34166666865348816
2024-12-29,,,0.11604166030883789
2024-12-30,,,0.07479166239500046
2024-12-31,274.14972871842843,,0.0018749999580904841
